datetime,temperature_f,humidity_pct,dew_point_f,precipitation_in,pressure_msl_hpa,wind_speed_mph,wind_gust_mph,weather_code,date,hour
2022-01-01 00:00:00,73.8,87,69.9,0.0,1007.6,12.3,22.1,3,2022-01-01,0
2022-01-01 01:00:00,73.5,90,70.3,0.0,1006.9,12.7,22.6,3,2022-01-01,1
2022-01-01 02:00:00,72.9,92,70.3,0.0,1006.3,13.3,23.5,3,2022-01-01,2
2022-01-01 03:00:00,72.9,91,70.2,0.0,1005.9,14.2,25.1,3,2022-01-01,3
2022-01-01 04:00:00,73.0,90,69.9,0.0,1005.4,14.1,25.7,3,2022-01-01,4
2022-01-01 05:00:00,73.1,89,69.7,0.0,1005.4,13.7,25.1,3,2022-01-01,5
2022-01-01 06:00:00,72.9,89,69.6,0.004,1005.7,13.1,24.2,51,2022-01-01,6
2022-01-01 07:00:00,73.3,89,69.7,0.004,1005.3,12.4,23.5,51,2022-01-01,7
2022-01-01 08:00:00,73.8,87,69.7,0.004,1005.5,12.2,22.1,51,2022-01-01,8
2022-01-01 09:00:00,73.9,86,69.3,0.004,1005.9,12.8,22.4,51,2022-01-01,9
2022-01-01 10:00:00,75.0,84,69.7,0.004,1006.5,12.7,24.4,51,2022-01-01,10
2022-01-01 11:00:00,75.7,81,69.3,0.012,1007.2,16.3,28.4,51,2022-01-01,11
2022-01-01 12:00:00,77.8,77,70.0,0.012,1006.5,19.3,33.8,51,2022-01-01,12
2022-01-01 13:00:00,80.0,71,69.7,0.012,1005.5,18.2,34.2,51,2022-01-01,13
2022-01-01 14:00:00,82.0,65,69.0,0.004,1004.4,14.5,33.1,51,2022-01-01,14
2022-01-01 15:00:00,82.8,60,67.7,0.0,1003.9,12.3,27.1,3,2022-01-01,15
2022-01-01 16:00:00,82.7,57,65.8,0.0,1003.7,10.5,23.3,2,2022-01-01,16
2022-01-01 17:00:00,82.0,57,65.1,0.0,1003.9,7.2,19.5,0,2022-01-01,17
2022-01-01 18:00:00,78.7,67,66.7,0.0,1004.6,3.6,12.5,3,2022-01-01,18
2022-01-01 19:00:00,73.6,83,68.0,0.0,1005.1,4.5,7.2,3,2022-01-01,19
2022-01-01 20:00:00,73.3,81,67.3,0.0,1005.7,4.0,5.1,3,2022-01-01,20
2022-01-01 21:00:00,73.2,81,66.9,0.0,1006.4,1.4,5.1,3,2022-01-01,21
2022-01-01 22:00:00,73.0,83,67.6,0.0,1007.4,1.5,2.9,3,2022-01-01,22
2022-01-01 23:00:00,70.7,89,67.5,0.0,1007.9,3.0,2.7,3,2022-01-01,23
2022-01-02 00:00:00,70.2,80,63.8,0.0,1008.8,7.4,10.1,3,2022-01-02,0
2022-01-02 01:00:00,61.4,72,52.2,0.0,1010.4,17.2,30.2,2,2022-01-02,1
2022-01-02 02:00:00,50.6,65,39.4,0.0,1012.2,17.6,32.9,2,2022-01-02,2
2022-01-02 03:00:00,45.6,59,31.9,0.0,1014.0,18.5,34.2,3,2022-01-02,3
2022-01-02 04:00:00,43.2,58,29.5,0.0,1015.4,18.2,34.7,3,2022-01-02,4
2022-01-02 05:00:00,41.9,56,27.3,0.0,1017.1,16.3,32.9,3,2022-01-02,5
2022-01-02 06:00:00,40.5,57,26.6,0.0,1018.5,15.5,30.0,3,2022-01-02,6
2022-01-02 07:00:00,37.8,74,30.4,0.012,1019.6,15.5,28.6,51,2022-01-02,7
2022-01-02 08:00:00,36.0,80,30.6,0.008,1021.2,17.1,30.0,51,2022-01-02,8
2022-01-02 09:00:00,33.1,73,25.2,0.0,1023.1,16.7,32.4,3,2022-01-02,9
2022-01-02 10:00:00,31.0,57,17.6,0.0,1025.1,18.1,33.6,3,2022-01-02,10
2022-01-02 11:00:00,32.4,49,15.3,0.0,1026.4,18.4,35.3,0,2022-01-02,11
2022-01-02 12:00:00,34.7,45,15.4,0.0,1026.9,17.4,34.9,0,2022-01-02,12
2022-01-02 13:00:00,36.7,42,15.6,0.0,1026.8,18.1,34.9,0,2022-01-02,13
2022-01-02 14:00:00,38.5,41,16.5,0.0,1026.5,18.3,36.0,0,2022-01-02,14
2022-01-02 15:00:00,39.4,41,17.4,0.0,1026.5,18.0,35.3,0,2022-01-02,15
2022-01-02 16:00:00,39.9,42,18.5,0.0,1026.6,17.7,35.1,0,2022-01-02,16
2022-01-02 17:00:00,41.9,42,20.2,0.0,1026.4,15.4,33.1,0,2022-01-02,17
2022-01-02 18:00:00,40.5,45,20.6,0.0,1027.3,13.4,31.1,0,2022-01-02,18
2022-01-02 19:00:00,38.5,49,21.2,0.0,1029.6,11.1,24.2,0,2022-01-02,19
2022-01-02 20:00:00,38.7,50,21.6,0.0,1030.1,10.0,19.7,0,2022-01-02,20
2022-01-02 21:00:00,38.4,51,21.6,0.0,1030.9,10.0,17.7,0,2022-01-02,21
2022-01-02 22:00:00,37.7,52,21.7,0.0,1031.7,10.8,19.2,0,2022-01-02,22
2022-01-02 23:00:00,37.0,53,21.3,0.0,1032.1,9.4,19.0,0,2022-01-02,23
2022-01-03 00:00:00,36.1,55,21.4,0.0,1032.3,8.6,16.3,0,2022-01-03,0
2022-01-03 01:00:00,35.5,56,21.5,0.0,1032.1,8.1,14.8,0,2022-01-03,1
2022-01-03 02:00:00,34.8,57,21.3,0.0,1031.9,7.3,13.9,0,2022-01-03,2
2022-01-03 03:00:00,34.1,58,20.8,0.0,1032.0,6.9,12.8,0,2022-01-03,3
2022-01-03 04:00:00,33.3,59,20.4,0.0,1032.0,6.5,11.6,0,2022-01-03,4
2022-01-03 05:00:00,32.6,59,20.0,0.0,1031.9,5.4,11.0,0,2022-01-03,5
2022-01-03 06:00:00,31.8,61,19.9,0.0,1032.1,4.5,8.9,0,2022-01-03,6
2022-01-03 07:00:00,31.5,63,20.3,0.0,1033.1,4.5,7.4,0,2022-01-03,7
2022-01-03 08:00:00,29.8,67,20.4,0.0,1033.6,4.1,7.2,0,2022-01-03,8
2022-01-03 09:00:00,31.6,65,21.1,0.0,1034.2,6.3,9.8,0,2022-01-03,9
2022-01-03 10:00:00,36.2,56,22.0,0.0,1034.8,4.9,11.2,0,2022-01-03,10
2022-01-03 11:00:00,40.0,48,21.9,0.0,1035.4,4.5,12.1,0,2022-01-03,11
2022-01-03 12:00:00,43.1,42,21.7,0.0,1034.6,3.4,11.9,0,2022-01-03,12
2022-01-03 13:00:00,45.8,39,21.9,0.0,1033.2,2.8,11.0,0,2022-01-03,13
2022-01-03 14:00:00,47.9,37,22.8,0.0,1031.4,2.7,10.5,0,2022-01-03,14
2022-01-03 15:00:00,49.5,35,23.2,0.0,1030.4,2.4,10.3,0,2022-01-03,15
2022-01-03 16:00:00,50.2,35,23.8,0.0,1029.8,1.7,9.4,0,2022-01-03,16
2022-01-03 17:00:00,50.1,35,23.5,0.0,1029.6,1.7,8.1,0,2022-01-03,17
2022-01-03 18:00:00,48.4,52,31.7,0.0,1029.5,2.0,6.5,0,2022-01-03,18
2022-01-03 19:00:00,48.7,39,25.0,0.0,1029.4,2.3,3.4,0,2022-01-03,19
2022-01-03 20:00:00,47.1,42,25.4,0.0,1029.1,2.4,2.9,0,2022-01-03,20
2022-01-03 21:00:00,41.7,60,28.9,0.0,1029.2,4.8,5.1,0,2022-01-03,21
2022-01-03 22:00:00,39.1,74,31.5,0.0,1029.4,5.8,6.5,0,2022-01-03,22
2022-01-03 23:00:00,38.8,77,32.1,0.0,1028.8,5.7,6.5,0,2022-01-03,23
2022-01-04 00:00:00,38.8,74,31.4,0.0,1028.4,5.1,6.3,1,2022-01-04,0
2022-01-04 01:00:00,38.7,73,30.6,0.0,1027.9,4.5,5.8,2,2022-01-04,1
2022-01-04 02:00:00,38.3,72,29.9,0.0,1027.1,3.9,5.1,2,2022-01-04,2
2022-01-04 03:00:00,35.4,78,29.3,0.0,1026.6,4.4,5.1,3,2022-01-04,3
2022-01-04 04:00:00,35.3,79,29.4,0.0,1026.4,4.1,5.1,3,2022-01-04,4
2022-01-04 05:00:00,37.4,70,28.6,0.0,1026.1,2.1,4.7,3,2022-01-04,5
2022-01-04 06:00:00,38.7,72,30.3,0.0,1025.3,3.7,4.9,3,2022-01-04,6
2022-01-04 07:00:00,39.0,70,30.1,0.0,1025.7,2.2,4.0,0,2022-01-04,7
2022-01-04 08:00:00,36.3,81,31.2,0.0,1025.2,4.4,6.5,0,2022-01-04,8
2022-01-04 09:00:00,39.2,79,33.2,0.0,1025.6,2.6,6.9,0,2022-01-04,9
2022-01-04 10:00:00,45.6,67,35.2,0.0,1025.8,2.9,7.4,0,2022-01-04,10
2022-01-04 11:00:00,51.2,52,34.3,0.0,1025.5,4.2,10.5,0,2022-01-04,11
2022-01-04 12:00:00,55.4,53,38.5,0.0,1024.7,6.1,13.9,0,2022-01-04,12
2022-01-04 13:00:00,58.2,57,42.9,0.0,1023.0,7.8,17.2,0,2022-01-04,13
2022-01-04 14:00:00,60.2,56,44.5,0.0,1021.1,8.1,17.9,0,2022-01-04,14
2022-01-04 15:00:00,62.1,54,45.3,0.0,1019.8,9.7,19.7,0,2022-01-04,15
2022-01-04 16:00:00,62.8,52,45.1,0.0,1018.7,10.7,21.0,0,2022-01-04,16
2022-01-04 17:00:00,64.2,48,43.9,0.0,1018.0,10.7,23.0,2,2022-01-04,17
2022-01-04 18:00:00,62.4,52,44.7,0.0,1017.6,7.4,19.0,0,2022-01-04,18
2022-01-04 19:00:00,59.9,65,47.9,0.0,1017.1,9.4,14.1,0,2022-01-04,19
2022-01-04 20:00:00,58.3,67,47.5,0.0,1016.8,9.9,17.4,0,2022-01-04,20
2022-01-04 21:00:00,56.8,73,48.4,0.0,1016.8,11.0,18.6,0,2022-01-04,21
2022-01-04 22:00:00,56.6,78,49.8,0.0,1016.7,9.7,18.8,0,2022-01-04,22
2022-01-04 23:00:00,55.6,84,50.8,0.0,1016.7,7.8,16.3,0,2022-01-04,23
2022-01-05 00:00:00,54.6,89,51.3,0.0,1016.8,6.2,13.0,0,2022-01-05,0
2022-01-05 01:00:00,54.0,91,51.5,0.0,1016.4,5.9,10.1,0,2022-01-05,1
2022-01-05 02:00:00,53.5,93,51.5,0.0,1016.0,5.3,9.6,0,2022-01-05,2
2022-01-05 03:00:00,53.5,94,51.8,0.0,1015.5,5.7,8.9,0,2022-01-05,3
2022-01-05 04:00:00,53.2,95,51.8,0.0,1015.0,5.0,9.4,0,2022-01-05,4
2022-01-05 05:00:00,51.9,96,50.9,0.0,1014.7,4.5,7.8,0,2022-01-05,5
2022-01-05 06:00:00,52.2,97,51.4,0.0,1014.4,4.4,6.9,0,2022-01-05,6
2022-01-05 07:00:00,54.2,97,53.3,0.0,1014.4,5.2,7.6,0,2022-01-05,7
2022-01-05 08:00:00,52.2,99,51.8,0.0,1014.6,4.9,7.8,0,2022-01-05,8
2022-01-05 09:00:00,53.4,97,52.7,0.0,1014.8,5.0,6.9,0,2022-01-05,9
2022-01-05 10:00:00,58.3,91,55.6,0.0,1015.3,5.5,10.3,0,2022-01-05,10
2022-01-05 11:00:00,62.6,84,57.8,0.0,1015.6,5.1,11.4,0,2022-01-05,11
2022-01-05 12:00:00,66.7,75,58.5,0.0,1015.1,6.5,14.5,0,2022-01-05,12
2022-01-05 13:00:00,70.1,68,58.9,0.0,1014.0,6.9,15.2,0,2022-01-05,13
2022-01-05 14:00:00,72.3,60,57.7,0.0,1012.4,9.1,18.6,0,2022-01-05,14
2022-01-05 15:00:00,73.8,54,56.0,0.0,1011.4,10.7,20.8,0,2022-01-05,15
2022-01-05 16:00:00,74.0,53,55.7,0.0,1010.8,11.1,21.5,1,2022-01-05,16
2022-01-05 17:00:00,73.5,52,55.0,0.0,1010.7,10.0,21.0,1,2022-01-05,17
2022-01-05 18:00:00,70.9,59,55.8,0.0,1010.7,7.2,17.7,1,2022-01-05,18
2022-01-05 19:00:00,66.8,72,57.4,0.0,1010.9,6.4,12.3,1,2022-01-05,19
2022-01-05 20:00:00,64.4,87,60.5,0.0,1011.4,8.2,13.9,1,2022-01-05,20
2022-01-05 21:00:00,62.9,95,61.3,0.0,1012.0,7.3,14.1,1,2022-01-05,21
2022-01-05 22:00:00,62.3,95,60.8,0.0,1012.1,7.0,12.3,2,2022-01-05,22
2022-01-05 23:00:00,62.2,95,60.8,0.0,1012.2,5.8,11.6,3,2022-01-05,23
2022-01-06 00:00:00,62.7,95,61.2,0.0,1012.3,5.9,9.8,3,2022-01-06,0
2022-01-06 01:00:00,62.9,94,61.2,0.0,1012.2,6.2,10.1,3,2022-01-06,1
2022-01-06 02:00:00,63.2,94,61.4,0.0,1011.7,6.3,11.0,3,2022-01-06,2
2022-01-06 03:00:00,63.3,95,61.8,0.0,1011.6,4.7,10.3,3,2022-01-06,3
2022-01-06 04:00:00,62.1,97,61.3,0.0,1011.6,4.0,7.4,3,2022-01-06,4
2022-01-06 05:00:00,62.7,98,62.2,0.0,1011.7,3.0,7.2,3,2022-01-06,5
2022-01-06 06:00:00,62.7,99,62.4,0.0,1012.0,3.2,4.7,3,2022-01-06,6
2022-01-06 07:00:00,62.3,99,62.0,0.004,1012.3,3.3,6.9,51,2022-01-06,7
2022-01-06 08:00:00,62.1,97,61.2,0.0,1012.8,2.8,5.4,3,2022-01-06,8
2022-01-06 09:00:00,62.2,94,60.3,0.0,1013.4,4.0,6.3,3,2022-01-06,9
2022-01-06 10:00:00,63.0,89,59.6,0.0,1014.4,5.2,9.2,3,2022-01-06,10
2022-01-06 11:00:00,62.7,80,56.5,0.0,1015.3,6.5,13.4,3,2022-01-06,11
2022-01-06 12:00:00,62.7,63,49.8,0.0,1016.5,9.4,17.4,3,2022-01-06,12
2022-01-06 13:00:00,64.8,44,42.3,0.0,1016.4,10.1,19.0,0,2022-01-06,13
2022-01-06 14:00:00,66.6,37,39.7,0.0,1015.6,10.4,22.4,0,2022-01-06,14
2022-01-06 15:00:00,66.7,37,39.7,0.0,1015.6,11.2,21.9,0,2022-01-06,15
2022-01-06 16:00:00,65.3,40,40.5,0.0,1016.2,12.7,24.2,0,2022-01-06,16
2022-01-06 17:00:00,62.8,46,41.5,0.0,1016.7,12.2,24.2,0,2022-01-06,17
2022-01-06 18:00:00,60.0,52,42.2,0.0,1017.1,9.3,22.4,0,2022-01-06,18
2022-01-06 19:00:00,56.0,56,40.5,0.0,1017.8,10.6,16.6,0,2022-01-06,19
2022-01-06 20:00:00,52.7,55,37.0,0.0,1019.0,11.8,20.8,0,2022-01-06,20
2022-01-06 21:00:00,50.1,52,33.2,0.0,1020.0,11.9,21.5,0,2022-01-06,21
2022-01-06 22:00:00,48.3,52,31.6,0.0,1020.6,10.2,21.0,0,2022-01-06,22
2022-01-06 23:00:00,47.8,57,33.3,0.0,1021.3,8.5,17.7,0,2022-01-06,23
2022-01-07 00:00:00,47.4,67,37.1,0.0,1022.0,8.4,14.8,0,2022-01-07,0
2022-01-07 01:00:00,45.9,70,36.6,0.0,1022.3,9.9,17.2,0,2022-01-07,1
2022-01-07 02:00:00,44.1,70,34.9,0.0,1022.5,9.0,17.4,0,2022-01-07,2
2022-01-07 03:00:00,42.8,71,34.1,0.0,1022.7,8.5,15.7,0,2022-01-07,3
2022-01-07 04:00:00,42.0,72,33.5,0.0,1023.0,8.2,14.8,0,2022-01-07,4
2022-01-07 05:00:00,41.3,72,33.1,0.0,1023.0,7.5,14.1,0,2022-01-07,5
2022-01-07 06:00:00,40.5,74,32.8,0.0,1022.9,6.8,13.0,0,2022-01-07,6
2022-01-07 07:00:00,37.4,84,32.9,0.0,1023.7,6.5,11.9,0,2022-01-07,7
2022-01-07 08:00:00,37.1,84,32.6,0.0,1024.0,6.4,13.9,0,2022-01-07,8
2022-01-07 09:00:00,38.2,80,32.5,0.0,1024.4,7.1,14.3,0,2022-01-07,9
2022-01-07 10:00:00,41.1,71,32.5,0.0,1025.1,7.3,15.4,0,2022-01-07,10
2022-01-07 11:00:00,44.3,65,33.3,0.0,1025.7,6.9,15.9,0,2022-01-07,11
2022-01-07 12:00:00,47.7,60,34.2,0.0,1025.3,6.3,15.9,0,2022-01-07,12
2022-01-07 13:00:00,50.9,56,35.8,0.0,1024.3,5.9,15.4,0,2022-01-07,13
2022-01-07 14:00:00,53.5,54,37.3,0.0,1022.9,5.9,15.2,0,2022-01-07,14
2022-01-07 15:00:00,55.2,54,38.7,0.0,1021.6,6.3,15.2,1,2022-01-07,15
2022-01-07 16:00:00,55.9,54,39.4,0.0,1021.3,6.2,15.4,3,2022-01-07,16
2022-01-07 17:00:00,55.5,56,40.1,0.0,1021.3,7.2,15.0,3,2022-01-07,17
2022-01-07 18:00:00,54.7,59,40.6,0.0,1021.0,7.2,14.8,3,2022-01-07,18
2022-01-07 19:00:00,50.1,65,38.8,0.0,1021.3,7.7,14.1,3,2022-01-07,19
2022-01-07 20:00:00,50.0,66,39.2,0.0,1021.2,8.1,14.8,3,2022-01-07,20
2022-01-07 21:00:00,49.6,69,39.9,0.0,1021.1,9.0,16.6,3,2022-01-07,21
2022-01-07 22:00:00,49.3,73,41.0,0.0,1021.2,8.3,16.6,3,2022-01-07,22
2022-01-07 23:00:00,49.3,76,42.1,0.0,1021.0,7.9,15.2,3,2022-01-07,23
2022-01-08 00:00:00,49.2,78,42.6,0.0,1020.8,7.2,14.5,2,2022-01-08,0
2022-01-08 01:00:00,49.4,80,43.5,0.0,1020.4,8.5,14.5,3,2022-01-08,1
2022-01-08 02:00:00,51.1,78,44.3,0.0,1019.9,8.4,14.5,3,2022-01-08,2
2022-01-08 03:00:00,52.4,82,47.0,0.0,1018.8,10.9,19.2,3,2022-01-08,3
2022-01-08 04:00:00,54.6,85,50.3,0.0,1018.1,10.6,19.5,3,2022-01-08,4
2022-01-08 05:00:00,55.7,91,53.0,0.0,1017.6,10.1,18.3,3,2022-01-08,5
2022-01-08 06:00:00,58.3,91,55.6,0.0,1017.4,9.3,17.4,3,2022-01-08,6
2022-01-08 07:00:00,59.5,94,57.7,0.004,1017.6,13.3,17.9,51,2022-01-08,7
2022-01-08 08:00:00,61.8,97,60.8,0.0,1017.4,10.7,23.3,3,2022-01-08,8
2022-01-08 09:00:00,63.6,94,61.7,0.024,1017.7,10.6,21.3,53,2022-01-08,9
2022-01-08 10:00:00,62.8,96,61.7,0.13,1018.6,5.9,19.9,63,2022-01-08,10
2022-01-08 11:00:00,64.0,94,62.4,0.008,1018.6,8.4,14.3,51,2022-01-08,11
2022-01-08 12:00:00,67.4,90,64.5,0.0,1018.4,4.1,14.1,3,2022-01-08,12
2022-01-08 13:00:00,70.3,85,65.5,0.004,1017.3,12.5,19.5,51,2022-01-08,13
2022-01-08 14:00:00,69.6,86,65.1,0.0,1016.0,15.9,27.5,3,2022-01-08,14
2022-01-08 15:00:00,69.3,86,64.8,0.004,1015.4,13.5,28.2,51,2022-01-08,15
2022-01-08 16:00:00,69.9,87,65.8,0.004,1015.0,12.2,23.9,51,2022-01-08,16
2022-01-08 17:00:00,69.6,90,66.6,0.0,1015.7,8.2,22.8,3,2022-01-08,17
2022-01-08 18:00:00,70.5,89,67.2,0.0,1016.3,9.5,16.6,3,2022-01-08,18
2022-01-08 19:00:00,65.5,92,63.1,0.0,1016.5,10.2,16.6,3,2022-01-08,19
2022-01-08 20:00:00,64.7,94,62.8,0.079,1016.7,10.6,21.0,61,2022-01-08,20
2022-01-08 21:00:00,64.0,96,62.8,0.205,1017.6,7.4,21.7,63,2022-01-08,21
2022-01-08 22:00:00,64.0,97,63.1,0.551,1018.0,7.8,16.8,65,2022-01-08,22
2022-01-08 23:00:00,64.7,97,63.9,0.157,1018.2,15.3,26.2,63,2022-01-08,23
2022-01-09 00:00:00,64.8,96,63.7,0.421,1018.7,12.6,30.4,65,2022-01-09,0
2022-01-09 01:00:00,65.3,94,63.4,0.591,1018.7,11.2,23.7,65,2022-01-09,1
2022-01-09 02:00:00,65.3,92,62.9,0.004,1017.9,16.4,28.2,51,2022-01-09,2
2022-01-09 03:00:00,65.8,88,62.2,0.004,1017.1,20.0,34.4,51,2022-01-09,3
2022-01-09 04:00:00,65.9,88,62.3,0.0,1017.5,15.1,34.9,3,2022-01-09,4
2022-01-09 05:00:00,65.9,90,62.8,0.0,1018.0,9.9,25.9,3,2022-01-09,5
2022-01-09 06:00:00,65.1,92,62.9,0.0,1018.4,6.5,16.3,3,2022-01-09,6
2022-01-09 07:00:00,62.4,95,61.0,0.0,1018.9,4.7,10.5,3,2022-01-09,7
2022-01-09 08:00:00,63.8,96,62.6,0.051,1020.6,8.4,19.7,61,2022-01-09,8
2022-01-09 09:00:00,63.4,98,62.8,0.134,1021.9,7.2,17.4,63,2022-01-09,9
2022-01-09 10:00:00,64.6,94,62.8,0.043,1021.8,12.3,20.6,55,2022-01-09,10
2022-01-09 11:00:00,66.6,92,64.0,0.0,1022.2,9.3,22.1,3,2022-01-09,11
2022-01-09 12:00:00,70.2,85,65.4,0.0,1023.1,6.3,15.7,3,2022-01-09,12
2022-01-09 13:00:00,69.3,87,65.2,0.004,1022.3,7.9,15.0,51,2022-01-09,13
2022-01-09 14:00:00,69.3,84,64.4,0.004,1021.7,7.8,17.0,51,2022-01-09,14
2022-01-09 15:00:00,70.2,80,63.7,0.0,1021.7,5.4,15.2,3,2022-01-09,15
2022-01-09 16:00:00,71.6,73,62.3,0.0,1021.6,8.2,15.9,3,2022-01-09,16
2022-01-09 17:00:00,70.9,62,57.4,0.0,1021.8,9.8,17.9,3,2022-01-09,17
2022-01-09 18:00:00,67.0,59,52.1,0.0,1022.8,9.9,18.6,3,2022-01-09,18
2022-01-09 19:00:00,60.4,73,51.7,0.0,1025.2,12.8,19.2,3,2022-01-09,19
2022-01-09 20:00:00,58.5,78,51.6,0.0,1026.5,10.5,22.8,3,2022-01-09,20
2022-01-09 21:00:00,56.3,78,49.5,0.0,1027.1,12.0,21.7,1,2022-01-09,21
2022-01-09 22:00:00,54.6,77,47.7,0.0,1027.5,13.0,23.5,1,2022-01-09,22
2022-01-09 23:00:00,54.2,78,47.7,0.0,1028.0,12.8,22.6,3,2022-01-09,23
2022-01-10 00:00:00,55.0,78,48.2,0.0,1028.0,15.0,26.4,3,2022-01-10,0
2022-01-10 01:00:00,55.3,76,47.9,0.0,1028.6,8.7,26.2,3,2022-01-10,1
2022-01-10 02:00:00,55.4,75,47.8,0.0,1028.3,9.3,16.6,3,2022-01-10,2
2022-01-10 03:00:00,55.4,76,47.9,0.0,1028.9,13.0,24.4,3,2022-01-10,3
2022-01-10 04:00:00,55.0,70,45.3,0.0,1029.3,14.1,24.4,3,2022-01-10,4
2022-01-10 05:00:00,52.3,59,38.6,0.0,1030.2,13.7,26.4,0,2022-01-10,5
2022-01-10 06:00:00,50.0,56,34.7,0.0,1031.3,12.3,23.9,3,2022-01-10,6
2022-01-10 07:00:00,49.0,61,36.2,0.0,1032.2,10.7,21.9,3,2022-01-10,7
2022-01-10 08:00:00,47.3,57,32.6,0.0,1033.2,11.4,20.1,1,2022-01-10,8
2022-01-10 09:00:00,46.3,52,29.8,0.0,1033.9,12.3,21.5,2,2022-01-10,9
2022-01-10 10:00:00,46.9,48,28.2,0.0,1034.9,12.3,22.8,2,2022-01-10,10
2022-01-10 11:00:00,48.8,47,29.3,0.0,1035.6,11.3,22.6,3,2022-01-10,11
2022-01-10 12:00:00,51.6,44,30.2,0.0,1035.7,10.4,22.1,3,2022-01-10,12
2022-01-10 13:00:00,54.1,40,30.6,0.0,1035.0,10.9,21.9,3,2022-01-10,13
2022-01-10 14:00:00,56.0,37,29.8,0.0,1033.7,12.2,23.9,3,2022-01-10,14
2022-01-10 15:00:00,57.0,33,28.3,0.0,1033.1,12.0,24.2,3,2022-01-10,15
2022-01-10 16:00:00,57.1,32,27.7,0.0,1032.5,11.8,23.5,3,2022-01-10,16
2022-01-10 17:00:00,56.5,32,27.0,0.0,1032.6,10.9,22.6,3,2022-01-10,17
2022-01-10 18:00:00,54.6,36,28.0,0.0,1033.2,7.9,19.7,0,2022-01-10,18
2022-01-10 19:00:00,51.5,33,23.3,0.0,1033.5,8.1,13.9,0,2022-01-10,19
2022-01-10 20:00:00,50.1,34,22.5,0.0,1034.1,8.5,14.5,0,2022-01-10,20
2022-01-10 21:00:00,48.8,34,21.9,0.0,1034.8,8.6,15.0,0,2022-01-10,21
2022-01-10 22:00:00,47.6,35,21.3,0.0,1035.3,7.9,15.0,0,2022-01-10,22
2022-01-10 23:00:00,46.3,36,21.0,0.0,1035.6,7.9,13.6,0,2022-01-10,23
2022-01-11 00:00:00,45.2,38,20.9,0.0,1035.6,7.4,13.2,0,2022-01-11,0
2022-01-11 01:00:00,44.1,41,21.6,0.0,1035.3,6.9,12.5,1,2022-01-11,1
2022-01-11 02:00:00,43.1,43,22.0,0.0,1034.8,6.9,11.6,0,2022-01-11,2
2022-01-11 03:00:00,42.3,45,22.5,0.0,1034.4,6.3,11.4,0,2022-01-11,3
2022-01-11 04:00:00,41.6,47,23.0,0.0,1034.2,6.1,10.3,0,2022-01-11,4
2022-01-11 05:00:00,41.1,49,23.4,0.0,1034.2,6.4,10.5,0,2022-01-11,5
2022-01-11 06:00:00,40.6,50,23.5,0.0,1034.1,7.1,11.6,0,2022-01-11,6
2022-01-11 07:00:00,40.2,54,24.8,0.0,1034.9,5.6,12.3,3,2022-01-11,7
2022-01-11 08:00:00,39.3,57,25.2,0.0,1035.2,5.4,9.4,3,2022-01-11,8
2022-01-11 09:00:00,40.6,58,27.0,0.0,1035.3,6.8,10.7,3,2022-01-11,9
2022-01-11 10:00:00,44.5,57,30.4,0.0,1035.4,6.5,12.3,3,2022-01-11,10
2022-01-11 11:00:00,48.5,48,29.7,0.0,1035.9,6.8,14.5,2,2022-01-11,11
2022-01-11 12:00:00,51.9,42,29.4,0.0,1035.4,7.6,16.3,3,2022-01-11,12
2022-01-11 13:00:00,53.9,39,29.7,0.0,1034.1,8.3,17.2,3,2022-01-11,13
2022-01-11 14:00:00,55.9,38,30.6,0.0,1033.0,6.4,17.4,3,2022-01-11,14
2022-01-11 15:00:00,56.2,38,30.6,0.0,1032.5,4.6,14.3,3,2022-01-11,15
2022-01-11 16:00:00,55.3,39,30.8,0.0,1031.8,3.6,11.0,3,2022-01-11,16
2022-01-11 17:00:00,54.2,47,34.2,0.004,1031.4,3.7,7.4,51,2022-01-11,17
2022-01-11 18:00:00,53.0,51,35.5,0.0,1031.2,3.4,6.0,3,2022-01-11,18
2022-01-11 19:00:00,52.4,52,35.4,0.02,1030.9,2.8,11.0,53,2022-01-11,19
2022-01-11 20:00:00,51.3,63,39.1,0.028,1031.1,4.6,6.0,53,2022-01-11,20
2022-01-11 21:00:00,49.0,78,42.3,0.024,1031.1,6.5,10.7,53,2022-01-11,21
2022-01-11 22:00:00,46.8,87,43.1,0.008,1031.4,6.9,11.9,51,2022-01-11,22
2022-01-11 23:00:00,45.3,90,42.5,0.0,1031.0,5.0,11.6,3,2022-01-11,23
2022-01-12 00:00:00,44.3,91,41.8,0.0,1030.7,4.6,8.3,3,2022-01-12,0
2022-01-12 01:00:00,46.5,89,43.4,0.0,1030.4,1.1,5.1,3,2022-01-12,1
2022-01-12 02:00:00,47.0,88,43.8,0.016,1029.9,1.6,3.1,51,2022-01-12,2
2022-01-12 03:00:00,47.1,90,44.4,0.0,1029.4,0.4,3.6,3,2022-01-12,3
2022-01-12 04:00:00,47.2,95,46.0,0.0,1028.9,2.5,4.3,3,2022-01-12,4
2022-01-12 05:00:00,47.4,97,46.6,0.0,1028.1,2.6,4.7,3,2022-01-12,5
2022-01-12 06:00:00,47.8,97,46.8,0.0,1028.1,2.7,4.5,3,2022-01-12,6
2022-01-12 07:00:00,48.2,78,41.6,0.0,1027.7,3.9,5.1,3,2022-01-12,7
2022-01-12 08:00:00,48.7,74,40.7,0.0,1027.8,3.1,6.5,3,2022-01-12,8
2022-01-12 09:00:00,49.0,74,41.0,0.0,1028.3,4.0,6.7,3,2022-01-12,9
2022-01-12 10:00:00,49.9,72,41.4,0.0,1028.9,3.5,7.2,3,2022-01-12,10
2022-01-12 11:00:00,50.9,71,41.7,0.0,1029.1,3.4,7.4,3,2022-01-12,11
2022-01-12 12:00:00,52.3,68,42.1,0.0,1028.9,2.7,7.6,3,2022-01-12,12
2022-01-12 13:00:00,55.2,58,40.5,0.0,1027.5,2.9,8.7,3,2022-01-12,13
2022-01-12 14:00:00,56.4,55,40.4,0.0,1026.1,3.4,9.4,3,2022-01-12,14
2022-01-12 15:00:00,56.9,56,41.2,0.0,1025.2,3.4,9.2,3,2022-01-12,15
2022-01-12 16:00:00,57.1,57,42.2,0.0,1024.9,3.1,8.9,3,2022-01-12,16
2022-01-12 17:00:00,57.2,59,43.0,0.0,1024.9,1.8,8.3,3,2022-01-12,17
2022-01-12 18:00:00,56.5,65,44.8,0.0,1024.9,1.1,5.6,1,2022-01-12,18
2022-01-12 19:00:00,53.7,71,44.5,0.0,1024.2,4.0,4.9,0,2022-01-12,19
2022-01-12 20:00:00,51.0,74,43.2,0.0,1024.4,4.9,5.6,0,2022-01-12,20
2022-01-12 21:00:00,50.6,73,42.4,0.0,1024.6,4.0,6.0,0,2022-01-12,21
2022-01-12 22:00:00,49.5,76,42.3,0.0,1024.5,4.6,7.2,0,2022-01-12,22
2022-01-12 23:00:00,48.7,79,42.4,0.0,1024.4,4.7,7.4,0,2022-01-12,23
2022-01-13 00:00:00,47.5,84,42.8,0.0,1024.7,4.3,7.6,0,2022-01-13,0
2022-01-13 01:00:00,46.8,87,43.2,0.0,1024.9,4.7,7.2,0,2022-01-13,1
2022-01-13 02:00:00,45.5,91,43.0,0.0,1024.1,4.2,7.4,0,2022-01-13,2
2022-01-13 03:00:00,45.0,91,42.7,0.0,1023.7,4.1,6.3,0,2022-01-13,3
2022-01-13 04:00:00,44.9,92,42.6,0.0,1023.2,4.3,6.9,0,2022-01-13,4
2022-01-13 05:00:00,44.6,92,42.5,0.0,1022.8,4.8,7.4,0,2022-01-13,5
2022-01-13 06:00:00,44.3,93,42.5,0.0,1022.5,4.5,7.6,0,2022-01-13,6
2022-01-13 07:00:00,44.2,93,42.3,0.0,1023.0,4.5,6.9,0,2022-01-13,7
2022-01-13 08:00:00,43.5,94,41.8,0.0,1023.0,5.0,7.8,0,2022-01-13,8
2022-01-13 09:00:00,45.0,92,43.0,0.0,1023.1,5.8,8.7,0,2022-01-13,9
2022-01-13 10:00:00,50.5,84,45.7,0.0,1023.4,5.1,10.5,0,2022-01-13,10
2022-01-13 11:00:00,55.4,76,47.8,0.0,1023.9,4.7,11.4,0,2022-01-13,11
2022-01-13 12:00:00,59.6,65,48.0,0.0,1023.5,5.2,12.5,0,2022-01-13,12
2022-01-13 13:00:00,63.1,57,47.8,0.0,1022.5,4.7,12.5,1,2022-01-13,13
2022-01-13 14:00:00,65.9,51,47.0,0.0,1020.6,4.1,12.1,0,2022-01-13,14
2022-01-13 15:00:00,67.6,46,45.9,0.0,1019.5,4.6,11.4,0,2022-01-13,15
2022-01-13 16:00:00,68.0,45,45.6,0.0,1018.7,5.1,11.4,0,2022-01-13,16
2022-01-13 17:00:00,67.2,46,45.8,0.0,1018.4,6.1,11.9,0,2022-01-13,17
2022-01-13 18:00:00,63.4,58,48.4,0.0,1018.5,3.9,11.0,0,2022-01-13,18
2022-01-13 19:00:00,58.3,64,46.0,0.0,1018.2,5.9,7.4,0,2022-01-13,19
2022-01-13 20:00:00,57.2,65,45.4,0.0,1018.5,4.6,7.6,0,2022-01-13,20
2022-01-13 21:00:00,54.0,72,45.3,0.0,1018.6,5.7,7.4,0,2022-01-13,21
2022-01-13 22:00:00,52.3,74,44.2,0.0,1018.8,5.9,7.6,0,2022-01-13,22
2022-01-13 23:00:00,50.7,76,43.3,0.0,1018.8,6.2,7.6,0,2022-01-13,23
2022-01-14 00:00:00,49.3,79,43.0,0.0,1018.7,5.8,7.6,0,2022-01-14,0
2022-01-14 01:00:00,48.1,81,42.6,0.0,1018.2,5.4,7.6,0,2022-01-14,1
2022-01-14 02:00:00,46.5,85,42.3,0.0,1017.7,6.2,7.4,0,2022-01-14,2
2022-01-14 03:00:00,45.6,87,41.8,0.0,1017.6,5.4,6.9,0,2022-01-14,3
2022-01-14 04:00:00,45.0,87,41.4,0.0,1017.1,4.3,6.5,0,2022-01-14,4
2022-01-14 05:00:00,46.1,82,41.1,0.0,1016.9,3.0,5.1,0,2022-01-14,5
2022-01-14 06:00:00,47.6,78,41.1,0.0,1016.8,2.0,3.6,0,2022-01-14,6
2022-01-14 07:00:00,43.4,86,39.4,0.0,1016.5,5.4,3.6,0,2022-01-14,7
2022-01-14 08:00:00,42.3,86,38.4,0.0,1016.7,6.1,6.9,0,2022-01-14,8
2022-01-14 09:00:00,45.8,80,40.0,0.0,1017.0,3.0,6.7,0,2022-01-14,9
2022-01-14 10:00:00,52.9,69,42.9,0.0,1017.2,3.4,7.8,3,2022-01-14,10
2022-01-14 11:00:00,59.6,63,47.2,0.0,1017.3,2.1,7.6,3,2022-01-14,11
2022-01-14 12:00:00,64.0,57,48.6,0.0,1017.0,3.5,9.4,3,2022-01-14,12
2022-01-14 13:00:00,67.8,51,48.9,0.0,1015.7,5.0,11.6,3,2022-01-14,13
2022-01-14 14:00:00,70.4,44,47.2,0.0,1014.4,7.1,15.0,0,2022-01-14,14
2022-01-14 15:00:00,71.2,42,46.7,0.0,1013.1,8.6,17.2,2,2022-01-14,15
2022-01-14 16:00:00,71.2,43,47.4,0.0,1012.0,9.2,17.4,1,2022-01-14,16
2022-01-14 17:00:00,70.0,47,49.0,0.0,1011.4,8.6,17.4,0,2022-01-14,17
2022-01-14 18:00:00,66.6,57,50.9,0.0,1010.8,6.3,15.4,0,2022-01-14,18
2022-01-14 19:00:00,60.5,74,52.2,0.0,1010.3,5.3,10.5,0,2022-01-14,19
2022-01-14 20:00:00,60.6,74,52.4,0.0,1010.7,6.0,9.4,2,2022-01-14,20
2022-01-14 21:00:00,59.9,82,54.5,0.0,1010.8,8.1,13.6,3,2022-01-14,21
2022-01-14 22:00:00,59.0,92,56.7,0.0,1010.8,7.6,13.6,3,2022-01-14,22
2022-01-14 23:00:00,58.4,95,57.0,0.0,1010.8,5.9,13.0,3,2022-01-14,23
2022-01-15 00:00:00,57.7,96,56.8,0.0,1010.7,5.4,9.4,3,2022-01-15,0
2022-01-15 01:00:00,57.7,96,56.5,0.0,1010.0,5.6,9.8,3,2022-01-15,1
2022-01-15 02:00:00,58.5,94,56.9,0.0,1009.9,7.2,11.6,3,2022-01-15,2
2022-01-15 03:00:00,59.1,93,57.1,0.0,1009.7,7.4,12.8,3,2022-01-15,3
2022-01-15 04:00:00,59.7,93,57.6,0.0,1010.5,8.2,13.2,3,2022-01-15,4
2022-01-15 05:00:00,59.5,94,57.7,0.047,1010.8,10.3,18.3,55,2022-01-15,5
2022-01-15 06:00:00,58.4,78,51.7,0.0,1011.5,17.4,28.0,3,2022-01-15,6
2022-01-15 07:00:00,54.6,58,40.2,0.0,1013.3,15.2,33.1,3,2022-01-15,7
2022-01-15 08:00:00,51.7,54,35.8,0.0,1015.0,15.4,27.5,3,2022-01-15,8
2022-01-15 09:00:00,48.4,57,33.9,0.0,1016.0,18.1,31.3,3,2022-01-15,9
2022-01-15 10:00:00,46.7,55,31.5,0.0,1017.0,18.9,34.0,3,2022-01-15,10
2022-01-15 11:00:00,46.7,48,28.1,0.0,1018.3,19.8,35.6,3,2022-01-15,11
2022-01-15 12:00:00,45.0,45,24.6,0.0,1018.8,20.5,37.8,1,2022-01-15,12
2022-01-15 13:00:00,47.6,41,25.0,0.0,1018.2,20.6,39.8,1,2022-01-15,13
2022-01-15 14:00:00,48.4,39,24.4,0.0,1017.5,19.7,38.3,2,2022-01-15,14
2022-01-15 15:00:00,47.4,37,22.1,0.0,1017.2,19.8,38.3,0,2022-01-15,15
2022-01-15 16:00:00,47.1,34,19.9,0.0,1017.0,19.1,37.1,0,2022-01-15,16
2022-01-15 17:00:00,45.3,33,18.0,0.0,1017.8,20.4,37.6,0,2022-01-15,17
2022-01-15 18:00:00,46.1,31,16.8,0.0,1017.6,19.5,37.1,0,2022-01-15,18
2022-01-15 19:00:00,44.2,34,17.7,0.0,1019.4,17.7,35.8,0,2022-01-15,19
2022-01-15 20:00:00,41.5,37,17.3,0.0,1020.4,13.3,33.1,0,2022-01-15,20
2022-01-15 21:00:00,41.2,39,18.0,0.0,1021.0,14.2,24.6,0,2022-01-15,21
2022-01-15 22:00:00,39.0,40,16.8,0.0,1021.6,17.7,32.0,0,2022-01-15,22
2022-01-15 23:00:00,37.3,42,16.2,0.0,1021.5,14.9,31.1,0,2022-01-15,23
2022-01-16 00:00:00,36.8,43,16.5,0.0,1022.1,15.1,27.5,0,2022-01-16,0
2022-01-16 01:00:00,35.9,47,17.4,0.0,1021.8,14.6,26.6,0,2022-01-16,1
2022-01-16 02:00:00,35.2,49,18.0,0.0,1021.4,13.6,26.2,0,2022-01-16,2
2022-01-16 03:00:00,34.6,52,19.0,0.0,1021.1,12.4,24.2,0,2022-01-16,3
2022-01-16 04:00:00,34.1,55,19.7,0.0,1021.4,11.6,21.7,0,2022-01-16,4
2022-01-16 05:00:00,33.7,57,20.0,0.0,1021.4,11.7,20.6,0,2022-01-16,5
2022-01-16 06:00:00,33.3,59,20.4,0.0,1021.0,11.8,20.6,0,2022-01-16,6
2022-01-16 07:00:00,33.7,64,22.7,0.0,1020.8,9.8,20.8,0,2022-01-16,7
2022-01-16 08:00:00,33.3,65,22.9,0.0,1021.5,8.6,17.0,0,2022-01-16,8
2022-01-16 09:00:00,34.2,66,24.0,0.0,1021.8,8.4,15.0,0,2022-01-16,9
2022-01-16 10:00:00,37.6,61,25.3,0.0,1022.1,8.8,17.0,0,2022-01-16,10
2022-01-16 11:00:00,41.0,57,27.0,0.0,1022.2,9.2,19.0,0,2022-01-16,11
2022-01-16 12:00:00,44.7,54,29.0,0.0,1021.9,9.1,19.7,0,2022-01-16,12
2022-01-16 13:00:00,48.2,51,31.0,0.0,1021.0,9.0,19.7,0,2022-01-16,13
2022-01-16 14:00:00,51.1,49,32.8,0.0,1019.7,8.6,19.5,0,2022-01-16,14
2022-01-16 15:00:00,53.0,48,33.7,0.0,1018.6,9.1,19.5,0,2022-01-16,15
2022-01-16 16:00:00,53.8,47,34.1,0.0,1018.2,8.7,19.2,0,2022-01-16,16
2022-01-16 17:00:00,53.6,47,34.1,0.0,1018.2,8.6,17.9,0,2022-01-16,17
2022-01-16 18:00:00,52.1,51,34.7,0.0,1018.3,6.1,16.8,0,2022-01-16,18
2022-01-16 19:00:00,46.7,65,35.6,0.0,1017.9,4.9,10.5,0,2022-01-16,19
2022-01-16 20:00:00,45.3,68,35.5,0.0,1018.0,4.3,6.5,0,2022-01-16,20
2022-01-16 21:00:00,43.3,72,34.9,0.0,1018.6,4.9,6.7,0,2022-01-16,21
2022-01-16 22:00:00,41.5,76,34.3,0.0,1019.0,5.8,6.9,0,2022-01-16,22
2022-01-16 23:00:00,39.7,80,34.1,0.0,1019.4,6.4,7.8,0,2022-01-16,23
2022-01-17 00:00:00,39.4,81,33.9,0.0,1020.2,5.1,7.4,0,2022-01-17,0
2022-01-17 01:00:00,39.4,80,33.8,0.0,1020.2,3.9,5.6,0,2022-01-17,1
2022-01-17 02:00:00,37.8,85,33.6,0.0,1020.3,3.6,4.5,0,2022-01-17,2
2022-01-17 03:00:00,37.5,85,33.4,0.0,1020.3,2.9,4.0,0,2022-01-17,3
2022-01-17 04:00:00,36.6,87,33.2,0.0,1020.4,2.5,3.4,0,2022-01-17,4
2022-01-17 05:00:00,34.4,92,32.5,0.0,1020.8,3.4,3.8,0,2022-01-17,5
2022-01-17 06:00:00,34.2,93,32.3,0.0,1021.1,3.6,4.7,0,2022-01-17,6
2022-01-17 07:00:00,33.2,92,31.2,0.0,1021.3,4.4,4.3,0,2022-01-17,7
2022-01-17 08:00:00,33.4,89,30.5,0.0,1021.7,3.4,5.1,0,2022-01-17,8
2022-01-17 09:00:00,35.6,88,32.5,0.0,1022.3,2.0,4.0,0,2022-01-17,9
2022-01-17 10:00:00,44.0,71,35.2,0.0,1023.0,2.7,6.9,0,2022-01-17,10
2022-01-17 11:00:00,52.1,56,37.0,0.0,1023.4,2.6,8.1,0,2022-01-17,11
2022-01-17 12:00:00,56.8,40,32.7,0.0,1023.3,2.2,8.7,0,2022-01-17,12
2022-01-17 13:00:00,59.6,35,31.9,0.0,1022.7,0.7,8.5,0,2022-01-17,13
2022-01-17 14:00:00,61.5,34,32.5,0.0,1021.8,0.7,7.2,0,2022-01-17,14
2022-01-17 15:00:00,62.7,33,33.2,0.0,1020.7,1.6,7.8,0,2022-01-17,15
2022-01-17 16:00:00,63.0,33,33.7,0.0,1020.4,3.0,8.7,0,2022-01-17,16
2022-01-17 17:00:00,62.2,35,34.5,0.0,1020.1,3.6,8.9,0,2022-01-17,17
2022-01-17 18:00:00,58.5,58,43.6,0.0,1019.9,3.0,8.3,0,2022-01-17,18
2022-01-17 19:00:00,52.5,59,38.4,0.0,1019.3,6.7,6.9,0,2022-01-17,19
2022-01-17 20:00:00,52.6,57,37.9,0.0,1019.6,5.7,8.1,0,2022-01-17,20
2022-01-17 21:00:00,50.6,61,37.6,0.0,1020.1,8.1,13.9,0,2022-01-17,21
2022-01-17 22:00:00,49.2,62,36.7,0.0,1020.6,7.5,13.4,0,2022-01-17,22
2022-01-17 23:00:00,48.4,66,37.6,0.0,1020.5,7.1,12.3,0,2022-01-17,23
2022-01-18 00:00:00,47.5,71,38.7,0.0,1020.4,6.5,11.6,0,2022-01-18,0
2022-01-18 01:00:00,46.5,78,40.0,0.0,1020.1,5.9,10.5,0,2022-01-18,1
2022-01-18 02:00:00,45.5,85,41.2,0.0,1019.8,5.2,9.6,0,2022-01-18,2
2022-01-18 03:00:00,45.3,87,41.7,0.0,1019.3,5.4,8.5,0,2022-01-18,3
2022-01-18 04:00:00,46.0,87,42.3,0.0,1019.0,5.7,8.7,2,2022-01-18,4
2022-01-18 05:00:00,46.7,86,42.8,0.0,1018.9,5.9,9.2,0,2022-01-18,5
2022-01-18 06:00:00,47.3,87,43.6,0.0,1018.7,6.4,10.3,3,2022-01-18,6
2022-01-18 07:00:00,48.6,88,45.0,0.0,1018.8,6.2,10.7,3,2022-01-18,7
2022-01-18 08:00:00,48.0,88,44.8,0.0,1019.0,6.2,10.1,3,2022-01-18,8
2022-01-18 09:00:00,51.4,83,46.3,0.0,1019.3,7.1,11.2,3,2022-01-18,9
2022-01-18 10:00:00,56.6,75,48.8,0.0,1019.3,9.1,14.8,3,2022-01-18,10
2022-01-18 11:00:00,61.2,72,52.2,0.0,1019.5,9.2,16.6,3,2022-01-18,11
2022-01-18 12:00:00,66.3,64,54.0,0.0,1019.1,10.5,19.7,3,2022-01-18,12
2022-01-18 13:00:00,69.5,58,54.0,0.0,1018.3,14.3,26.2,3,2022-01-18,13
2022-01-18 14:00:00,70.2,55,53.3,0.0,1017.2,14.7,28.6,3,2022-01-18,14
2022-01-18 15:00:00,71.0,53,53.1,0.0,1015.9,14.8,27.7,1,2022-01-18,15
2022-01-18 16:00:00,71.0,53,53.2,0.0,1015.1,15.5,28.6,3,2022-01-18,16
2022-01-18 17:00:00,70.1,56,53.5,0.0,1014.9,13.2,29.1,1,2022-01-18,17
2022-01-18 18:00:00,68.2,60,53.9,0.0,1014.6,11.7,23.5,0,2022-01-18,18
2022-01-18 19:00:00,65.0,67,54.0,0.0,1014.4,9.7,20.6,0,2022-01-18,19
2022-01-18 20:00:00,62.8,74,54.2,0.0,1014.5,9.7,16.8,0,2022-01-18,20
2022-01-18 21:00:00,61.4,80,55.2,0.0,1014.8,9.3,16.6,0,2022-01-18,21
2022-01-18 22:00:00,60.8,86,56.5,0.0,1014.9,9.0,15.9,0,2022-01-18,22
2022-01-18 23:00:00,59.8,90,56.8,0.0,1015.0,8.3,15.2,0,2022-01-18,23
2022-01-19 00:00:00,59.2,90,56.3,0.0,1015.3,7.7,14.1,2,2022-01-19,0
2022-01-19 01:00:00,59.5,89,56.1,0.0,1015.2,7.6,13.2,3,2022-01-19,1
2022-01-19 02:00:00,59.6,86,55.3,0.0,1015.1,7.6,12.5,2,2022-01-19,2
2022-01-19 03:00:00,59.8,85,55.2,0.0,1014.8,8.1,13.6,0,2022-01-19,3
2022-01-19 04:00:00,58.9,88,55.4,0.0,1014.4,6.5,13.2,1,2022-01-19,4
2022-01-19 05:00:00,58.9,87,55.1,0.0,1014.3,6.9,11.4,3,2022-01-19,5
2022-01-19 06:00:00,59.1,88,55.4,0.0,1014.1,7.2,11.6,3,2022-01-19,6
2022-01-19 07:00:00,61.0,91,58.4,0.0,1014.0,7.4,11.6,3,2022-01-19,7
2022-01-19 08:00:00,62.8,90,59.9,0.0,1014.3,7.2,13.0,3,2022-01-19,8
2022-01-19 09:00:00,64.1,91,61.3,0.004,1014.5,7.6,12.5,51,2022-01-19,9
2022-01-19 10:00:00,66.6,88,63.0,0.016,1014.9,9.0,15.0,51,2022-01-19,10
2022-01-19 11:00:00,67.8,91,65.0,0.02,1015.5,7.1,15.4,53,2022-01-19,11
2022-01-19 12:00:00,65.7,90,62.8,0.024,1015.7,9.2,17.7,53,2022-01-19,12
2022-01-19 13:00:00,67.8,89,64.3,0.091,1014.8,7.4,17.4,61,2022-01-19,13
2022-01-19 14:00:00,63.8,87,59.8,0.736,1013.6,4.7,20.6,65,2022-01-19,14
2022-01-19 15:00:00,65.5,89,62.2,0.374,1013.1,5.6,17.2,65,2022-01-19,15
2022-01-19 16:00:00,67.0,87,62.9,0.008,1012.7,10.0,21.7,51,2022-01-19,16
2022-01-19 17:00:00,66.7,86,62.3,0.012,1013.0,7.8,18.6,51,2022-01-19,17
2022-01-19 18:00:00,64.4,93,62.3,0.079,1013.0,9.0,16.1,61,2022-01-19,18
2022-01-19 19:00:00,63.6,96,62.5,0.004,1013.0,5.1,15.4,51,2022-01-19,19
2022-01-19 20:00:00,63.1,98,62.6,0.197,1014.3,5.3,11.2,63,2022-01-19,20
2022-01-19 21:00:00,63.5,98,63.0,0.004,1014.2,1.1,9.4,51,2022-01-19,21
2022-01-19 22:00:00,61.5,98,61.0,0.0,1014.8,4.5,9.2,3,2022-01-19,22
2022-01-19 23:00:00,61.0,99,60.7,0.098,1015.8,5.8,7.8,63,2022-01-19,23
2022-01-20 00:00:00,56.7,89,53.4,0.004,1017.5,15.5,28.0,51,2022-01-20,0
2022-01-20 01:00:00,53.4,89,50.3,0.0,1018.5,14.4,27.3,3,2022-01-20,1
2022-01-20 02:00:00,51.5,85,47.0,0.0,1019.2,15.5,27.3,3,2022-01-20,2
2022-01-20 03:00:00,48.3,76,40.9,0.0,1019.9,14.2,27.5,3,2022-01-20,3
2022-01-20 04:00:00,46.4,68,36.5,0.0,1020.5,13.6,25.3,3,2022-01-20,4
2022-01-20 05:00:00,46.0,66,35.3,0.0,1020.8,15.0,26.4,3,2022-01-20,5
2022-01-20 06:00:00,45.4,62,33.0,0.0,1021.2,12.8,26.8,3,2022-01-20,6
2022-01-20 07:00:00,42.9,67,32.5,0.0,1023.5,14.3,23.3,3,2022-01-20,7
2022-01-20 08:00:00,41.5,63,29.8,0.0,1024.8,14.6,26.6,3,2022-01-20,8
2022-01-20 09:00:00,42.3,63,30.6,0.0,1024.7,15.5,27.1,3,2022-01-20,9
2022-01-20 10:00:00,43.1,68,33.2,0.0,1026.1,15.4,33.3,3,2022-01-20,10
2022-01-20 11:00:00,43.2,66,32.7,0.0,1027.0,15.2,28.4,3,2022-01-20,11
2022-01-20 12:00:00,43.2,64,31.6,0.0,1027.3,14.6,28.0,3,2022-01-20,12
2022-01-20 13:00:00,44.0,60,30.8,0.0,1027.3,14.5,27.7,3,2022-01-20,13
2022-01-20 14:00:00,43.7,57,29.7,0.0,1026.0,14.8,27.5,3,2022-01-20,14
2022-01-20 15:00:00,44.9,52,28.1,0.0,1025.3,15.4,28.9,3,2022-01-20,15
2022-01-20 16:00:00,44.7,48,26.2,0.0,1024.9,14.6,28.9,3,2022-01-20,16
2022-01-20 17:00:00,43.7,45,23.6,0.0,1025.4,13.1,27.1,3,2022-01-20,17
2022-01-20 18:00:00,42.9,41,20.9,0.0,1025.9,12.3,23.9,3,2022-01-20,18
2022-01-20 19:00:00,39.7,69,30.4,0.0,1026.3,11.0,22.8,3,2022-01-20,19
2022-01-20 20:00:00,39.5,70,30.6,0.004,1027.7,8.5,19.2,51,2022-01-20,20
2022-01-20 21:00:00,38.7,71,30.2,0.008,1028.2,7.9,15.7,51,2022-01-20,21
2022-01-20 22:00:00,37.9,71,29.3,0.0,1028.6,9.0,16.3,3,2022-01-20,22
2022-01-20 23:00:00,37.5,68,28.0,0.004,1028.7,8.8,16.3,51,2022-01-20,23
2022-01-21 00:00:00,37.4,64,26.3,0.0,1029.0,8.1,15.9,3,2022-01-21,0
2022-01-21 01:00:00,37.3,67,27.5,0.004,1028.7,7.6,15.0,51,2022-01-21,1
2022-01-21 02:00:00,37.3,69,28.1,0.0,1028.3,8.2,14.5,3,2022-01-21,2
2022-01-21 03:00:00,37.6,63,26.1,0.0,1027.9,7.4,15.4,3,2022-01-21,3
2022-01-21 04:00:00,38.0,52,21.8,0.0,1027.7,8.8,15.4,3,2022-01-21,4
2022-01-21 05:00:00,37.8,40,15.6,0.0,1027.6,10.4,18.8,3,2022-01-21,5
2022-01-21 06:00:00,37.2,37,13.4,0.0,1027.7,11.6,20.6,3,2022-01-21,6
2022-01-21 07:00:00,37.0,45,17.7,0.0,1027.8,9.8,20.8,3,2022-01-21,7
2022-01-21 08:00:00,36.0,45,16.8,0.0,1028.6,8.7,17.7,3,2022-01-21,8
2022-01-21 09:00:00,35.7,45,16.2,0.0,1029.3,8.3,15.0,3,2022-01-21,9
2022-01-21 10:00:00,36.1,46,17.1,0.0,1029.9,8.3,16.1,3,2022-01-21,10
2022-01-21 11:00:00,37.8,46,18.9,0.0,1030.6,8.8,17.0,3,2022-01-21,11
2022-01-21 12:00:00,40.6,45,20.8,0.0,1030.4,9.7,19.9,3,2022-01-21,12
2022-01-21 13:00:00,43.8,41,21.6,0.0,1029.5,9.2,19.9,2,2022-01-21,13
2022-01-21 14:00:00,46.6,38,22.3,0.0,1028.3,8.6,19.7,0,2022-01-21,14
2022-01-21 15:00:00,48.3,34,21.2,0.0,1027.2,8.8,19.0,0,2022-01-21,15
2022-01-21 16:00:00,48.8,33,20.8,0.0,1026.8,8.9,19.0,0,2022-01-21,16
2022-01-21 17:00:00,48.3,34,21.3,0.0,1026.6,8.9,18.3,0,2022-01-21,17
2022-01-21 18:00:00,46.5,39,22.6,0.0,1026.8,7.2,17.2,0,2022-01-21,18
2022-01-21 19:00:00,42.2,47,23.5,0.0,1027.2,4.5,12.5,0,2022-01-21,19
2022-01-21 20:00:00,41.5,45,21.6,0.0,1028.0,5.4,8.5,0,2022-01-21,20
2022-01-21 21:00:00,40.0,46,21.1,0.0,1028.8,5.2,8.7,0,2022-01-21,21
2022-01-21 22:00:00,38.8,50,21.8,0.0,1029.4,6.0,9.6,0,2022-01-21,22
2022-01-21 23:00:00,37.4,54,22.1,0.0,1029.7,6.1,10.1,0,2022-01-21,23
2022-01-22 00:00:00,36.3,54,21.5,0.0,1029.7,6.5,10.5,0,2022-01-22,0
2022-01-22 01:00:00,35.6,54,20.6,0.0,1029.5,7.2,11.6,0,2022-01-22,1
2022-01-22 02:00:00,34.7,55,20.3,0.0,1029.0,6.8,11.9,0,2022-01-22,2
2022-01-22 03:00:00,33.6,58,20.3,0.0,1029.3,6.0,11.4,0,2022-01-22,3
2022-01-22 04:00:00,32.8,59,20.1,0.0,1029.5,6.2,10.3,0,2022-01-22,4
2022-01-22 05:00:00,31.9,60,19.7,0.0,1029.9,6.7,11.0,0,2022-01-22,5
2022-01-22 06:00:00,31.1,61,19.3,0.0,1030.5,6.9,11.9,0,2022-01-22,6
2022-01-22 07:00:00,30.7,63,19.8,0.0,1031.2,7.2,12.8,0,2022-01-22,7
2022-01-22 08:00:00,29.8,65,19.7,0.0,1031.8,6.8,12.3,0,2022-01-22,8
2022-01-22 09:00:00,30.8,67,21.2,0.0,1032.7,7.4,11.9,0,2022-01-22,9
2022-01-22 10:00:00,34.4,63,23.1,0.0,1033.2,7.6,15.0,0,2022-01-22,10
2022-01-22 11:00:00,38.5,58,25.0,0.0,1033.5,6.9,15.7,0,2022-01-22,11
2022-01-22 12:00:00,43.0,52,26.8,0.0,1033.5,6.5,15.7,0,2022-01-22,12
2022-01-22 13:00:00,47.0,46,27.0,0.0,1032.6,6.1,15.2,0,2022-01-22,13
2022-01-22 14:00:00,49.8,40,26.6,0.0,1031.1,6.8,16.1,0,2022-01-22,14
2022-01-22 15:00:00,51.4,37,26.1,0.0,1029.8,7.4,16.6,0,2022-01-22,15
2022-01-22 16:00:00,52.1,37,26.3,0.0,1028.8,7.4,16.6,0,2022-01-22,16
2022-01-22 17:00:00,51.4,38,26.9,0.0,1028.3,6.8,15.7,0,2022-01-22,17
2022-01-22 18:00:00,49.4,46,29.6,0.0,1028.6,4.7,13.9,0,2022-01-22,18
2022-01-22 19:00:00,43.4,56,28.7,0.0,1028.1,4.7,8.1,0,2022-01-22,19
2022-01-22 20:00:00,43.2,51,26.3,0.0,1028.3,5.0,7.8,0,2022-01-22,20
2022-01-22 21:00:00,42.3,50,25.1,0.0,1028.5,5.5,8.5,1,2022-01-22,21
2022-01-22 22:00:00,41.2,51,24.6,0.0,1028.7,6.1,10.1,0,2022-01-22,22
2022-01-22 23:00:00,38.9,57,24.8,0.0,1028.6,5.1,10.1,1,2022-01-22,23
2022-01-23 00:00:00,36.0,66,25.9,0.0,1028.6,4.8,8.1,0,2022-01-23,0
2022-01-23 01:00:00,35.2,70,26.3,0.0,1028.5,5.4,6.3,3,2022-01-23,1
2022-01-23 02:00:00,35.2,70,26.6,0.0,1028.0,5.0,6.3,3,2022-01-23,2
2022-01-23 03:00:00,38.1,58,24.8,0.0,1027.5,3.1,5.8,2,2022-01-23,3
2022-01-23 04:00:00,36.4,62,24.5,0.0,1027.4,3.4,5.1,2,2022-01-23,4
2022-01-23 05:00:00,37.4,55,22.6,0.0,1027.1,4.1,7.6,3,2022-01-23,5
2022-01-23 06:00:00,38.1,55,23.3,0.0,1027.2,1.6,6.9,3,2022-01-23,6
2022-01-23 07:00:00,38.7,56,24.3,0.0,1027.5,0.2,3.4,3,2022-01-23,7
2022-01-23 08:00:00,39.1,56,24.8,0.0,1027.5,0.8,2.9,3,2022-01-23,8
2022-01-23 09:00:00,39.8,57,25.9,0.0,1027.6,2.3,5.1,3,2022-01-23,9
2022-01-23 10:00:00,41.9,57,27.6,0.0,1027.4,2.7,6.9,3,2022-01-23,10
2022-01-23 11:00:00,45.3,50,27.9,0.0,1026.7,4.8,11.0,2,2022-01-23,11
2022-01-23 12:00:00,50.2,46,30.1,0.0,1026.4,1.7,11.6,3,2022-01-23,12
2022-01-23 13:00:00,53.3,45,32.5,0.0,1025.7,2.7,9.6,3,2022-01-23,13
2022-01-23 14:00:00,54.9,46,34.2,0.0,1024.0,4.7,12.5,2,2022-01-23,14
2022-01-23 15:00:00,55.1,46,34.7,0.0,1023.0,6.4,14.8,2,2022-01-23,15
2022-01-23 16:00:00,54.5,46,34.1,0.0,1022.4,7.0,15.2,3,2022-01-23,16
2022-01-23 17:00:00,54.2,45,33.2,0.0,1021.8,6.3,14.8,3,2022-01-23,17
2022-01-23 18:00:00,53.2,47,33.7,0.0,1021.5,5.7,12.5,3,2022-01-23,18
2022-01-23 19:00:00,50.4,56,35.2,0.0,1020.6,4.3,10.1,3,2022-01-23,19
2022-01-23 20:00:00,49.2,56,34.2,0.0,1020.6,4.3,6.5,1,2022-01-23,20
2022-01-23 21:00:00,48.1,57,33.8,0.0,1020.6,5.4,8.7,2,2022-01-23,21
2022-01-23 22:00:00,47.8,56,32.9,0.0,1020.6,4.0,9.2,3,2022-01-23,22
2022-01-23 23:00:00,48.9,52,32.2,0.0,1020.9,5.2,8.3,3,2022-01-23,23
2022-01-24 00:00:00,50.0,50,32.2,0.0,1020.6,5.2,9.4,3,2022-01-24,0
2022-01-24 01:00:00,50.0,50,32.2,0.0,1020.2,4.2,8.3,3,2022-01-24,1
2022-01-24 02:00:00,49.3,55,33.7,0.0,1019.0,2.6,6.9,3,2022-01-24,2
2022-01-24 03:00:00,49.5,53,33.0,0.0,1018.3,5.1,7.2,3,2022-01-24,3
2022-01-24 04:00:00,49.5,52,32.7,0.0,1018.1,5.1,9.6,3,2022-01-24,4
2022-01-24 05:00:00,49.6,53,33.3,0.0,1017.5,4.3,8.9,3,2022-01-24,5
2022-01-24 06:00:00,49.5,55,34.0,0.0,1017.1,3.2,6.9,3,2022-01-24,6
2022-01-24 07:00:00,49.9,64,38.0,0.0,1016.7,2.9,5.1,3,2022-01-24,7
2022-01-24 08:00:00,49.6,71,40.7,0.012,1016.4,2.8,6.0,51,2022-01-24,8
2022-01-24 09:00:00,48.7,86,44.6,0.012,1016.3,1.4,3.8,51,2022-01-24,9
2022-01-24 10:00:00,48.7,93,46.8,0.024,1015.9,3.4,6.7,53,2022-01-24,10
2022-01-24 11:00:00,50.0,93,48.1,0.016,1016.2,4.3,8.9,51,2022-01-24,11
2022-01-24 12:00:00,49.8,95,48.5,0.193,1015.8,3.9,9.2,63,2022-01-24,12
2022-01-24 13:00:00,50.7,96,49.6,0.106,1015.3,4.1,8.5,63,2022-01-24,13
2022-01-24 14:00:00,51.2,96,50.1,0.079,1013.9,5.3,10.1,61,2022-01-24,14
2022-01-24 15:00:00,51.8,96,50.8,0.083,1012.3,7.2,13.6,61,2022-01-24,15
2022-01-24 16:00:00,51.8,98,51.2,0.024,1011.3,8.1,13.9,53,2022-01-24,16
2022-01-24 17:00:00,52.3,95,51.0,0.008,1010.9,8.2,15.7,51,2022-01-24,17
2022-01-24 18:00:00,51.6,99,51.3,0.028,1011.4,7.6,14.1,53,2022-01-24,18
2022-01-24 19:00:00,47.9,94,46.2,0.079,1012.1,7.3,15.2,61,2022-01-24,19
2022-01-24 20:00:00,47.8,98,47.2,0.02,1012.6,6.4,12.8,53,2022-01-24,20
2022-01-24 21:00:00,47.7,99,47.3,0.008,1012.6,6.9,11.9,51,2022-01-24,21
2022-01-24 22:00:00,47.7,99,47.4,0.004,1012.8,6.8,12.3,51,2022-01-24,22
2022-01-24 23:00:00,47.7,99,47.3,0.0,1012.7,6.5,11.4,3,2022-01-24,23
2022-01-25 00:00:00,47.7,96,46.6,0.0,1012.8,6.9,12.1,3,2022-01-25,0
2022-01-25 01:00:00,47.8,96,46.7,0.0,1012.7,5.8,12.3,3,2022-01-25,1
2022-01-25 02:00:00,47.8,96,46.7,0.0,1012.4,4.4,9.8,3,2022-01-25,2
2022-01-25 03:00:00,47.6,97,46.8,0.0,1012.6,5.9,9.8,0,2022-01-25,3
2022-01-25 04:00:00,45.6,98,45.1,0.0,1013.0,8.2,13.9,0,2022-01-25,4
2022-01-25 05:00:00,44.8,98,44.2,0.0,1013.2,7.2,14.3,0,2022-01-25,5
2022-01-25 06:00:00,44.3,98,43.9,0.0,1013.4,6.5,12.3,0,2022-01-25,6
2022-01-25 07:00:00,46.7,99,46.4,0.0,1014.9,4.2,11.0,1,2022-01-25,7
2022-01-25 08:00:00,47.6,99,47.3,0.0,1015.6,5.7,10.5,3,2022-01-25,8
2022-01-25 09:00:00,48.5,98,47.8,0.0,1016.7,6.8,12.5,3,2022-01-25,9
2022-01-25 10:00:00,49.3,96,48.2,0.0,1017.6,7.8,13.9,3,2022-01-25,10
2022-01-25 11:00:00,50.8,94,49.0,0.0,1018.3,9.8,17.9,3,2022-01-25,11
2022-01-25 12:00:00,53.5,84,48.7,0.0,1018.6,9.6,19.0,3,2022-01-25,12
2022-01-25 13:00:00,55.8,77,48.8,0.0,1018.1,8.4,17.9,3,2022-01-25,13
2022-01-25 14:00:00,57.8,72,48.9,0.004,1017.5,8.6,17.0,51,2022-01-25,14
2022-01-25 15:00:00,58.9,69,48.8,0.0,1016.9,9.4,18.3,3,2022-01-25,15
2022-01-25 16:00:00,60.3,65,48.3,0.0,1016.9,9.1,18.8,2,2022-01-25,16
2022-01-25 17:00:00,61.2,61,47.5,0.0,1016.9,7.4,17.7,1,2022-01-25,17
2022-01-25 18:00:00,60.6,65,48.7,0.0,1017.4,3.5,13.6,0,2022-01-25,18
2022-01-25 19:00:00,54.7,75,46.9,0.0,1018.9,4.5,7.8,0,2022-01-25,19
2022-01-25 20:00:00,54.0,74,46.0,0.0,1019.8,8.4,14.1,3,2022-01-25,20
2022-01-25 21:00:00,52.1,78,45.3,0.0,1020.6,8.1,15.2,3,2022-01-25,21
2022-01-25 22:00:00,51.4,79,45.2,0.0,1021.5,7.5,14.1,1,2022-01-25,22
2022-01-25 23:00:00,47.0,91,44.5,0.0,1022.8,4.1,12.8,0,2022-01-25,23
2022-01-26 00:00:00,45.7,93,43.7,0.0,1023.1,4.3,6.7,0,2022-01-26,0
2022-01-26 01:00:00,45.0,93,43.2,0.0,1023.3,5.3,8.7,0,2022-01-26,1
2022-01-26 02:00:00,44.5,93,42.7,0.0,1023.7,5.9,9.4,0,2022-01-26,2
2022-01-26 03:00:00,43.9,93,42.1,0.0,1024.4,6.6,11.0,1,2022-01-26,3
2022-01-26 04:00:00,42.9,94,41.2,0.0,1024.7,7.9,13.0,1,2022-01-26,4
2022-01-26 05:00:00,42.1,90,39.5,0.0,1024.8,8.9,15.4,2,2022-01-26,5
2022-01-26 06:00:00,41.1,83,36.3,0.0,1025.2,9.3,15.9,2,2022-01-26,6
2022-01-26 07:00:00,39.6,81,34.2,0.0,1025.8,7.4,16.3,1,2022-01-26,7
2022-01-26 08:00:00,38.2,77,31.6,0.0,1026.7,6.4,12.8,0,2022-01-26,8
2022-01-26 09:00:00,38.7,72,30.4,0.0,1027.3,7.7,13.2,1,2022-01-26,9
2022-01-26 10:00:00,40.9,63,29.3,0.0,1027.8,8.6,17.0,1,2022-01-26,10
2022-01-26 11:00:00,43.8,59,30.5,0.0,1028.4,7.6,17.0,1,2022-01-26,11
2022-01-26 12:00:00,46.8,56,31.9,0.0,1028.1,6.7,16.3,0,2022-01-26,12
2022-01-26 13:00:00,49.9,53,33.5,0.0,1027.3,5.3,15.7,0,2022-01-26,13
2022-01-26 14:00:00,52.3,51,34.9,0.0,1026.2,4.5,14.1,0,2022-01-26,14
2022-01-26 15:00:00,54.0,50,36.0,0.0,1025.1,4.6,12.8,0,2022-01-26,15
2022-01-26 16:00:00,54.9,50,36.6,0.0,1024.5,4.4,12.3,3,2022-01-26,16
2022-01-26 17:00:00,54.7,50,36.5,0.0,1024.1,4.5,11.6,3,2022-01-26,17
2022-01-26 18:00:00,54.0,50,36.0,0.0,1024.1,4.0,10.3,3,2022-01-26,18
2022-01-26 19:00:00,51.2,64,39.4,0.0,1024.0,2.9,7.6,3,2022-01-26,19
2022-01-26 20:00:00,46.3,79,40.2,0.0,1023.9,4.8,5.4,0,2022-01-26,20
2022-01-26 21:00:00,45.1,78,38.8,0.0,1024.5,4.2,6.5,0,2022-01-26,21
2022-01-26 22:00:00,44.1,71,35.2,0.0,1025.3,4.8,7.6,0,2022-01-26,22
2022-01-26 23:00:00,42.7,65,31.9,0.0,1025.9,5.0,8.5,0,2022-01-26,23
2022-01-27 00:00:00,41.2,67,30.9,0.0,1026.4,4.1,8.1,0,2022-01-27,0
2022-01-27 01:00:00,39.9,69,30.7,0.0,1026.2,3.8,6.5,0,2022-01-27,1
2022-01-27 02:00:00,39.1,70,30.3,0.0,1026.2,3.5,5.6,3,2022-01-27,2
2022-01-27 03:00:00,42.1,59,28.8,0.0,1025.7,6.3,10.3,3,2022-01-27,3
2022-01-27 04:00:00,42.8,56,28.2,0.0,1024.8,6.5,12.5,3,2022-01-27,4
2022-01-27 05:00:00,42.7,57,28.7,0.0,1025.1,4.8,10.7,3,2022-01-27,5
2022-01-27 06:00:00,42.9,57,28.8,0.0,1025.2,4.1,8.7,3,2022-01-27,6
2022-01-27 07:00:00,42.2,60,29.3,0.0,1025.4,3.4,7.4,2,2022-01-27,7
2022-01-27 08:00:00,40.5,63,28.8,0.0,1025.5,4.1,6.7,3,2022-01-27,8
2022-01-27 09:00:00,42.3,60,29.4,0.0,1026.1,3.7,8.9,2,2022-01-27,9
2022-01-27 10:00:00,44.7,58,30.7,0.0,1026.6,4.2,9.6,2,2022-01-27,10
2022-01-27 11:00:00,47.8,56,32.8,0.0,1027.0,3.8,10.3,0,2022-01-27,11
2022-01-27 12:00:00,52.5,50,34.3,0.0,1026.5,3.4,10.7,0,2022-01-27,12
2022-01-27 13:00:00,55.6,48,36.0,0.0,1025.5,2.6,10.7,0,2022-01-27,13
2022-01-27 14:00:00,57.6,48,38.1,0.0,1024.1,2.7,10.1,1,2022-01-27,14
2022-01-27 15:00:00,58.6,49,39.5,0.0,1023.5,1.8,10.1,1,2022-01-27,15
2022-01-27 16:00:00,59.3,49,40.1,0.0,1022.9,1.2,8.3,3,2022-01-27,16
2022-01-27 17:00:00,59.1,50,40.4,0.0,1022.5,0.8,6.7,2,2022-01-27,17
2022-01-27 18:00:00,57.8,60,43.9,0.0,1022.6,1.1,4.7,1,2022-01-27,18
2022-01-27 19:00:00,51.7,73,43.4,0.0,1023.0,5.5,2.2,1,2022-01-27,19
2022-01-27 20:00:00,51.2,71,42.2,0.0,1023.8,4.3,6.3,3,2022-01-27,20
2022-01-27 21:00:00,49.8,66,39.0,0.0,1024.4,4.0,7.6,3,2022-01-27,21
2022-01-27 22:00:00,52.4,56,37.0,0.0,1024.9,5.7,9.6,3,2022-01-27,22
2022-01-27 23:00:00,52.5,54,36.5,0.0,1025.3,6.6,10.5,3,2022-01-27,23
2022-01-28 00:00:00,51.7,54,35.7,0.0,1025.9,7.8,13.0,3,2022-01-28,0
2022-01-28 01:00:00,50.3,52,33.3,0.0,1025.7,8.3,14.3,3,2022-01-28,1
2022-01-28 02:00:00,49.5,47,30.0,0.0,1025.9,6.5,13.9,3,2022-01-28,2
2022-01-28 03:00:00,49.2,43,27.4,0.0,1026.0,7.8,12.8,3,2022-01-28,3
2022-01-28 04:00:00,48.5,39,24.9,0.0,1026.2,10.6,18.3,3,2022-01-28,4
2022-01-28 05:00:00,47.0,40,24.1,0.0,1026.5,11.1,19.5,3,2022-01-28,5
2022-01-28 06:00:00,45.7,41,23.5,0.0,1027.0,11.4,19.9,3,2022-01-28,6
2022-01-28 07:00:00,46.6,42,24.7,0.0,1028.3,7.9,20.1,3,2022-01-28,7
2022-01-28 08:00:00,46.5,42,24.7,0.0,1029.6,10.4,18.3,3,2022-01-28,8
2022-01-28 09:00:00,45.6,49,27.6,0.0,1030.7,9.2,18.3,3,2022-01-28,9
2022-01-28 10:00:00,45.6,55,30.6,0.0,1031.9,8.5,16.1,3,2022-01-28,10
2022-01-28 11:00:00,48.1,54,32.3,0.0,1032.5,10.4,21.5,0,2022-01-28,11
2022-01-28 12:00:00,50.2,52,33.0,0.0,1032.6,9.7,20.6,0,2022-01-28,12
2022-01-28 13:00:00,52.6,46,32.2,0.0,1031.9,10.8,21.9,0,2022-01-28,13
2022-01-28 14:00:00,54.1,38,29.0,0.0,1030.8,10.7,22.1,0,2022-01-28,14
2022-01-28 15:00:00,55.0,36,28.7,0.0,1029.8,11.2,22.6,0,2022-01-28,15
2022-01-28 16:00:00,55.6,34,27.7,0.0,1029.2,10.9,22.4,0,2022-01-28,16
2022-01-28 17:00:00,55.4,34,27.1,0.0,1029.0,11.3,21.5,0,2022-01-28,17
2022-01-28 18:00:00,53.7,37,28.3,0.0,1029.2,9.6,21.0,0,2022-01-28,18
2022-01-28 19:00:00,50.2,40,27.0,0.0,1029.8,6.5,16.8,0,2022-01-28,19
2022-01-28 20:00:00,48.0,44,27.0,0.0,1030.4,6.4,10.7,0,2022-01-28,20
2022-01-28 21:00:00,46.3,47,27.4,0.0,1030.9,6.3,10.3,0,2022-01-28,21
2022-01-28 22:00:00,44.9,50,27.3,0.0,1031.3,5.8,10.3,0,2022-01-28,22
2022-01-28 23:00:00,43.7,51,27.0,0.0,1031.8,5.9,9.8,0,2022-01-28,23
2022-01-29 00:00:00,42.3,54,27.0,0.0,1032.0,4.9,9.4,0,2022-01-29,0
2022-01-29 01:00:00,40.6,59,27.3,0.0,1031.5,4.6,7.6,0,2022-01-29,1
2022-01-29 02:00:00,39.1,64,28.0,0.0,1031.0,5.4,6.9,0,2022-01-29,2
2022-01-29 03:00:00,37.8,68,28.3,0.0,1030.5,5.5,7.2,0,2022-01-29,3
2022-01-29 04:00:00,37.4,70,28.4,0.0,1030.3,4.2,6.9,0,2022-01-29,4
2022-01-29 05:00:00,35.5,78,29.2,0.0,1030.1,5.7,6.5,0,2022-01-29,5
2022-01-29 06:00:00,34.7,82,29.7,0.0,1030.3,5.1,7.2,0,2022-01-29,6
2022-01-29 07:00:00,36.7,73,28.9,0.0,1030.7,1.3,5.8,0,2022-01-29,7
2022-01-29 08:00:00,33.0,83,28.4,0.0,1031.3,1.4,1.8,0,2022-01-29,8
2022-01-29 09:00:00,35.2,79,29.5,0.0,1031.7,2.6,4.0,0,2022-01-29,9
2022-01-29 10:00:00,43.2,69,33.5,0.0,1032.0,2.5,7.4,0,2022-01-29,10
2022-01-29 11:00:00,49.1,54,33.0,0.0,1032.1,2.9,8.9,0,2022-01-29,11
2022-01-29 12:00:00,53.1,44,31.9,0.0,1031.6,4.6,11.9,0,2022-01-29,12
2022-01-29 13:00:00,55.8,40,31.8,0.0,1030.4,5.4,13.4,0,2022-01-29,13
2022-01-29 14:00:00,57.6,38,32.0,0.0,1029.0,6.3,15.0,0,2022-01-29,14
2022-01-29 15:00:00,58.7,37,32.2,0.0,1027.4,7.0,15.7,0,2022-01-29,15
2022-01-29 16:00:00,59.2,36,32.1,0.0,1026.5,7.4,15.9,0,2022-01-29,16
2022-01-29 17:00:00,58.9,36,32.0,0.0,1026.0,6.8,15.7,0,2022-01-29,17
2022-01-29 18:00:00,56.9,44,35.4,0.0,1025.6,4.2,13.2,0,2022-01-29,18
2022-01-29 19:00:00,50.2,54,34.3,0.0,1024.7,6.1,7.6,0,2022-01-29,19
2022-01-29 20:00:00,50.5,48,31.8,0.0,1024.9,5.8,8.9,0,2022-01-29,20
2022-01-29 21:00:00,49.0,50,31.1,0.0,1025.4,6.8,10.7,0,2022-01-29,21
2022-01-29 22:00:00,47.6,57,33.3,0.0,1025.5,9.2,15.2,0,2022-01-29,22
2022-01-29 23:00:00,46.2,63,34.2,0.0,1025.3,9.1,15.4,0,2022-01-29,23
2022-01-30 00:00:00,45.1,62,33.1,0.0,1025.3,8.2,15.4,0,2022-01-30,0
2022-01-30 01:00:00,44.2,63,32.3,0.0,1025.1,7.6,13.9,0,2022-01-30,1
2022-01-30 02:00:00,43.6,64,32.4,0.0,1024.8,7.3,12.5,0,2022-01-30,2
2022-01-30 03:00:00,43.2,67,33.2,0.0,1024.4,7.3,12.1,0,2022-01-30,3
2022-01-30 04:00:00,42.9,72,34.5,0.0,1024.1,7.1,12.1,0,2022-01-30,4
2022-01-30 05:00:00,42.5,77,35.8,0.0,1023.6,7.1,11.6,0,2022-01-30,5
2022-01-30 06:00:00,42.2,81,36.8,0.0,1023.4,6.6,11.6,0,2022-01-30,6
2022-01-30 07:00:00,42.9,79,37.0,0.0,1023.6,6.3,10.5,0,2022-01-30,7
2022-01-30 08:00:00,40.6,85,36.5,0.0,1024.0,6.2,10.1,0,2022-01-30,8
2022-01-30 09:00:00,43.0,81,37.5,0.0,1024.5,6.9,11.0,0,2022-01-30,9
2022-01-30 10:00:00,48.9,73,40.5,0.0,1024.8,5.9,12.5,0,2022-01-30,10
2022-01-30 11:00:00,54.3,65,42.6,0.0,1025.2,5.7,12.8,0,2022-01-30,11
2022-01-30 12:00:00,58.9,58,44.0,0.0,1025.1,6.1,13.6,0,2022-01-30,12
2022-01-30 13:00:00,62.3,48,42.3,0.0,1024.2,7.7,16.3,0,2022-01-30,13
2022-01-30 14:00:00,64.1,39,38.9,0.0,1023.0,8.2,17.9,0,2022-01-30,14
2022-01-30 15:00:00,64.9,37,38.1,0.0,1021.5,7.8,17.7,1,2022-01-30,15
2022-01-30 16:00:00,65.2,37,38.4,0.0,1020.9,7.6,16.6,0,2022-01-30,16
2022-01-30 17:00:00,64.8,40,39.7,0.0,1020.6,6.8,15.4,0,2022-01-30,17
2022-01-30 18:00:00,62.1,61,48.3,0.0,1020.4,2.6,13.0,0,2022-01-30,18
2022-01-30 19:00:00,55.8,68,45.5,0.0,1019.3,6.6,5.4,0,2022-01-30,19
2022-01-30 20:00:00,56.3,72,47.6,0.0,1019.6,7.2,11.0,0,2022-01-30,20
2022-01-30 21:00:00,55.3,75,47.7,0.0,1019.8,8.1,14.1,0,2022-01-30,21
2022-01-30 22:00:00,53.6,77,46.5,0.0,1019.9,7.0,13.4,0,2022-01-30,22
2022-01-30 23:00:00,52.3,79,46.1,0.0,1020.2,6.5,11.4,0,2022-01-30,23
2022-01-31 00:00:00,52.2,81,46.7,0.0,1019.8,5.4,11.0,2,2022-01-31,0
2022-01-31 01:00:00,53.4,81,47.7,0.0,1019.2,5.0,8.5,3,2022-01-31,1
2022-01-31 02:00:00,56.6,74,48.6,0.0,1018.8,5.7,9.6,3,2022-01-31,2
2022-01-31 03:00:00,56.3,77,49.2,0.0,1018.5,4.0,9.4,3,2022-01-31,3
2022-01-31 04:00:00,55.7,81,50.0,0.0,1018.2,3.7,6.0,3,2022-01-31,4
2022-01-31 05:00:00,55.8,81,50.1,0.0,1017.8,3.2,5.4,3,2022-01-31,5
2022-01-31 06:00:00,55.1,84,50.4,0.0,1018.0,3.8,5.4,3,2022-01-31,6
2022-01-31 07:00:00,57.2,92,54.8,0.004,1018.0,8.2,8.5,51,2022-01-31,7
2022-01-31 08:00:00,53.2,97,52.4,0.075,1018.0,4.8,13.4,61,2022-01-31,8
2022-01-31 09:00:00,56.4,96,55.4,0.488,1018.1,8.6,16.6,65,2022-01-31,9
2022-01-31 10:00:00,58.2,96,57.1,0.173,1018.2,7.0,14.3,63,2022-01-31,10
2022-01-31 11:00:00,60.3,91,57.6,0.004,1017.9,8.2,15.2,51,2022-01-31,11
2022-01-31 12:00:00,62.8,85,58.3,0.0,1017.7,7.5,15.0,3,2022-01-31,12
2022-01-31 13:00:00,64.2,81,58.3,0.004,1016.7,7.3,15.2,51,2022-01-31,13
2022-01-31 14:00:00,64.6,76,56.9,0.02,1015.6,11.3,19.9,53,2022-01-31,14
2022-01-31 15:00:00,60.1,92,57.7,0.075,1014.7,9.9,20.6,61,2022-01-31,15
2022-01-31 16:00:00,60.0,89,56.8,0.047,1014.2,10.6,18.1,55,2022-01-31,16
2022-01-31 17:00:00,58.5,95,57.1,0.075,1014.2,8.8,17.9,61,2022-01-31,17
2022-01-31 18:00:00,58.3,96,57.1,0.051,1013.9,8.5,17.2,61,2022-01-31,18
2022-01-31 19:00:00,58.4,94,56.6,0.016,1014.4,9.7,15.4,51,2022-01-31,19
2022-01-31 20:00:00,57.8,96,56.8,0.157,1014.5,11.2,18.8,63,2022-01-31,20
2022-01-31 21:00:00,56.8,97,55.9,0.098,1014.2,12.2,22.4,63,2022-01-31,21
2022-01-31 22:00:00,56.4,97,55.7,0.028,1014.2,11.1,21.0,53,2022-01-31,22
2022-01-31 23:00:00,56.6,98,55.9,0.146,1014.2,11.0,19.7,63,2022-01-31,23
2022-02-01 00:00:00,56.9,98,56.3,0.134,1013.9,10.6,19.5,63,2022-02-01,0
2022-02-01 01:00:00,57.0,97,56.3,0.102,1013.2,9.6,18.6,63,2022-02-01,1
2022-02-01 02:00:00,57.6,97,56.7,0.079,1012.1,14.1,23.9,61,2022-02-01,2
2022-02-01 03:00:00,57.7,97,56.8,0.047,1010.2,14.6,26.6,55,2022-02-01,3
2022-02-01 04:00:00,56.9,97,56.0,0.031,1009.9,11.6,25.3,53,2022-02-01,4
2022-02-01 05:00:00,55.8,98,55.2,0.004,1010.2,6.0,19.9,51,2022-02-01,5
2022-02-01 06:00:00,55.6,99,55.3,0.004,1009.3,11.1,18.3,51,2022-02-01,6
2022-02-01 07:00:00,56.9,99,56.7,0.039,1010.9,4.3,21.9,55,2022-02-01,7
2022-02-01 08:00:00,56.1,100,56.0,0.0,1011.0,6.0,10.5,3,2022-02-01,8
2022-02-01 09:00:00,57.4,98,56.8,0.0,1011.3,7.7,12.8,3,2022-02-01,9
2022-02-01 10:00:00,58.6,96,57.5,0.0,1011.7,8.6,15.4,3,2022-02-01,10
2022-02-01 11:00:00,60.3,90,57.5,0.0,1011.9,9.8,18.1,3,2022-02-01,11
2022-02-01 12:00:00,61.3,88,57.7,0.0,1011.8,8.9,18.6,3,2022-02-01,12
2022-02-01 13:00:00,63.1,84,58.3,0.004,1010.8,6.3,17.4,51,2022-02-01,13
2022-02-01 14:00:00,65.0,79,58.3,0.008,1009.8,3.8,13.4,51,2022-02-01,14
2022-02-01 15:00:00,66.8,72,57.5,0.004,1008.9,1.5,10.5,51,2022-02-01,15
2022-02-01 16:00:00,67.7,67,56.6,0.0,1008.6,0.3,7.4,2,2022-02-01,16
2022-02-01 17:00:00,68.1,65,56.0,0.0,1008.2,1.8,6.3,1,2022-02-01,17
2022-02-01 18:00:00,67.2,68,56.3,0.0,1008.2,0.4,6.3,2,2022-02-01,18
2022-02-01 19:00:00,60.9,92,58.6,0.0,1009.0,3.8,4.9,3,2022-02-01,19
2022-02-01 20:00:00,61.0,95,59.5,0.012,1009.1,2.8,4.5,51,2022-02-01,20
2022-02-01 21:00:00,60.6,95,59.2,0.0,1009.7,2.7,4.0,3,2022-02-01,21
2022-02-01 22:00:00,61.9,91,59.1,0.0,1010.0,1.4,3.1,3,2022-02-01,22
2022-02-01 23:00:00,58.8,96,57.7,0.0,1010.7,4.7,6.0,3,2022-02-01,23
2022-02-02 00:00:00,58.1,96,57.0,0.0,1011.0,6.4,10.3,2,2022-02-02,0
2022-02-02 01:00:00,56.3,97,55.5,0.0,1010.9,5.4,10.5,2,2022-02-02,1
2022-02-02 02:00:00,54.5,98,53.9,0.0,1010.7,4.3,8.9,3,2022-02-02,2
2022-02-02 03:00:00,52.7,98,52.2,0.0,1010.7,4.1,6.9,3,2022-02-02,3
2022-02-02 04:00:00,51.9,99,51.6,0.0,1010.5,4.9,6.0,1,2022-02-02,4
2022-02-02 05:00:00,51.0,99,50.6,0.0,1010.2,5.4,6.7,3,2022-02-02,5
2022-02-02 06:00:00,50.5,98,50.1,0.0,1010.3,5.1,6.0,3,2022-02-02,6
2022-02-02 07:00:00,51.1,99,50.7,0.0,1010.0,4.7,6.3,3,2022-02-02,7
2022-02-02 08:00:00,52.1,98,51.6,0.0,1010.4,5.6,6.3,3,2022-02-02,8
2022-02-02 09:00:00,56.8,98,56.2,0.004,1010.8,3.0,6.3,51,2022-02-02,9
2022-02-02 10:00:00,60.0,96,58.8,0.0,1011.5,4.7,7.8,3,2022-02-02,10
2022-02-02 11:00:00,64.1,93,62.0,0.02,1012.2,2.9,8.9,53,2022-02-02,11
2022-02-02 12:00:00,68.1,90,64.9,0.008,1012.2,4.9,11.4,51,2022-02-02,12
2022-02-02 13:00:00,71.1,84,65.8,0.0,1011.5,6.3,15.4,3,2022-02-02,13
2022-02-02 14:00:00,72.7,77,65.0,0.0,1010.2,7.8,17.9,3,2022-02-02,14
2022-02-02 15:00:00,71.5,73,62.5,0.024,1009.4,8.7,18.1,53,2022-02-02,15
2022-02-02 16:00:00,71.0,78,63.8,0.008,1008.6,9.5,19.9,51,2022-02-02,16
2022-02-02 17:00:00,70.3,80,64.0,0.004,1008.3,10.3,19.5,51,2022-02-02,17
2022-02-02 18:00:00,67.7,92,65.4,0.0,1008.5,10.1,20.4,3,2022-02-02,18
2022-02-02 19:00:00,65.0,98,64.4,0.0,1009.1,3.0,17.9,3,2022-02-02,19
2022-02-02 20:00:00,64.0,98,63.4,0.106,1008.5,3.3,7.6,63,2022-02-02,20
2022-02-02 21:00:00,63.8,99,63.4,0.051,1008.7,4.5,11.9,61,2022-02-02,21
2022-02-02 22:00:00,62.9,100,62.8,0.047,1009.1,2.6,10.5,55,2022-02-02,22
2022-02-02 23:00:00,63.7,96,62.4,0.087,1009.3,1.7,6.5,61,2022-02-02,23
2022-02-03 00:00:00,61.7,99,61.5,0.154,1010.1,11.4,17.7,63,2022-02-03,0
2022-02-03 01:00:00,50.6,95,49.4,0.02,1010.6,12.5,26.2,53,2022-02-03,1
2022-02-03 02:00:00,48.8,94,47.2,0.0,1010.5,15.3,26.4,3,2022-02-03,2
2022-02-03 03:00:00,45.4,91,43.1,0.0,1011.3,13.7,28.6,3,2022-02-03,3
2022-02-03 04:00:00,44.1,91,41.5,0.004,1010.6,13.3,26.2,51,2022-02-03,4
2022-02-03 05:00:00,43.3,91,40.9,0.024,1011.5,12.6,24.2,53,2022-02-03,5
2022-02-03 06:00:00,41.6,96,40.5,0.063,1013.1,14.0,25.3,61,2022-02-03,6
2022-02-03 07:00:00,40.6,92,38.4,0.02,1013.9,13.5,28.6,53,2022-02-03,7
2022-02-03 08:00:00,40.6,93,38.8,0.008,1015.3,10.7,24.4,51,2022-02-03,8
2022-02-03 09:00:00,40.2,92,38.0,0.0,1016.3,13.1,22.8,3,2022-02-03,9
2022-02-03 10:00:00,39.9,91,37.5,0.016,1017.2,14.9,29.5,51,2022-02-03,10
2022-02-03 11:00:00,38.5,96,37.4,0.016,1018.4,14.6,28.0,51,2022-02-03,11
2022-02-03 12:00:00,39.0,89,36.0,0.008,1018.2,16.6,34.7,51,2022-02-03,12
2022-02-03 13:00:00,39.8,82,34.7,0.0,1018.8,14.1,33.3,3,2022-02-03,13
2022-02-03 14:00:00,38.1,83,33.5,0.004,1018.5,14.5,30.0,51,2022-02-03,14
2022-02-03 15:00:00,39.5,78,33.3,0.0,1018.1,16.6,32.0,3,2022-02-03,15
2022-02-03 16:00:00,39.2,77,32.7,0.004,1019.3,13.9,31.8,51,2022-02-03,16
2022-02-03 17:00:00,37.2,80,31.7,0.004,1019.6,15.2,28.0,51,2022-02-03,17
2022-02-03 18:00:00,36.1,84,31.8,0.012,1020.8,14.4,28.2,51,2022-02-03,18
2022-02-03 19:00:00,33.6,93,31.7,0.024,1021.8,14.0,25.9,53,2022-02-03,19
2022-02-03 20:00:00,32.6,95,31.5,0.047,1023.3,13.5,26.6,55,2022-02-03,20
2022-02-03 21:00:00,31.1,90,28.6,0.016,1024.6,14.6,28.2,51,2022-02-03,21
2022-02-03 22:00:00,30.3,90,27.6,0.008,1026.0,13.8,26.6,51,2022-02-03,22
2022-02-03 23:00:00,29.8,89,26.9,0.0,1027.2,11.9,25.5,3,2022-02-03,23
2022-02-04 00:00:00,29.0,86,25.4,0.0,1027.7,12.0,23.0,3,2022-02-04,0
2022-02-04 01:00:00,28.8,84,24.5,0.0,1027.7,12.6,23.9,1,2022-02-04,1
2022-02-04 02:00:00,28.7,81,23.5,0.0,1028.1,12.4,23.3,3,2022-02-04,2
2022-02-04 03:00:00,28.9,70,20.4,0.0,1028.3,12.5,23.5,3,2022-02-04,3
2022-02-04 04:00:00,28.5,66,18.5,0.0,1028.2,12.7,23.3,3,2022-02-04,4
2022-02-04 05:00:00,27.2,64,16.7,0.0,1028.6,13.0,23.0,1,2022-02-04,5
2022-02-04 06:00:00,25.6,66,15.9,0.0,1029.5,12.5,23.5,0,2022-02-04,6
2022-02-04 07:00:00,27.1,66,17.2,0.0,1031.0,12.5,22.6,0,2022-02-04,7
2022-02-04 08:00:00,25.9,67,16.5,0.0,1031.8,11.9,22.4,0,2022-02-04,8
2022-02-04 09:00:00,26.2,67,16.9,0.0,1032.0,13.2,24.2,1,2022-02-04,9
2022-02-04 10:00:00,28.7,64,17.9,0.0,1032.8,13.4,25.5,2,2022-02-04,10
2022-02-04 11:00:00,30.6,60,18.6,0.0,1033.4,14.4,27.5,3,2022-02-04,11
2022-02-04 12:00:00,30.7,60,18.4,0.0,1033.6,14.8,28.4,3,2022-02-04,12
2022-02-04 13:00:00,35.1,56,20.8,0.0,1033.6,15.1,30.4,3,2022-02-04,13
2022-02-04 14:00:00,34.6,57,20.8,0.0,1033.4,14.7,29.1,3,2022-02-04,14
2022-02-04 15:00:00,38.7,52,22.4,0.0,1032.6,15.0,28.6,3,2022-02-04,15
2022-02-04 16:00:00,42.1,48,24.0,0.0,1032.3,14.5,28.9,2,2022-02-04,16
2022-02-04 17:00:00,42.4,49,24.4,0.0,1032.5,14.3,28.2,0,2022-02-04,17
2022-02-04 18:00:00,41.8,51,24.8,0.0,1032.8,14.4,27.1,0,2022-02-04,18
2022-02-04 19:00:00,32.5,66,22.5,0.0,1035.7,12.9,25.9,0,2022-02-04,19
2022-02-04 20:00:00,32.4,69,23.2,0.0,1036.1,12.7,22.8,3,2022-02-04,20
2022-02-04 21:00:00,33.1,67,23.5,0.0,1036.9,12.8,22.4,3,2022-02-04,21
2022-02-04 22:00:00,33.3,66,23.1,0.0,1037.4,10.5,23.5,3,2022-02-04,22
2022-02-04 23:00:00,33.0,67,23.2,0.0,1037.7,8.5,18.3,1,2022-02-04,23
2022-02-05 00:00:00,30.7,73,23.1,0.0,1037.7,8.0,15.2,0,2022-02-05,0
2022-02-05 01:00:00,29.6,76,22.8,0.0,1037.5,8.2,14.1,0,2022-02-05,1
2022-02-05 02:00:00,29.0,76,22.3,0.0,1037.4,8.8,15.0,0,2022-02-05,2
2022-02-05 03:00:00,28.6,73,21.0,0.0,1037.1,9.0,15.2,0,2022-02-05,3
2022-02-05 04:00:00,28.1,69,19.4,0.0,1036.7,8.1,15.4,0,2022-02-05,4
2022-02-05 05:00:00,27.4,70,19.0,0.0,1036.7,7.2,13.9,0,2022-02-05,5
2022-02-05 06:00:00,26.5,74,19.2,0.0,1036.5,6.4,12.1,0,2022-02-05,6
2022-02-05 07:00:00,26.3,78,20.3,0.0,1036.8,5.7,10.7,0,2022-02-05,7
2022-02-05 08:00:00,25.6,81,20.5,0.0,1036.8,5.5,9.4,0,2022-02-05,8
2022-02-05 09:00:00,27.6,79,21.8,0.0,1036.6,6.6,10.5,0,2022-02-05,9
2022-02-05 10:00:00,32.5,70,23.7,0.0,1036.8,4.5,11.0,0,2022-02-05,10
2022-02-05 11:00:00,37.4,59,24.5,0.0,1037.1,4.7,12.1,0,2022-02-05,11
2022-02-05 12:00:00,41.3,50,24.1,0.0,1036.4,4.3,12.5,0,2022-02-05,12
2022-02-05 13:00:00,44.3,46,24.7,0.0,1035.1,3.5,12.5,0,2022-02-05,13
2022-02-05 14:00:00,46.6,43,25.3,0.0,1033.5,2.5,11.6,0,2022-02-05,14
2022-02-05 15:00:00,48.1,42,25.9,0.0,1032.1,1.4,10.3,0,2022-02-05,15
2022-02-05 16:00:00,48.7,42,26.7,0.0,1030.9,0.5,8.5,0,2022-02-05,16
2022-02-05 17:00:00,48.7,41,25.7,0.0,1030.0,0.5,6.7,0,2022-02-05,17
2022-02-05 18:00:00,47.5,43,26.0,0.0,1029.4,1.6,5.6,0,2022-02-05,18
2022-02-05 19:00:00,44.6,47,25.8,0.0,1029.0,3.1,4.7,0,2022-02-05,19
2022-02-05 20:00:00,39.3,59,26.2,0.0,1028.6,4.8,5.4,0,2022-02-05,20
2022-02-05 21:00:00,36.6,64,25.5,0.0,1028.6,5.8,6.9,0,2022-02-05,21
2022-02-05 22:00:00,34.9,68,25.4,0.0,1028.4,6.1,7.6,0,2022-02-05,22
2022-02-05 23:00:00,34.4,65,23.9,0.0,1028.2,4.7,7.8,0,2022-02-05,23
2022-02-06 00:00:00,33.5,66,23.3,0.0,1028.0,4.9,8.3,0,2022-02-06,0
2022-02-06 01:00:00,31.8,72,23.7,0.0,1027.8,4.8,7.6,0,2022-02-06,1
2022-02-06 02:00:00,30.8,76,24.3,0.0,1027.2,4.5,7.4,0,2022-02-06,2
2022-02-06 03:00:00,29.6,82,24.6,0.0,1026.9,4.1,6.9,0,2022-02-06,3
2022-02-06 04:00:00,27.7,86,24.1,0.0,1025.9,5.6,6.9,0,2022-02-06,4
2022-02-06 05:00:00,26.8,88,23.8,0.0,1025.6,5.8,6.5,0,2022-02-06,5
2022-02-06 06:00:00,26.4,89,23.6,0.0,1025.6,4.9,6.7,0,2022-02-06,6
2022-02-06 07:00:00,29.8,81,24.8,0.0,1025.8,1.8,5.6,0,2022-02-06,7
2022-02-06 08:00:00,26.1,87,22.9,0.0,1026.1,1.9,2.5,0,2022-02-06,8
2022-02-06 09:00:00,31.3,81,26.2,0.0,1026.0,4.4,6.9,0,2022-02-06,9
2022-02-06 10:00:00,40.9,68,31.2,0.0,1026.2,4.1,8.9,0,2022-02-06,10
2022-02-06 11:00:00,46.9,58,33.1,0.0,1026.5,4.3,11.0,0,2022-02-06,11
2022-02-06 12:00:00,50.6,59,37.0,0.0,1026.5,4.9,12.8,0,2022-02-06,12
2022-02-06 13:00:00,53.2,59,39.0,0.0,1025.8,5.1,13.4,0,2022-02-06,13
2022-02-06 14:00:00,54.9,58,40.3,0.0,1024.8,4.7,13.6,0,2022-02-06,14
2022-02-06 15:00:00,56.9,53,40.2,0.0,1023.5,5.2,13.0,3,2022-02-06,15
2022-02-06 16:00:00,56.5,55,40.4,0.0,1022.9,3.9,13.0,3,2022-02-06,16
2022-02-06 17:00:00,55.8,56,40.4,0.0,1022.6,3.5,10.1,3,2022-02-06,17
2022-02-06 18:00:00,54.2,61,41.0,0.0,1022.5,6.5,11.0,3,2022-02-06,18
2022-02-06 19:00:00,51.3,75,43.7,0.0,1022.4,4.1,11.2,3,2022-02-06,19
2022-02-06 20:00:00,50.5,68,40.2,0.0,1023.2,5.8,9.4,3,2022-02-06,20
2022-02-06 21:00:00,47.6,73,39.2,0.0,1023.7,3.9,9.4,1,2022-02-06,21
2022-02-06 22:00:00,43.8,85,39.7,0.0,1024.4,5.9,6.9,0,2022-02-06,22
2022-02-06 23:00:00,42.0,89,39.0,0.0,1024.9,5.7,6.7,0,2022-02-06,23
2022-02-07 00:00:00,45.4,83,40.6,0.0,1025.5,2.6,6.5,3,2022-02-07,0
2022-02-07 01:00:00,41.5,91,39.2,0.0,1025.7,1.8,3.4,3,2022-02-07,1
2022-02-07 02:00:00,41.4,93,39.4,0.0,1025.9,2.1,3.4,3,2022-02-07,2
2022-02-07 03:00:00,40.0,95,38.8,0.0,1026.0,3.2,5.1,3,2022-02-07,3
2022-02-07 04:00:00,39.5,95,38.2,0.0,1026.0,3.7,5.8,3,2022-02-07,4
2022-02-07 05:00:00,40.3,92,38.0,0.0,1026.1,5.7,8.9,3,2022-02-07,5
2022-02-07 06:00:00,40.9,79,34.8,0.0,1026.2,5.8,10.1,3,2022-02-07,6
2022-02-07 07:00:00,39.8,73,31.8,0.0,1026.5,5.4,9.6,3,2022-02-07,7
2022-02-07 08:00:00,39.7,72,31.3,0.0,1027.2,4.5,8.9,3,2022-02-07,8
2022-02-07 09:00:00,41.4,70,32.3,0.0,1028.0,7.3,11.9,1,2022-02-07,9
2022-02-07 10:00:00,46.0,65,35.0,0.0,1029.1,5.4,11.9,0,2022-02-07,10
2022-02-07 11:00:00,51.3,55,35.6,0.0,1029.1,5.4,12.5,0,2022-02-07,11
2022-02-07 12:00:00,55.4,44,34.0,0.0,1028.8,7.2,15.4,0,2022-02-07,12
2022-02-07 13:00:00,57.6,40,33.5,0.0,1027.8,8.7,18.3,0,2022-02-07,13
2022-02-07 14:00:00,59.0,39,34.2,0.0,1026.8,8.1,18.6,0,2022-02-07,14
2022-02-07 15:00:00,59.7,39,34.6,0.0,1026.1,7.7,17.7,0,2022-02-07,15
2022-02-07 16:00:00,59.6,39,34.5,0.0,1025.8,8.9,17.9,0,2022-02-07,16
2022-02-07 17:00:00,58.8,40,34.7,0.0,1025.6,9.6,18.3,0,2022-02-07,17
2022-02-07 18:00:00,57.0,45,36.0,0.0,1025.9,8.7,18.3,0,2022-02-07,18
2022-02-07 19:00:00,53.6,48,34.2,0.0,1025.7,6.9,15.2,0,2022-02-07,19
2022-02-07 20:00:00,51.3,51,34.0,0.0,1026.4,7.2,12.3,0,2022-02-07,20
2022-02-07 21:00:00,49.3,55,33.8,0.0,1026.8,7.3,12.1,0,2022-02-07,21
2022-02-07 22:00:00,47.6,56,32.7,0.0,1027.6,8.8,14.3,0,2022-02-07,22
2022-02-07 23:00:00,46.4,52,29.9,0.0,1027.8,8.6,14.5,0,2022-02-07,23
2022-02-08 00:00:00,44.8,52,28.2,0.0,1027.8,8.3,14.3,0,2022-02-08,0
2022-02-08 01:00:00,43.5,52,26.9,0.0,1027.7,7.3,13.9,0,2022-02-08,1
2022-02-08 02:00:00,41.4,56,26.7,0.0,1027.5,5.8,11.9,0,2022-02-08,2
2022-02-08 03:00:00,39.0,62,27.0,0.0,1027.5,5.0,9.2,0,2022-02-08,3
2022-02-08 04:00:00,37.8,65,27.0,0.0,1027.0,4.7,7.8,0,2022-02-08,4
2022-02-08 05:00:00,37.3,66,27.0,0.0,1026.7,5.1,8.1,0,2022-02-08,5
2022-02-08 06:00:00,36.9,66,26.6,0.0,1026.7,5.5,8.9,0,2022-02-08,6
2022-02-08 07:00:00,35.1,72,27.0,0.0,1026.8,5.0,8.9,0,2022-02-08,7
2022-02-08 08:00:00,33.1,77,26.8,0.0,1027.1,6.3,7.6,0,2022-02-08,8
2022-02-08 09:00:00,37.8,69,28.6,0.0,1027.5,4.5,7.6,0,2022-02-08,9
2022-02-08 10:00:00,44.4,63,32.6,0.0,1027.9,2.3,7.4,0,2022-02-08,10
2022-02-08 11:00:00,50.7,54,34.9,0.0,1027.7,1.1,7.2,0,2022-02-08,11
2022-02-08 12:00:00,55.6,44,34.1,0.0,1027.6,0.9,7.4,0,2022-02-08,12
2022-02-08 13:00:00,58.1,36,31.0,0.0,1026.7,1.4,8.1,0,2022-02-08,13
2022-02-08 14:00:00,59.6,34,31.1,0.0,1025.4,1.1,8.3,0,2022-02-08,14
2022-02-08 15:00:00,60.5,34,31.9,0.0,1024.1,0.7,7.8,0,2022-02-08,15
2022-02-08 16:00:00,60.8,34,32.2,0.0,1023.2,1.7,7.6,0,2022-02-08,16
2022-02-08 17:00:00,60.3,35,32.5,0.0,1022.7,2.6,7.8,0,2022-02-08,17
2022-02-08 18:00:00,58.5,45,37.3,0.0,1022.6,3.2,7.6,0,2022-02-08,18
2022-02-08 19:00:00,51.7,57,37.0,0.0,1022.1,6.3,6.7,0,2022-02-08,19
2022-02-08 20:00:00,50.1,54,34.2,0.0,1022.1,5.3,7.8,0,2022-02-08,20
2022-02-08 21:00:00,48.7,52,31.6,0.0,1022.6,9.4,16.1,0,2022-02-08,21
2022-02-08 22:00:00,46.6,52,30.1,0.0,1023.2,6.9,15.7,0,2022-02-08,22
2022-02-08 23:00:00,44.7,55,29.7,0.0,1023.4,6.2,11.6,0,2022-02-08,23
2022-02-09 00:00:00,43.5,60,30.6,0.0,1023.3,6.5,10.7,0,2022-02-09,0
2022-02-09 01:00:00,42.6,65,31.6,0.0,1023.0,6.0,10.7,0,2022-02-09,1
2022-02-09 02:00:00,41.5,70,32.5,0.0,1022.9,5.3,9.8,0,2022-02-09,2
2022-02-09 03:00:00,40.9,74,33.2,0.0,1022.5,5.4,8.7,0,2022-02-09,3
2022-02-09 04:00:00,40.1,77,33.4,0.0,1022.0,5.3,8.5,0,2022-02-09,4
2022-02-09 05:00:00,39.7,79,33.5,0.0,1021.7,5.6,8.9,0,2022-02-09,5
2022-02-09 06:00:00,39.1,81,33.6,0.0,1021.5,5.2,8.9,0,2022-02-09,6
2022-02-09 07:00:00,38.1,84,33.6,0.0,1021.8,5.0,8.3,0,2022-02-09,7
2022-02-09 08:00:00,36.5,88,33.3,0.0,1022.1,4.6,7.6,0,2022-02-09,8
2022-02-09 09:00:00,40.6,81,35.4,0.0,1022.4,6.2,8.9,0,2022-02-09,9
2022-02-09 10:00:00,47.9,72,39.2,0.0,1023.0,4.7,11.0,0,2022-02-09,10
2022-02-09 11:00:00,54.0,61,40.8,0.0,1023.2,5.4,12.3,0,2022-02-09,11
2022-02-09 12:00:00,58.7,52,41.1,0.0,1022.9,6.9,15.0,0,2022-02-09,12
2022-02-09 13:00:00,62.1,47,41.8,0.0,1022.2,8.0,17.4,0,2022-02-09,13
2022-02-09 14:00:00,64.2,45,42.3,0.0,1021.3,7.9,17.4,0,2022-02-09,14
2022-02-09 15:00:00,65.5,43,42.3,0.0,1020.3,7.7,17.2,0,2022-02-09,15
2022-02-09 16:00:00,66.1,42,42.4,0.0,1019.4,6.6,16.3,0,2022-02-09,16
2022-02-09 17:00:00,66.0,43,42.8,0.0,1019.0,6.1,14.1,0,2022-02-09,17
2022-02-09 18:00:00,64.0,50,45.0,0.0,1018.8,4.7,12.1,0,2022-02-09,18
2022-02-09 19:00:00,57.0,59,42.6,0.0,1018.3,5.9,8.3,0,2022-02-09,19
2022-02-09 20:00:00,54.7,58,40.0,0.0,1018.4,5.2,7.8,0,2022-02-09,20
2022-02-09 21:00:00,53.0,67,42.2,0.0,1018.8,6.5,10.1,0,2022-02-09,21
2022-02-09 22:00:00,51.5,74,43.6,0.0,1019.1,6.9,11.6,0,2022-02-09,22
2022-02-09 23:00:00,49.5,79,43.2,0.0,1019.5,6.4,11.4,0,2022-02-09,23
2022-02-10 00:00:00,47.7,83,42.8,0.0,1019.8,6.0,10.3,0,2022-02-10,0
2022-02-10 01:00:00,46.2,84,41.6,0.0,1019.7,5.4,9.6,0,2022-02-10,1
2022-02-10 02:00:00,45.2,84,40.8,0.0,1019.7,5.2,8.5,0,2022-02-10,2
2022-02-10 03:00:00,44.1,86,40.1,0.0,1019.4,4.9,8.3,0,2022-02-10,3
2022-02-10 04:00:00,42.6,88,39.3,0.0,1019.4,4.3,7.8,0,2022-02-10,4
2022-02-10 05:00:00,40.5,91,37.9,0.0,1019.6,6.2,7.6,3,2022-02-10,5
2022-02-10 06:00:00,39.6,92,37.4,0.0,1020.0,6.0,7.6,3,2022-02-10,6
2022-02-10 07:00:00,39.9,91,37.5,0.0,1020.7,6.4,7.6,3,2022-02-10,7
2022-02-10 08:00:00,38.5,91,36.1,0.0,1021.2,6.2,7.8,3,2022-02-10,8
2022-02-10 09:00:00,43.9,84,39.4,0.0,1021.7,5.0,7.6,3,2022-02-10,9
2022-02-10 10:00:00,51.3,75,43.5,0.0,1022.2,3.4,8.7,3,2022-02-10,10
2022-02-10 11:00:00,57.3,64,45.4,0.0,1022.4,2.9,8.9,2,2022-02-10,11
2022-02-10 12:00:00,61.7,57,46.3,0.0,1022.3,4.0,11.2,3,2022-02-10,12
2022-02-10 13:00:00,64.8,48,44.5,0.0,1021.7,4.7,12.5,1,2022-02-10,13
2022-02-10 14:00:00,66.7,41,42.5,0.0,1020.6,4.5,12.5,0,2022-02-10,14
2022-02-10 15:00:00,67.7,40,42.3,0.0,1019.4,4.1,12.1,0,2022-02-10,15
2022-02-10 16:00:00,67.9,39,41.7,0.0,1018.7,4.0,11.4,0,2022-02-10,16
2022-02-10 17:00:00,67.4,38,41.0,0.0,1018.4,3.7,10.5,0,2022-02-10,17
2022-02-10 18:00:00,65.6,53,48.0,0.0,1018.4,1.8,8.7,3,2022-02-10,18
2022-02-10 19:00:00,58.9,54,42.4,0.0,1017.9,4.7,4.9,3,2022-02-10,19
2022-02-10 20:00:00,56.9,60,43.2,0.0,1018.2,8.5,14.1,3,2022-02-10,20
2022-02-10 21:00:00,54.8,58,40.4,0.0,1018.6,6.8,14.1,3,2022-02-10,21
2022-02-10 22:00:00,51.8,63,39.7,0.0,1018.7,5.9,11.2,2,2022-02-10,22
2022-02-10 23:00:00,49.2,65,37.9,0.0,1018.7,5.2,9.4,0,2022-02-10,23
2022-02-11 00:00:00,47.5,67,37.0,0.0,1018.8,4.9,8.1,0,2022-02-11,0
2022-02-11 01:00:00,46.4,70,37.1,0.0,1018.4,5.2,8.1,0,2022-02-11,1
2022-02-11 02:00:00,46.4,70,37.1,0.0,1018.0,5.9,9.6,0,2022-02-11,2
2022-02-11 03:00:00,45.7,76,38.4,0.0,1017.8,5.6,9.6,0,2022-02-11,3
2022-02-11 04:00:00,45.0,81,39.5,0.0,1017.5,5.4,8.7,0,2022-02-11,4
2022-02-11 05:00:00,44.2,86,40.2,0.0,1017.3,5.0,8.5,0,2022-02-11,5
2022-02-11 06:00:00,43.6,89,40.5,0.0,1017.0,4.9,7.6,0,2022-02-11,6
2022-02-11 07:00:00,44.0,93,42.0,0.0,1016.9,4.8,7.4,0,2022-02-11,7
2022-02-11 08:00:00,40.6,96,39.5,0.0,1017.1,6.7,8.1,0,2022-02-11,8
2022-02-11 09:00:00,45.9,91,43.2,0.0,1017.3,5.2,8.3,0,2022-02-11,9
2022-02-11 10:00:00,52.8,80,46.9,0.0,1017.8,3.0,8.9,0,2022-02-11,10
2022-02-11 11:00:00,58.8,72,50.0,0.0,1018.3,3.5,9.8,0,2022-02-11,11
2022-02-11 12:00:00,63.4,66,52.0,0.0,1018.3,5.2,13.0,0,2022-02-11,12
2022-02-11 13:00:00,66.3,58,51.1,0.0,1017.3,5.7,14.1,0,2022-02-11,13
2022-02-11 14:00:00,68.3,50,48.7,0.0,1016.0,5.8,14.3,0,2022-02-11,14
2022-02-11 15:00:00,69.3,46,47.6,0.0,1014.7,6.7,15.0,0,2022-02-11,15
2022-02-11 16:00:00,69.5,45,47.4,0.0,1014.2,7.4,15.7,0,2022-02-11,16
2022-02-11 17:00:00,69.3,45,47.1,0.0,1013.8,8.3,15.9,0,2022-02-11,17
2022-02-11 18:00:00,67.5,51,48.9,0.0,1013.8,5.3,15.9,0,2022-02-11,18
2022-02-11 19:00:00,62.5,71,53.0,0.0,1014.1,7.8,9.2,0,2022-02-11,19
2022-02-11 20:00:00,60.6,74,52.3,0.0,1014.8,8.1,15.0,0,2022-02-11,20
2022-02-11 21:00:00,58.3,80,52.2,0.0,1015.3,7.6,13.9,0,2022-02-11,21
2022-02-11 22:00:00,56.0,86,52.0,0.0,1015.8,6.2,12.5,0,2022-02-11,22
2022-02-11 23:00:00,54.3,91,51.6,0.0,1016.1,5.7,10.5,0,2022-02-11,23
2022-02-12 00:00:00,52.2,94,50.4,0.0,1016.4,4.2,9.2,0,2022-02-12,0
2022-02-12 01:00:00,50.9,95,49.6,0.0,1016.5,4.7,6.5,0,2022-02-12,1
2022-02-12 02:00:00,49.5,97,48.7,0.0,1016.4,6.0,7.4,0,2022-02-12,2
2022-02-12 03:00:00,49.1,98,48.6,0.0,1016.5,5.1,6.7,0,2022-02-12,3
2022-02-12 04:00:00,48.0,99,47.8,0.0,1016.3,5.1,6.0,0,2022-02-12,4
2022-02-12 05:00:00,47.8,100,47.8,0.0,1016.6,3.6,5.8,0,2022-02-12,5
2022-02-12 06:00:00,47.3,100,47.3,0.0,1017.0,3.4,4.5,3,2022-02-12,6
2022-02-12 07:00:00,48.8,100,48.8,0.0,1018.6,4.5,4.7,3,2022-02-12,7
2022-02-12 08:00:00,52.1,99,51.9,0.028,1018.8,3.9,9.8,53,2022-02-12,8
2022-02-12 09:00:00,53.1,97,52.3,0.122,1020.4,7.7,18.8,63,2022-02-12,9
2022-02-12 10:00:00,55.9,94,54.2,0.0,1021.1,7.6,13.6,2,2022-02-12,10
2022-02-12 11:00:00,57.6,89,54.4,0.004,1022.1,12.1,21.3,51,2022-02-12,11
2022-02-12 12:00:00,58.4,81,52.4,0.0,1023.0,16.7,31.1,3,2022-02-12,12
2022-02-12 13:00:00,57.3,69,47.4,0.0,1023.5,17.3,32.9,2,2022-02-12,13
2022-02-12 14:00:00,58.6,59,44.5,0.0,1023.5,19.2,35.8,3,2022-02-12,14
2022-02-12 15:00:00,56.1,60,42.3,0.0,1024.1,20.6,38.0,3,2022-02-12,15
2022-02-12 16:00:00,51.7,65,40.3,0.0,1024.9,19.7,38.3,3,2022-02-12,16
2022-02-12 17:00:00,48.6,67,38.1,0.0,1026.2,19.7,36.5,3,2022-02-12,17
2022-02-12 18:00:00,44.5,80,38.8,0.02,1026.5,14.7,35.8,53,2022-02-12,18
2022-02-12 19:00:00,45.3,72,36.8,0.004,1026.9,11.5,26.4,51,2022-02-12,19
2022-02-12 20:00:00,43.2,76,36.2,0.0,1028.4,11.3,20.1,2,2022-02-12,20
2022-02-12 21:00:00,42.7,76,35.8,0.0,1029.5,12.3,22.1,2,2022-02-12,21
2022-02-12 22:00:00,41.7,72,33.3,0.0,1030.6,11.1,21.9,3,2022-02-12,22
2022-02-12 23:00:00,41.5,57,27.2,0.0,1031.2,10.7,19.7,0,2022-02-12,23
2022-02-13 00:00:00,39.3,48,21.2,0.0,1032.0,10.2,18.8,0,2022-02-13,0
2022-02-13 01:00:00,37.8,43,17.1,0.0,1031.8,9.9,17.9,0,2022-02-13,1
2022-02-13 02:00:00,36.8,38,13.4,0.0,1031.7,10.6,18.6,0,2022-02-13,2
2022-02-13 03:00:00,36.0,36,11.5,0.0,1031.6,10.1,18.6,0,2022-02-13,3
2022-02-13 04:00:00,35.1,36,10.9,0.0,1031.3,9.9,17.4,0,2022-02-13,4
2022-02-13 05:00:00,34.2,37,10.5,0.0,1031.2,8.5,17.0,0,2022-02-13,5
2022-02-13 06:00:00,33.2,39,10.8,0.0,1031.8,6.9,14.5,0,2022-02-13,6
2022-02-13 07:00:00,31.9,44,12.2,0.0,1032.8,4.4,11.4,0,2022-02-13,7
2022-02-13 08:00:00,29.7,50,13.4,0.0,1033.1,4.3,6.9,0,2022-02-13,8
2022-02-13 09:00:00,33.4,51,17.2,0.0,1033.6,6.6,10.5,0,2022-02-13,9
2022-02-13 10:00:00,38.8,46,19.6,0.0,1034.4,5.2,11.6,0,2022-02-13,10
2022-02-13 11:00:00,43.4,39,20.1,0.0,1034.3,5.7,13.6,0,2022-02-13,11
2022-02-13 12:00:00,48.0,36,22.4,0.0,1034.1,5.7,14.1,0,2022-02-13,12
2022-02-13 13:00:00,51.9,35,25.0,0.0,1033.2,5.8,15.0,0,2022-02-13,13
2022-02-13 14:00:00,54.9,33,26.4,0.0,1031.7,5.7,14.5,0,2022-02-13,14
2022-02-13 15:00:00,56.8,32,27.4,0.0,1030.4,5.8,14.5,0,2022-02-13,15
2022-02-13 16:00:00,57.9,31,27.8,0.0,1029.7,6.2,14.5,0,2022-02-13,16
2022-02-13 17:00:00,58.0,31,27.8,0.0,1029.1,5.6,14.1,0,2022-02-13,17
2022-02-13 18:00:00,56.8,37,30.7,0.0,1029.1,4.1,12.1,0,2022-02-13,18
2022-02-13 19:00:00,50.6,52,33.7,0.0,1028.7,5.1,6.9,0,2022-02-13,19
2022-02-13 20:00:00,48.7,51,31.2,0.0,1029.2,4.4,6.3,0,2022-02-13,20
2022-02-13 21:00:00,49.9,42,27.7,0.0,1029.8,3.5,5.1,0,2022-02-13,21
2022-02-13 22:00:00,43.1,57,28.7,0.0,1030.1,5.0,5.6,0,2022-02-13,22
2022-02-13 23:00:00,42.3,60,29.2,0.0,1030.2,5.2,6.9,0,2022-02-13,23
2022-02-14 00:00:00,41.5,63,29.9,0.0,1030.2,5.0,7.4,0,2022-02-14,0
2022-02-14 01:00:00,40.9,63,29.2,0.0,1029.8,5.0,7.6,0,2022-02-14,1
2022-02-14 02:00:00,40.3,63,28.5,0.0,1029.4,5.8,8.9,0,2022-02-14,2
2022-02-14 03:00:00,39.8,64,28.7,0.0,1029.0,5.8,9.6,0,2022-02-14,3
2022-02-14 04:00:00,39.7,66,29.3,0.0,1028.5,6.0,9.6,0,2022-02-14,4
2022-02-14 05:00:00,39.3,70,30.5,0.0,1028.4,6.2,9.8,0,2022-02-14,5
2022-02-14 06:00:00,39.1,76,32.1,0.0,1028.5,6.0,10.5,0,2022-02-14,6
2022-02-14 07:00:00,38.9,80,33.3,0.0,1028.8,5.3,9.8,1,2022-02-14,7
2022-02-14 08:00:00,36.0,87,32.5,0.0,1029.1,4.9,8.3,1,2022-02-14,8
2022-02-14 09:00:00,40.3,79,34.2,0.0,1029.5,5.7,7.8,2,2022-02-14,9
2022-02-14 10:00:00,47.2,68,37.2,0.0,1029.9,3.2,9.2,3,2022-02-14,10
2022-02-14 11:00:00,53.2,59,39.4,0.0,1030.1,4.0,10.7,3,2022-02-14,11
2022-02-14 12:00:00,58.1,52,40.6,0.0,1030.0,4.4,11.9,3,2022-02-14,12
2022-02-14 13:00:00,61.8,43,38.9,0.0,1029.3,5.2,13.4,2,2022-02-14,13
2022-02-14 14:00:00,63.7,37,36.8,0.0,1028.2,6.2,14.8,0,2022-02-14,14
2022-02-14 15:00:00,64.3,35,36.2,0.0,1027.0,7.0,16.1,0,2022-02-14,15
2022-02-14 16:00:00,64.4,35,36.3,0.0,1026.3,7.2,16.1,0,2022-02-14,16
2022-02-14 17:00:00,63.8,37,36.9,0.0,1025.8,7.2,15.4,0,2022-02-14,17
2022-02-14 18:00:00,61.9,44,39.7,0.0,1025.6,6.1,14.3,0,2022-02-14,18
2022-02-14 19:00:00,56.3,54,39.7,0.0,1025.6,9.3,11.9,0,2022-02-14,19
2022-02-14 20:00:00,53.0,54,37.0,0.0,1026.1,8.8,16.1,0,2022-02-14,20
2022-02-14 21:00:00,50.9,58,36.8,0.0,1026.5,8.6,15.0,0,2022-02-14,21
2022-02-14 22:00:00,49.3,65,38.1,0.0,1026.9,7.9,14.5,0,2022-02-14,22
2022-02-14 23:00:00,47.8,72,39.3,0.0,1026.9,6.9,13.0,0,2022-02-14,23
2022-02-15 00:00:00,46.8,77,39.9,0.0,1027.0,6.2,11.4,0,2022-02-15,0
2022-02-15 01:00:00,45.8,82,40.6,0.0,1026.6,5.5,10.1,0,2022-02-15,1
2022-02-15 02:00:00,44.8,87,41.3,0.0,1026.1,4.8,8.5,0,2022-02-15,2
2022-02-15 03:00:00,44.6,89,41.6,0.0,1025.6,4.6,6.9,0,2022-02-15,3
2022-02-15 04:00:00,45.0,91,42.5,0.0,1025.1,4.6,6.7,0,2022-02-15,4
2022-02-15 05:00:00,46.4,92,44.1,0.0,1024.9,5.1,8.1,0,2022-02-15,5
2022-02-15 06:00:00,46.8,93,44.8,0.0,1024.8,4.9,8.1,0,2022-02-15,6
2022-02-15 07:00:00,51.5,90,48.7,0.0,1024.8,6.5,7.8,0,2022-02-15,7
2022-02-15 08:00:00,52.2,91,49.6,0.0,1024.9,6.2,10.5,3,2022-02-15,8
2022-02-15 09:00:00,54.5,86,50.5,0.0,1025.2,7.4,11.9,3,2022-02-15,9
2022-02-15 10:00:00,58.5,80,52.2,0.0,1025.9,7.5,13.6,3,2022-02-15,10
2022-02-15 11:00:00,63.5,69,53.2,0.0,1026.1,8.4,16.8,3,2022-02-15,11
2022-02-15 12:00:00,65.7,63,52.5,0.0,1025.9,11.2,21.0,2,2022-02-15,12
2022-02-15 13:00:00,67.9,57,51.9,0.0,1025.4,13.3,25.7,2,2022-02-15,13
2022-02-15 14:00:00,68.1,56,52.0,0.0,1024.5,14.3,27.3,3,2022-02-15,14
2022-02-15 15:00:00,67.5,59,52.7,0.0,1023.4,14.9,29.1,3,2022-02-15,15
2022-02-15 16:00:00,65.7,64,53.3,0.0,1022.6,14.1,28.0,2,2022-02-15,16
2022-02-15 17:00:00,66.8,62,53.5,0.0,1021.8,14.5,26.8,1,2022-02-15,17
2022-02-15 18:00:00,64.9,66,53.5,0.0,1021.7,12.2,26.4,1,2022-02-15,18
2022-02-15 19:00:00,61.5,79,55.0,0.0,1021.6,10.9,21.7,1,2022-02-15,19
2022-02-15 20:00:00,59.5,83,54.4,0.0,1021.2,12.1,21.0,3,2022-02-15,20
2022-02-15 21:00:00,59.5,84,54.6,0.0,1021.2,13.0,22.6,3,2022-02-15,21
2022-02-15 22:00:00,59.5,84,54.9,0.0,1021.4,13.6,23.9,3,2022-02-15,22
2022-02-15 23:00:00,59.7,86,55.6,0.0,1021.5,13.3,23.9,3,2022-02-15,23
2022-02-16 00:00:00,60.0,90,57.2,0.0,1021.4,12.0,23.5,3,2022-02-16,0
2022-02-16 01:00:00,60.4,94,58.7,0.0,1020.6,12.4,21.7,3,2022-02-16,1
2022-02-16 02:00:00,60.9,94,59.3,0.0,1020.1,12.0,21.9,3,2022-02-16,2
2022-02-16 03:00:00,61.5,94,59.6,0.004,1019.4,12.4,21.9,51,2022-02-16,3
2022-02-16 04:00:00,61.9,93,59.8,0.004,1018.5,12.2,21.9,51,2022-02-16,4
2022-02-16 05:00:00,62.3,92,59.9,0.0,1018.2,11.4,21.5,3,2022-02-16,5
2022-02-16 06:00:00,62.6,91,60.0,0.0,1018.2,11.0,19.7,3,2022-02-16,6
2022-02-16 07:00:00,63.0,91,60.5,0.0,1018.1,11.5,19.5,3,2022-02-16,7
2022-02-16 08:00:00,63.0,91,60.3,0.004,1018.3,11.3,20.1,51,2022-02-16,8
2022-02-16 09:00:00,63.9,89,60.7,0.008,1018.6,11.7,20.1,51,2022-02-16,9
2022-02-16 10:00:00,65.7,87,61.6,0.004,1018.8,10.4,21.7,51,2022-02-16,10
2022-02-16 11:00:00,69.7,77,62.2,0.004,1018.4,12.9,23.7,51,2022-02-16,11
2022-02-16 12:00:00,72.4,70,61.9,0.0,1017.9,16.0,28.6,2,2022-02-16,12
2022-02-16 13:00:00,73.2,68,61.9,0.016,1016.8,20.8,36.9,51,2022-02-16,13
2022-02-16 14:00:00,73.2,64,60.4,0.0,1015.9,19.8,38.7,1,2022-02-16,14
2022-02-16 15:00:00,73.9,62,60.2,0.004,1014.8,19.9,36.7,51,2022-02-16,15
2022-02-16 16:00:00,73.8,60,58.9,0.008,1013.7,20.5,39.4,51,2022-02-16,16
2022-02-16 17:00:00,72.3,65,60.0,0.0,1013.4,14.9,36.0,3,2022-02-16,17
2022-02-16 18:00:00,69.1,77,61.4,0.012,1013.2,13.5,27.1,51,2022-02-16,18
2022-02-16 19:00:00,64.8,95,63.4,0.008,1012.6,12.4,23.3,51,2022-02-16,19
2022-02-16 20:00:00,64.8,96,63.6,0.004,1012.3,11.2,21.7,51,2022-02-16,20
2022-02-16 21:00:00,64.5,98,63.9,0.02,1011.9,10.8,20.8,53,2022-02-16,21
2022-02-16 22:00:00,65.6,98,64.9,0.024,1011.9,13.4,23.5,53,2022-02-16,22
2022-02-16 23:00:00,65.8,98,65.3,0.012,1012.3,10.7,23.5,51,2022-02-16,23
2022-02-17 00:00:00,66.7,98,66.0,0.012,1011.9,13.7,23.9,51,2022-02-17,0
2022-02-17 01:00:00,67.5,95,66.1,0.0,1011.2,14.8,26.2,3,2022-02-17,1
2022-02-17 02:00:00,67.5,95,65.8,0.0,1010.8,13.4,25.9,3,2022-02-17,2
2022-02-17 03:00:00,67.4,95,65.8,0.0,1010.3,12.9,23.3,3,2022-02-17,3
2022-02-17 04:00:00,67.5,95,65.8,0.0,1009.4,14.3,25.1,3,2022-02-17,4
2022-02-17 05:00:00,67.9,94,66.1,0.004,1008.7,15.0,26.4,51,2022-02-17,5
2022-02-17 06:00:00,68.4,93,66.5,0.004,1008.5,16.3,28.4,51,2022-02-17,6
2022-02-17 07:00:00,69.7,92,67.2,0.004,1009.3,16.3,29.8,51,2022-02-17,7
2022-02-17 08:00:00,69.0,95,67.5,0.031,1010.4,15.2,28.6,53,2022-02-17,8
2022-02-17 09:00:00,68.4,97,67.4,0.106,1011.0,15.7,33.8,63,2022-02-17,9
2022-02-17 10:00:00,68.4,97,67.6,0.126,1011.7,15.0,33.8,63,2022-02-17,10
2022-02-17 11:00:00,69.9,90,66.7,0.008,1012.0,15.3,30.0,51,2022-02-17,11
2022-02-17 12:00:00,74.2,75,65.9,0.004,1012.3,15.2,29.1,51,2022-02-17,12
2022-02-17 13:00:00,75.8,52,56.8,0.0,1012.5,12.5,28.9,0,2022-02-17,13
2022-02-17 14:00:00,77.2,44,53.3,0.0,1012.3,11.6,24.2,0,2022-02-17,14
2022-02-17 15:00:00,77.0,39,50.3,0.0,1012.2,12.2,23.7,0,2022-02-17,15
2022-02-17 16:00:00,75.7,41,50.2,0.0,1012.4,13.3,24.8,0,2022-02-17,16
2022-02-17 17:00:00,71.8,46,50.0,0.0,1013.5,16.2,29.3,0,2022-02-17,17
2022-02-17 18:00:00,65.9,47,45.0,0.0,1015.6,16.2,31.1,0,2022-02-17,18
2022-02-17 19:00:00,55.7,61,42.4,0.0,1017.9,16.9,29.1,0,2022-02-17,19
2022-02-17 20:00:00,52.3,56,37.0,0.0,1019.6,16.6,30.4,3,2022-02-17,20
2022-02-17 21:00:00,49.7,53,33.3,0.0,1021.2,15.9,29.5,3,2022-02-17,21
2022-02-17 22:00:00,45.5,51,28.5,0.0,1022.8,17.8,31.8,2,2022-02-17,22
2022-02-17 23:00:00,42.2,53,26.4,0.0,1023.7,16.8,32.0,0,2022-02-17,23
2022-02-18 00:00:00,39.8,57,26.0,0.0,1024.4,14.7,29.8,1,2022-02-18,0
2022-02-18 01:00:00,39.7,59,26.6,0.0,1024.6,12.9,26.4,0,2022-02-18,1
2022-02-18 02:00:00,39.0,59,25.9,0.0,1024.8,13.8,23.7,0,2022-02-18,2
2022-02-18 03:00:00,37.8,59,24.7,0.0,1025.0,13.5,25.1,0,2022-02-18,3
2022-02-18 04:00:00,36.7,58,23.5,0.0,1024.3,13.0,24.6,1,2022-02-18,4
2022-02-18 05:00:00,36.1,58,22.9,0.0,1025.5,11.2,23.7,0,2022-02-18,5
2022-02-18 06:00:00,35.8,59,22.7,0.0,1026.0,11.5,20.6,0,2022-02-18,6
2022-02-18 07:00:00,35.4,63,24.3,0.0,1026.1,9.0,20.6,1,2022-02-18,7
2022-02-18 08:00:00,35.2,65,24.5,0.0,1027.0,8.6,16.8,3,2022-02-18,8
2022-02-18 09:00:00,36.9,63,25.6,0.0,1028.2,9.6,17.2,1,2022-02-18,9
2022-02-18 10:00:00,39.2,61,26.7,0.0,1028.6,11.0,21.5,1,2022-02-18,10
2022-02-18 11:00:00,42.3,58,28.4,0.0,1028.6,9.9,21.5,0,2022-02-18,11
2022-02-18 12:00:00,45.9,54,30.3,0.0,1028.1,9.2,20.6,0,2022-02-18,12
2022-02-18 13:00:00,49.5,50,31.5,0.0,1027.4,9.2,20.4,1,2022-02-18,13
2022-02-18 14:00:00,52.4,47,33.0,0.0,1026.5,8.7,20.1,2,2022-02-18,14
2022-02-18 15:00:00,54.8,45,33.9,0.0,1025.3,8.1,19.5,2,2022-02-18,15
2022-02-18 16:00:00,56.5,43,34.3,0.0,1024.5,7.4,17.9,0,2022-02-18,16
2022-02-18 17:00:00,57.0,42,34.4,0.0,1024.3,7.2,16.6,0,2022-02-18,17
2022-02-18 18:00:00,56.0,43,33.8,0.0,1024.4,7.1,15.4,0,2022-02-18,18
2022-02-18 19:00:00,51.4,53,35.1,0.0,1025.2,3.6,13.6,0,2022-02-18,19
2022-02-18 20:00:00,47.2,64,35.8,0.0,1025.9,4.2,5.8,3,2022-02-18,20
2022-02-18 21:00:00,45.0,71,36.0,0.0,1026.5,4.7,5.8,2,2022-02-18,21
2022-02-18 22:00:00,43.6,73,35.7,0.0,1027.1,4.3,6.0,3,2022-02-18,22
2022-02-18 23:00:00,43.4,72,35.0,0.0,1027.5,4.3,6.5,0,2022-02-18,23
2022-02-19 00:00:00,42.3,73,34.2,0.0,1027.8,4.3,6.7,1,2022-02-19,0
2022-02-19 01:00:00,41.3,75,33.9,0.0,1027.8,4.7,7.6,0,2022-02-19,1
2022-02-19 02:00:00,40.5,78,34.2,0.0,1027.9,5.6,9.2,0,2022-02-19,2
2022-02-19 03:00:00,40.0,80,34.3,0.0,1028.1,5.1,9.4,0,2022-02-19,3
2022-02-19 04:00:00,38.9,81,33.7,0.0,1028.3,4.7,8.3,0,2022-02-19,4
2022-02-19 05:00:00,38.3,81,32.9,0.0,1028.5,5.2,8.3,0,2022-02-19,5
2022-02-19 06:00:00,38.2,78,31.9,0.0,1028.8,6.2,10.1,0,2022-02-19,6
2022-02-19 07:00:00,37.9,79,32.0,0.0,1029.7,6.3,10.1,0,2022-02-19,7
2022-02-19 08:00:00,37.0,80,31.5,0.0,1030.2,5.7,10.3,0,2022-02-19,8
2022-02-19 09:00:00,40.2,75,33.0,0.0,1030.7,6.0,10.1,2,2022-02-19,9
2022-02-19 10:00:00,45.7,67,35.2,0.0,1031.4,4.3,10.3,2,2022-02-19,10
2022-02-19 11:00:00,51.0,54,35.2,0.0,1031.9,3.9,11.2,1,2022-02-19,11
2022-02-19 12:00:00,54.9,48,35.6,0.0,1031.7,4.4,12.8,0,2022-02-19,12
2022-02-19 13:00:00,58.0,42,35.3,0.0,1031.0,4.2,12.5,0,2022-02-19,13
2022-02-19 14:00:00,60.4,39,35.1,0.0,1029.8,4.9,13.4,0,2022-02-19,14
2022-02-19 15:00:00,62.1,36,34.8,0.0,1028.3,5.3,13.6,1,2022-02-19,15
2022-02-19 16:00:00,62.8,36,35.4,0.0,1027.5,5.4,13.9,1,2022-02-19,16
2022-02-19 17:00:00,62.5,36,35.3,0.0,1027.0,4.9,13.2,0,2022-02-19,17
2022-02-19 18:00:00,61.2,40,36.4,0.0,1027.2,4.6,11.4,0,2022-02-19,18
2022-02-19 19:00:00,56.9,54,40.5,0.0,1026.7,4.9,7.8,1,2022-02-19,19
2022-02-19 20:00:00,52.5,56,37.1,0.0,1026.7,5.7,7.4,3,2022-02-19,20
2022-02-19 21:00:00,52.2,59,38.2,0.0,1027.2,6.7,10.7,3,2022-02-19,21
2022-02-19 22:00:00,49.6,65,38.2,0.0,1027.9,6.8,11.2,2,2022-02-19,22
2022-02-19 23:00:00,48.2,66,37.3,0.0,1027.8,5.6,11.2,1,2022-02-19,23
2022-02-20 00:00:00,46.0,69,36.5,0.0,1027.8,4.0,8.9,0,2022-02-20,0
2022-02-20 01:00:00,43.9,77,37.0,0.0,1027.2,5.9,6.7,0,2022-02-20,1
2022-02-20 02:00:00,44.0,75,36.7,0.0,1026.7,5.4,6.7,0,2022-02-20,2
2022-02-20 03:00:00,43.2,78,36.9,0.0,1026.2,6.0,6.7,0,2022-02-20,3
2022-02-20 04:00:00,43.6,78,37.2,0.0,1025.3,5.8,6.7,0,2022-02-20,4
2022-02-20 05:00:00,45.6,74,37.9,0.0,1024.6,5.0,6.3,0,2022-02-20,5
2022-02-20 06:00:00,45.2,79,39.0,0.0,1024.4,4.8,5.4,0,2022-02-20,6
2022-02-20 07:00:00,43.0,89,40.0,0.0,1024.6,5.2,5.8,0,2022-02-20,7
2022-02-20 08:00:00,48.9,78,42.4,0.0,1024.7,3.6,6.0,3,2022-02-20,8
2022-02-20 09:00:00,51.3,75,43.6,0.0,1024.7,5.2,8.5,3,2022-02-20,9
2022-02-20 10:00:00,54.3,71,45.0,0.0,1024.8,4.1,9.4,3,2022-02-20,10
2022-02-20 11:00:00,57.4,66,46.1,0.0,1025.1,4.7,10.3,3,2022-02-20,11
2022-02-20 12:00:00,60.4,64,48.1,0.0,1024.6,6.8,14.1,3,2022-02-20,12
2022-02-20 13:00:00,63.0,63,50.4,0.0,1023.7,7.3,15.4,3,2022-02-20,13
2022-02-20 14:00:00,64.8,65,52.6,0.0,1022.5,7.9,16.1,3,2022-02-20,14
2022-02-20 15:00:00,66.7,64,54.2,0.0,1021.2,10.8,21.0,3,2022-02-20,15
2022-02-20 16:00:00,66.5,67,55.3,0.0,1020.2,9.2,20.8,3,2022-02-20,16
2022-02-20 17:00:00,66.4,71,56.6,0.0,1019.8,7.8,17.2,3,2022-02-20,17
2022-02-20 18:00:00,65.0,76,57.2,0.0,1019.4,6.8,14.3,3,2022-02-20,18
2022-02-20 19:00:00,59.5,90,56.4,0.004,1019.8,6.3,12.3,51,2022-02-20,19
2022-02-20 20:00:00,58.7,93,56.8,0.012,1019.9,5.7,10.7,51,2022-02-20,20
2022-02-20 21:00:00,58.1,97,57.3,0.008,1020.0,5.4,9.6,51,2022-02-20,21
2022-02-20 22:00:00,58.3,95,56.9,0.004,1019.7,7.0,11.2,51,2022-02-20,22
2022-02-20 23:00:00,58.3,96,57.1,0.0,1019.2,8.1,13.2,3,2022-02-20,23
2022-02-21 00:00:00,58.7,96,57.6,0.0,1018.6,9.4,15.4,3,2022-02-21,0
2022-02-21 01:00:00,59.4,96,58.1,0.0,1017.5,9.1,15.9,3,2022-02-21,1
2022-02-21 02:00:00,59.7,97,58.7,0.0,1017.2,5.5,15.0,3,2022-02-21,2
2022-02-21 03:00:00,60.7,97,59.9,0.0,1016.8,4.6,8.5,3,2022-02-21,3
2022-02-21 04:00:00,62.9,97,62.2,0.0,1016.2,6.9,10.3,3,2022-02-21,4
2022-02-21 05:00:00,64.8,99,64.4,0.004,1015.6,8.2,13.4,51,2022-02-21,5
2022-02-21 06:00:00,66.5,98,66.0,0.004,1015.0,10.7,18.1,51,2022-02-21,6
2022-02-21 07:00:00,68.2,98,67.5,0.004,1015.5,11.1,19.2,51,2022-02-21,7
2022-02-21 08:00:00,68.4,98,67.8,0.024,1015.3,11.4,20.4,53,2022-02-21,8
2022-02-21 09:00:00,69.1,97,68.1,0.0,1015.4,13.5,23.0,3,2022-02-21,9
2022-02-21 10:00:00,69.8,95,68.4,0.0,1015.7,14.4,27.5,3,2022-02-21,10
2022-02-21 11:00:00,70.2,95,68.7,0.008,1016.5,11.7,24.8,51,2022-02-21,11
2022-02-21 12:00:00,71.3,92,68.9,0.016,1016.4,13.9,24.2,51,2022-02-21,12
2022-02-21 13:00:00,72.6,89,69.3,0.016,1015.5,16.2,29.5,51,2022-02-21,13
2022-02-21 14:00:00,74.0,81,67.7,0.004,1014.8,16.7,32.7,51,2022-02-21,14
2022-02-21 15:00:00,77.6,67,65.9,0.004,1013.6,19.7,36.2,51,2022-02-21,15
2022-02-21 16:00:00,78.7,62,64.4,0.0,1012.9,19.2,36.0,1,2022-02-21,16
2022-02-21 17:00:00,78.0,63,64.4,0.0,1012.5,18.0,35.3,1,2022-02-21,17
2022-02-21 18:00:00,75.7,67,64.0,0.0,1012.3,17.4,34.2,1,2022-02-21,18
2022-02-21 19:00:00,74.0,79,66.9,0.0,1012.5,13.6,31.1,1,2022-02-21,19
2022-02-21 20:00:00,71.2,87,67.0,0.0,1012.8,13.7,24.4,3,2022-02-21,20
2022-02-21 21:00:00,70.2,90,67.2,0.0,1013.3,13.7,24.4,3,2022-02-21,21
2022-02-21 22:00:00,70.1,92,67.7,0.0,1013.1,13.7,24.6,3,2022-02-21,22
2022-02-21 23:00:00,70.2,93,68.3,0.004,1012.9,15.3,26.6,51,2022-02-21,23
2022-02-22 00:00:00,70.5,93,68.3,0.0,1013.1,15.9,28.0,3,2022-02-22,0
2022-02-22 01:00:00,70.7,91,68.1,0.0,1012.9,15.5,28.9,3,2022-02-22,1
2022-02-22 02:00:00,70.6,91,68.0,0.0,1012.7,15.7,27.7,3,2022-02-22,2
2022-02-22 03:00:00,70.2,92,67.7,0.0,1012.5,15.2,28.0,3,2022-02-22,3
2022-02-22 04:00:00,70.2,90,67.2,0.0,1012.7,14.6,27.1,3,2022-02-22,4
2022-02-22 05:00:00,70.2,88,66.4,0.0,1012.3,15.4,27.3,2,2022-02-22,5
2022-02-22 06:00:00,69.0,89,65.8,0.0,1013.4,12.1,27.3,1,2022-02-22,6
2022-02-22 07:00:00,69.9,90,66.9,0.0,1013.7,10.7,21.0,1,2022-02-22,7
2022-02-22 08:00:00,69.1,92,66.6,0.0,1014.2,8.6,18.6,3,2022-02-22,8
2022-02-22 09:00:00,70.0,89,66.7,0.0,1015.2,8.2,15.4,3,2022-02-22,9
2022-02-22 10:00:00,72.4,82,66.7,0.004,1016.2,11.6,20.6,51,2022-02-22,10
2022-02-22 11:00:00,72.4,83,67.1,0.008,1016.5,12.6,21.9,51,2022-02-22,11
2022-02-22 12:00:00,73.2,83,67.6,0.012,1016.3,10.8,27.3,51,2022-02-22,12
2022-02-22 13:00:00,77.7,73,68.2,0.004,1015.5,11.8,29.5,51,2022-02-22,13
2022-02-22 14:00:00,78.1,68,66.7,0.012,1014.6,16.0,30.0,51,2022-02-22,14
2022-02-22 15:00:00,77.6,69,66.6,0.02,1014.0,15.9,29.8,53,2022-02-22,15
2022-02-22 16:00:00,77.3,69,66.3,0.008,1013.6,14.4,29.1,51,2022-02-22,16
2022-02-22 17:00:00,76.6,71,66.4,0.004,1013.8,11.9,25.7,51,2022-02-22,17
2022-02-22 18:00:00,76.4,75,67.7,0.016,1013.9,9.7,21.7,51,2022-02-22,18
2022-02-22 19:00:00,72.5,92,70.0,0.0,1014.8,5.6,16.8,3,2022-02-22,19
2022-02-22 20:00:00,70.1,96,68.8,0.008,1015.7,3.9,10.3,51,2022-02-22,20
2022-02-22 21:00:00,69.7,97,68.9,0.012,1016.6,5.1,8.7,51,2022-02-22,21
2022-02-22 22:00:00,69.1,98,68.5,0.016,1017.4,3.9,8.7,51,2022-02-22,22
2022-02-22 23:00:00,70.1,98,69.3,0.004,1018.0,6.0,10.3,51,2022-02-22,23
2022-02-23 00:00:00,69.5,95,68.2,0.051,1018.5,1.7,10.1,61,2022-02-23,0
2022-02-23 01:00:00,63.4,98,62.7,0.059,1019.0,9.2,15.7,61,2022-02-23,1
2022-02-23 02:00:00,58.1,97,57.4,0.028,1019.3,10.6,19.0,53,2022-02-23,2
2022-02-23 03:00:00,56.8,99,56.5,0.008,1019.4,8.7,18.1,51,2022-02-23,3
2022-02-23 04:00:00,56.3,90,53.4,0.004,1019.2,10.0,18.1,51,2022-02-23,4
2022-02-23 05:00:00,54.9,89,51.8,0.004,1019.3,11.1,19.7,51,2022-02-23,5
2022-02-23 06:00:00,54.0,89,50.9,0.004,1019.7,10.3,19.5,51,2022-02-23,6
2022-02-23 07:00:00,50.2,94,48.5,0.008,1020.6,10.4,18.1,51,2022-02-23,7
2022-02-23 08:00:00,49.4,98,48.8,0.012,1021.2,8.9,17.7,51,2022-02-23,8
2022-02-23 09:00:00,48.3,94,46.6,0.004,1022.0,10.1,18.6,51,2022-02-23,9
2022-02-23 10:00:00,47.4,94,45.8,0.012,1023.2,11.2,20.1,51,2022-02-23,10
2022-02-23 11:00:00,47.8,91,45.1,0.004,1023.3,11.8,22.8,51,2022-02-23,11
2022-02-23 12:00:00,47.7,90,44.9,0.016,1023.5,11.0,22.1,51,2022-02-23,12
2022-02-23 13:00:00,47.9,89,44.8,0.008,1023.3,11.2,21.7,51,2022-02-23,13
2022-02-23 14:00:00,46.9,87,43.2,0.008,1022.6,11.3,21.5,51,2022-02-23,14
2022-02-23 15:00:00,46.3,87,42.7,0.004,1021.6,11.9,22.1,51,2022-02-23,15
2022-02-23 16:00:00,47.5,83,42.7,0.0,1020.8,11.6,23.5,3,2022-02-23,16
2022-02-23 17:00:00,48.0,83,43.2,0.0,1020.5,10.3,21.9,3,2022-02-23,17
2022-02-23 18:00:00,47.6,86,43.5,0.004,1020.5,10.3,19.5,51,2022-02-23,18
2022-02-23 19:00:00,37.8,92,35.7,0.004,1022.5,9.2,19.0,51,2022-02-23,19
2022-02-23 20:00:00,37.1,92,35.1,0.0,1022.2,11.4,21.3,3,2022-02-23,20
2022-02-23 21:00:00,37.1,93,35.4,0.016,1022.6,11.2,22.1,51,2022-02-23,21
2022-02-23 22:00:00,37.9,93,36.2,0.004,1022.9,9.3,20.1,51,2022-02-23,22
2022-02-23 23:00:00,38.2,95,36.9,0.012,1022.9,9.8,17.7,51,2022-02-23,23
2022-02-24 00:00:00,38.8,95,37.4,0.0,1022.1,8.4,17.9,3,2022-02-24,0
2022-02-24 01:00:00,39.5,95,38.1,0.0,1022.0,7.7,15.4,3,2022-02-24,1
2022-02-24 02:00:00,39.6,95,38.2,0.004,1021.4,7.7,14.8,51,2022-02-24,2
2022-02-24 03:00:00,39.8,96,38.8,0.004,1020.4,7.0,14.5,51,2022-02-24,3
2022-02-24 04:00:00,40.5,96,39.5,0.004,1019.5,6.2,12.8,51,2022-02-24,4
2022-02-24 05:00:00,41.4,96,40.3,0.0,1019.0,5.9,12.1,3,2022-02-24,5
2022-02-24 06:00:00,42.3,96,41.3,0.0,1019.0,5.0,11.2,3,2022-02-24,6
2022-02-24 07:00:00,40.0,91,37.6,0.0,1020.5,4.9,9.4,3,2022-02-24,7
2022-02-24 08:00:00,39.7,94,38.2,0.0,1020.6,5.8,12.5,3,2022-02-24,8
2022-02-24 09:00:00,40.8,93,39.0,0.0,1020.9,7.2,13.4,3,2022-02-24,9
2022-02-24 10:00:00,43.2,91,40.8,0.0,1021.4,5.8,14.1,3,2022-02-24,10
2022-02-24 11:00:00,45.7,88,42.4,0.0,1021.3,6.2,15.0,3,2022-02-24,11
2022-02-24 12:00:00,48.3,87,44.5,0.0,1021.2,4.2,13.0,3,2022-02-24,12
2022-02-24 13:00:00,53.1,81,47.3,0.0,1020.9,4.7,12.3,3,2022-02-24,13
2022-02-24 14:00:00,55.0,78,48.4,0.0,1020.3,6.0,14.1,3,2022-02-24,14
2022-02-24 15:00:00,54.0,78,47.3,0.0,1019.6,7.6,16.1,3,2022-02-24,15
2022-02-24 16:00:00,52.1,79,45.9,0.004,1019.5,7.7,16.1,51,2022-02-24,16
2022-02-24 17:00:00,50.4,82,45.0,0.004,1019.4,8.8,16.8,51,2022-02-24,17
2022-02-24 18:00:00,48.9,85,44.7,0.012,1019.8,8.1,16.8,51,2022-02-24,18
2022-02-24 19:00:00,39.7,91,37.4,0.016,1021.8,10.0,15.2,51,2022-02-24,19
2022-02-24 20:00:00,39.5,93,37.7,0.02,1022.7,11.3,20.8,53,2022-02-24,20
2022-02-24 21:00:00,39.1,93,37.2,0.0,1023.7,10.2,20.6,3,2022-02-24,21
2022-02-24 22:00:00,38.7,97,37.9,0.031,1024.6,10.7,18.3,53,2022-02-24,22
2022-02-24 23:00:00,38.8,97,37.9,0.012,1025.4,11.8,22.4,51,2022-02-24,23
2022-02-25 00:00:00,38.2,94,36.6,0.004,1025.8,10.7,21.5,51,2022-02-25,0
2022-02-25 01:00:00,36.8,92,34.8,0.0,1026.2,11.0,20.4,3,2022-02-25,1
2022-02-25 02:00:00,36.2,92,34.2,0.0,1025.8,11.4,20.6,3,2022-02-25,2
2022-02-25 03:00:00,36.2,91,34.0,0.004,1026.1,10.6,22.1,51,2022-02-25,3
2022-02-25 04:00:00,35.8,93,34.0,0.016,1026.1,10.2,19.5,51,2022-02-25,4
2022-02-25 05:00:00,35.5,97,34.7,0.012,1026.3,10.1,19.0,51,2022-02-25,5
2022-02-25 06:00:00,36.1,91,33.7,0.012,1026.6,13.3,24.4,51,2022-02-25,6
2022-02-25 07:00:00,36.5,95,35.2,0.0,1027.9,11.9,23.5,3,2022-02-25,7
2022-02-25 08:00:00,36.8,95,35.4,0.035,1029.4,9.0,23.0,53,2022-02-25,8
2022-02-25 09:00:00,37.4,90,34.8,0.0,1029.5,9.6,18.8,3,2022-02-25,9
2022-02-25 10:00:00,38.0,87,34.4,0.0,1030.0,14.0,25.3,3,2022-02-25,10
2022-02-25 11:00:00,38.2,85,34.1,0.0,1030.6,11.0,25.7,3,2022-02-25,11
2022-02-25 12:00:00,40.7,76,33.7,0.0,1030.5,9.5,21.9,3,2022-02-25,12
2022-02-25 13:00:00,42.3,71,33.4,0.0,1030.4,8.1,18.8,3,2022-02-25,13
2022-02-25 14:00:00,44.6,65,33.6,0.0,1029.2,8.9,18.3,3,2022-02-25,14
2022-02-25 15:00:00,46.0,61,33.5,0.0,1028.1,8.1,18.8,3,2022-02-25,15
2022-02-25 16:00:00,47.1,60,33.8,0.0,1027.4,7.9,17.0,3,2022-02-25,16
2022-02-25 17:00:00,47.8,58,33.9,0.0,1026.9,8.3,16.6,3,2022-02-25,17
2022-02-25 18:00:00,47.8,57,33.3,0.0,1027.1,8.0,16.3,3,2022-02-25,18
2022-02-25 19:00:00,42.4,76,35.4,0.0,1028.3,8.3,14.8,3,2022-02-25,19
2022-02-25 20:00:00,42.3,79,36.3,0.0,1028.6,9.0,17.0,3,2022-02-25,20
2022-02-25 21:00:00,41.6,81,36.3,0.008,1028.9,8.7,17.2,51,2022-02-25,21
2022-02-25 22:00:00,41.1,94,39.5,0.087,1028.9,7.9,15.4,61,2022-02-25,22
2022-02-25 23:00:00,41.4,90,38.7,0.004,1029.5,6.8,14.1,51,2022-02-25,23
2022-02-26 00:00:00,41.3,90,38.5,0.0,1029.4,6.1,12.1,3,2022-02-26,0
2022-02-26 01:00:00,41.1,90,38.4,0.0,1028.5,6.6,11.9,3,2022-02-26,1
2022-02-26 02:00:00,41.2,90,38.6,0.0,1028.5,6.1,11.9,3,2022-02-26,2
2022-02-26 03:00:00,41.3,92,39.1,0.008,1028.1,6.3,11.4,51,2022-02-26,3
2022-02-26 04:00:00,41.4,94,39.8,0.008,1027.7,7.1,12.3,51,2022-02-26,4
2022-02-26 05:00:00,41.6,94,39.9,0.004,1026.9,7.4,13.2,51,2022-02-26,5
2022-02-26 06:00:00,41.9,95,40.5,0.004,1026.8,7.9,13.9,51,2022-02-26,6
2022-02-26 07:00:00,39.4,91,37.0,0.008,1027.6,8.6,14.1,51,2022-02-26,7
2022-02-26 08:00:00,39.6,93,37.7,0.012,1027.9,8.2,19.2,51,2022-02-26,8
2022-02-26 09:00:00,39.9,97,39.1,0.024,1028.3,10.5,18.1,53,2022-02-26,9
2022-02-26 10:00:00,40.6,92,38.6,0.008,1028.6,10.4,20.8,51,2022-02-26,10
2022-02-26 11:00:00,42.2,90,39.5,0.0,1028.9,10.3,19.9,3,2022-02-26,11
2022-02-26 12:00:00,42.6,91,40.1,0.008,1029.0,8.2,19.2,51,2022-02-26,12
2022-02-26 13:00:00,43.2,91,40.7,0.004,1028.0,7.9,15.7,51,2022-02-26,13
2022-02-26 14:00:00,44.2,90,41.5,0.0,1027.3,7.5,15.0,3,2022-02-26,14
2022-02-26 15:00:00,45.8,87,42.3,0.0,1026.3,8.2,16.6,3,2022-02-26,15
2022-02-26 16:00:00,45.1,95,43.7,0.035,1025.7,8.7,16.6,53,2022-02-26,16
2022-02-26 17:00:00,44.5,97,43.8,0.055,1025.4,7.6,16.3,61,2022-02-26,17
2022-02-26 18:00:00,44.3,95,42.9,0.004,1025.3,7.7,15.0,51,2022-02-26,18
2022-02-26 19:00:00,40.7,94,39.0,0.008,1025.8,7.6,14.3,51,2022-02-26,19
2022-02-26 20:00:00,40.7,97,39.9,0.02,1026.1,7.2,14.8,53,2022-02-26,20
2022-02-26 21:00:00,40.9,95,39.5,0.008,1026.4,8.5,15.4,51,2022-02-26,21
2022-02-26 22:00:00,41.2,95,39.7,0.0,1026.8,8.1,15.7,3,2022-02-26,22
2022-02-26 23:00:00,41.2,96,40.0,0.0,1027.1,8.8,15.7,3,2022-02-26,23
2022-02-27 00:00:00,41.1,96,40.1,0.004,1027.1,8.8,15.2,51,2022-02-27,0
2022-02-27 01:00:00,41.0,96,40.0,0.004,1026.8,9.2,16.3,51,2022-02-27,1
2022-02-27 02:00:00,41.1,96,39.9,0.0,1026.7,9.2,16.1,3,2022-02-27,2
2022-02-27 03:00:00,41.1,95,39.8,0.0,1026.7,9.3,16.8,3,2022-02-27,3
2022-02-27 04:00:00,40.7,95,39.3,0.0,1026.3,9.5,16.6,3,2022-02-27,4
2022-02-27 05:00:00,40.6,94,39.0,0.0,1026.2,9.2,17.0,3,2022-02-27,5
2022-02-27 06:00:00,40.8,93,38.9,0.004,1026.7,9.7,17.0,51,2022-02-27,6
2022-02-27 07:00:00,40.1,95,38.7,0.004,1027.8,10.1,18.6,51,2022-02-27,7
2022-02-27 08:00:00,40.3,93,38.5,0.004,1028.5,9.9,18.3,51,2022-02-27,8
2022-02-27 09:00:00,41.0,91,38.7,0.0,1029.1,11.6,20.1,3,2022-02-27,9
2022-02-27 10:00:00,41.6,88,38.5,0.0,1029.4,12.2,21.9,3,2022-02-27,10
2022-02-27 11:00:00,43.2,84,38.8,0.0,1029.8,12.4,22.8,3,2022-02-27,11
2022-02-27 12:00:00,46.3,75,38.7,0.0,1029.6,12.6,24.8,3,2022-02-27,12
2022-02-27 13:00:00,50.7,64,39.0,0.0,1028.7,11.2,24.6,3,2022-02-27,13
2022-02-27 14:00:00,53.4,61,40.1,0.0,1027.5,9.8,22.8,0,2022-02-27,14
2022-02-27 15:00:00,56.2,55,40.3,0.0,1026.4,10.1,21.5,0,2022-02-27,15
2022-02-27 16:00:00,57.8,51,39.7,0.0,1025.6,11.0,22.4,0,2022-02-27,16
2022-02-27 17:00:00,58.1,48,38.7,0.0,1025.4,11.0,22.4,0,2022-02-27,17
2022-02-27 18:00:00,56.8,49,37.8,0.0,1025.4,10.8,21.5,0,2022-02-27,18
2022-02-27 19:00:00,53.7,51,35.9,0.0,1026.2,6.8,19.5,0,2022-02-27,19
2022-02-27 20:00:00,49.8,56,34.9,0.0,1026.6,6.9,11.9,0,2022-02-27,20
2022-02-27 21:00:00,47.7,60,34.4,0.0,1027.2,7.0,11.4,0,2022-02-27,21
2022-02-27 22:00:00,46.0,62,33.6,0.0,1028.0,7.3,12.1,0,2022-02-27,22
2022-02-27 23:00:00,44.4,63,32.5,0.0,1028.6,7.6,12.5,0,2022-02-27,23
2022-02-28 00:00:00,42.8,63,31.1,0.0,1028.9,7.2,12.5,0,2022-02-28,0
2022-02-28 01:00:00,41.1,64,30.0,0.0,1028.7,6.7,11.9,0,2022-02-28,1
2022-02-28 02:00:00,39.8,66,29.2,0.0,1028.4,6.7,11.0,0,2022-02-28,2
2022-02-28 03:00:00,38.7,67,28.7,0.0,1028.1,6.0,11.0,0,2022-02-28,3
2022-02-28 04:00:00,37.3,70,28.6,0.0,1027.7,5.6,9.8,0,2022-02-28,4
2022-02-28 05:00:00,36.1,73,28.4,0.0,1027.5,5.2,8.9,0,2022-02-28,5
2022-02-28 06:00:00,35.4,75,28.1,0.0,1027.9,5.4,8.5,0,2022-02-28,6
2022-02-28 07:00:00,35.4,76,28.7,0.0,1028.4,4.9,8.7,0,2022-02-28,7
2022-02-28 08:00:00,34.3,78,28.3,0.0,1028.7,5.2,8.1,0,2022-02-28,8
2022-02-28 09:00:00,39.6,70,30.6,0.0,1029.4,6.4,11.4,0,2022-02-28,9
2022-02-28 10:00:00,46.0,63,34.2,0.0,1029.9,4.3,10.7,0,2022-02-28,10
2022-02-28 11:00:00,51.7,53,35.2,0.0,1029.9,4.1,11.4,0,2022-02-28,11
2022-02-28 12:00:00,56.0,44,34.2,0.0,1029.5,4.1,12.1,0,2022-02-28,12
2022-02-28 13:00:00,58.7,39,33.5,0.0,1028.4,3.5,12.1,1,2022-02-28,13
2022-02-28 14:00:00,60.6,37,33.9,0.0,1027.0,2.2,11.6,3,2022-02-28,14
2022-02-28 15:00:00,61.9,36,34.6,0.0,1025.5,0.3,9.6,1,2022-02-28,15
2022-02-28 16:00:00,62.3,36,35.2,0.0,1024.6,1.7,8.3,1,2022-02-28,16
2022-02-28 17:00:00,62.2,37,35.7,0.0,1024.1,2.5,8.7,0,2022-02-28,17
2022-02-28 18:00:00,61.2,39,36.1,0.0,1023.8,2.5,8.3,1,2022-02-28,18
2022-02-28 19:00:00,61.7,37,35.2,0.0,1023.4,1.8,5.6,2,2022-02-28,19
2022-02-28 20:00:00,57.7,43,35.4,0.0,1023.8,2.6,2.9,1,2022-02-28,20
2022-02-28 21:00:00,54.6,47,35.0,0.0,1024.2,2.6,3.4,3,2022-02-28,21
2022-02-28 22:00:00,51.7,52,34.7,0.0,1024.7,2.0,3.1,3,2022-02-28,22
2022-02-28 23:00:00,44.2,72,35.7,0.0,1024.8,3.3,3.8,1,2022-02-28,23
2022-03-01 00:00:00,44.8,66,34.1,0.0,1024.8,3.2,4.9,1,2022-03-01,0
2022-03-01 01:00:00,41.8,74,34.0,0.0,1024.3,2.9,3.6,1,2022-03-01,1
2022-03-01 02:00:00,40.7,78,34.5,0.0,1023.9,4.5,5.4,3,2022-03-01,2
2022-03-01 03:00:00,42.0,75,34.5,0.0,1023.7,3.1,4.9,3,2022-03-01,3
2022-03-01 04:00:00,41.1,76,34.2,0.0,1023.2,2.9,3.6,3,2022-03-01,4
2022-03-01 05:00:00,37.1,86,33.3,0.0,1023.1,3.8,4.3,0,2022-03-01,5
2022-03-01 06:00:00,35.0,90,32.5,0.0,1023.7,5.0,5.6,1,2022-03-01,6
2022-03-01 07:00:00,36.4,86,32.5,0.0,1024.3,3.4,5.8,0,2022-03-01,7
2022-03-01 08:00:00,34.4,89,31.5,0.0,1024.8,4.0,4.7,0,2022-03-01,8
2022-03-01 09:00:00,41.5,78,35.2,0.0,1025.4,3.3,6.7,0,2022-03-01,9
2022-03-01 10:00:00,51.1,67,40.4,0.0,1025.6,1.6,6.9,0,2022-03-01,10
2022-03-01 11:00:00,58.2,49,39.1,0.0,1026.0,2.1,8.3,0,2022-03-01,11
2022-03-01 12:00:00,62.5,38,36.8,0.0,1025.6,1.6,8.7,1,2022-03-01,12
2022-03-01 13:00:00,64.7,34,35.8,0.0,1025.1,1.1,8.3,0,2022-03-01,13
2022-03-01 14:00:00,66.0,34,36.8,0.0,1024.2,1.6,8.7,2,2022-03-01,14
2022-03-01 15:00:00,66.7,34,37.8,0.0,1023.1,2.7,9.8,0,2022-03-01,15
2022-03-01 16:00:00,66.9,36,38.8,0.0,1022.5,3.1,10.3,1,2022-03-01,16
2022-03-01 17:00:00,66.4,36,38.9,0.0,1022.2,3.1,10.1,2,2022-03-01,17
2022-03-01 18:00:00,64.9,39,39.7,0.0,1022.1,3.1,8.7,3,2022-03-01,18
2022-03-01 19:00:00,61.5,58,46.4,0.0,1021.7,4.3,6.0,3,2022-03-01,19
2022-03-01 20:00:00,57.5,53,40.6,0.0,1022.3,7.2,11.6,3,2022-03-01,20
2022-03-01 21:00:00,54.2,52,36.9,0.0,1022.7,6.2,11.9,1,2022-03-01,21
2022-03-01 22:00:00,51.2,61,38.1,0.0,1023.4,5.1,10.3,3,2022-03-01,22
2022-03-01 23:00:00,49.7,63,37.7,0.0,1023.6,5.2,8.3,3,2022-03-01,23
2022-03-02 00:00:00,49.1,63,37.1,0.0,1023.6,5.0,8.3,3,2022-03-02,0
2022-03-02 01:00:00,48.7,65,37.2,0.0,1023.5,4.7,8.7,3,2022-03-02,1
2022-03-02 02:00:00,46.5,72,37.8,0.0,1023.3,4.2,7.4,3,2022-03-02,2
2022-03-02 03:00:00,43.6,81,38.2,0.0,1022.9,6.0,7.2,3,2022-03-02,3
2022-03-02 04:00:00,42.7,84,38.2,0.0,1022.4,6.0,7.2,3,2022-03-02,4
2022-03-02 05:00:00,41.3,87,37.8,0.0,1022.3,5.7,6.7,2,2022-03-02,5
2022-03-02 06:00:00,41.5,85,37.3,0.0,1022.4,4.7,6.5,0,2022-03-02,6
2022-03-02 07:00:00,42.2,80,36.6,0.0,1023.0,3.7,5.4,0,2022-03-02,7
2022-03-02 08:00:00,39.0,88,35.8,0.0,1023.6,4.5,5.1,0,2022-03-02,8
2022-03-02 09:00:00,46.1,76,39.0,0.0,1024.4,4.1,7.6,1,2022-03-02,9
2022-03-02 10:00:00,54.4,64,42.5,0.0,1025.1,2.2,7.8,3,2022-03-02,10
2022-03-02 11:00:00,60.5,55,44.2,0.0,1025.3,1.0,7.8,2,2022-03-02,11
2022-03-02 12:00:00,64.7,43,41.6,0.0,1024.9,2.1,8.7,1,2022-03-02,12
2022-03-02 13:00:00,67.0,38,40.7,0.0,1024.5,4.0,11.6,3,2022-03-02,13
2022-03-02 14:00:00,68.4,38,41.8,0.0,1023.4,5.5,13.9,3,2022-03-02,14
2022-03-02 15:00:00,68.6,39,42.7,0.0,1022.4,6.7,15.2,3,2022-03-02,15
2022-03-02 16:00:00,68.0,36,39.8,0.0,1022.1,8.2,17.0,3,2022-03-02,16
2022-03-02 17:00:00,66.1,35,37.5,0.0,1021.6,8.5,17.9,3,2022-03-02,17
2022-03-02 18:00:00,63.9,38,37.9,0.0,1021.6,6.2,16.8,3,2022-03-02,18
2022-03-02 19:00:00,61.9,49,42.3,0.0,1021.0,5.2,10.7,3,2022-03-02,19
2022-03-02 20:00:00,57.9,54,41.2,0.0,1021.2,7.1,11.6,3,2022-03-02,20
2022-03-02 21:00:00,55.8,65,44.4,0.0,1021.7,6.6,11.9,3,2022-03-02,21
2022-03-02 22:00:00,55.5,77,48.4,0.0,1022.2,6.4,11.0,3,2022-03-02,22
2022-03-02 23:00:00,55.0,83,50.1,0.0,1022.6,5.6,11.0,3,2022-03-02,23
2022-03-03 00:00:00,54.2,88,50.8,0.0,1022.6,4.6,9.2,3,2022-03-03,0
2022-03-03 01:00:00,53.2,92,51.1,0.0,1022.3,3.8,7.4,3,2022-03-03,1
2022-03-03 02:00:00,52.2,95,50.7,0.0,1022.0,4.1,5.8,3,2022-03-03,2
2022-03-03 03:00:00,51.2,96,50.0,0.0,1021.8,5.5,6.3,3,2022-03-03,3
2022-03-03 04:00:00,52.0,95,50.6,0.0,1021.3,4.0,6.3,3,2022-03-03,4
2022-03-03 05:00:00,53.2,94,51.4,0.0,1021.4,3.2,4.5,3,2022-03-03,5
2022-03-03 06:00:00,52.7,95,51.3,0.0,1021.8,1.4,3.6,3,2022-03-03,6
2022-03-03 07:00:00,51.7,97,50.9,0.0,1022.2,1.4,2.2,3,2022-03-03,7
2022-03-03 08:00:00,52.3,96,51.3,0.0,1022.5,1.8,2.5,3,2022-03-03,8
2022-03-03 09:00:00,55.4,91,52.8,0.0,1023.2,1.4,4.3,3,2022-03-03,9
2022-03-03 10:00:00,60.7,81,54.7,0.0,1024.1,0.9,5.8,3,2022-03-03,10
2022-03-03 11:00:00,65.0,71,55.6,0.0,1024.3,1.8,7.8,3,2022-03-03,11
2022-03-03 12:00:00,67.4,66,55.6,0.0,1024.1,1.8,8.3,2,2022-03-03,12
2022-03-03 13:00:00,70.5,58,54.9,0.0,1023.4,2.7,10.1,1,2022-03-03,13
2022-03-03 14:00:00,72.3,49,52.3,0.0,1022.4,4.3,12.3,1,2022-03-03,14
2022-03-03 15:00:00,73.2,47,51.7,0.0,1021.5,4.7,12.8,2,2022-03-03,15
2022-03-03 16:00:00,73.5,46,51.4,0.0,1020.6,5.6,13.4,2,2022-03-03,16
2022-03-03 17:00:00,73.0,45,50.7,0.0,1020.3,6.2,13.2,3,2022-03-03,17
2022-03-03 18:00:00,69.0,63,55.9,0.0,1020.5,10.0,18.6,3,2022-03-03,18
2022-03-03 19:00:00,66.9,72,57.7,0.0,1020.4,8.1,18.8,3,2022-03-03,19
2022-03-03 20:00:00,63.2,80,56.8,0.0,1020.7,8.9,15.0,3,2022-03-03,20
2022-03-03 21:00:00,60.7,87,56.7,0.0,1021.2,8.6,15.0,3,2022-03-03,21
2022-03-03 22:00:00,59.4,90,56.6,0.0,1021.8,7.4,14.5,0,2022-03-03,22
2022-03-03 23:00:00,58.4,93,56.3,0.0,1022.3,6.9,12.5,2,2022-03-03,23
2022-03-04 00:00:00,57.8,93,55.8,0.0,1022.2,6.2,11.4,3,2022-03-04,0
2022-03-04 01:00:00,57.4,93,55.5,0.0,1022.0,5.7,10.3,3,2022-03-04,1
2022-03-04 02:00:00,56.8,94,55.0,0.0,1022.0,5.1,9.4,3,2022-03-04,2
2022-03-04 03:00:00,56.6,94,54.9,0.0,1021.7,4.7,8.3,3,2022-03-04,3
2022-03-04 04:00:00,58.1,90,55.2,0.0,1021.1,4.9,8.7,3,2022-03-04,4
2022-03-04 05:00:00,59.3,87,55.4,0.0,1020.8,4.9,8.5,3,2022-03-04,5
2022-03-04 06:00:00,59.5,86,55.5,0.0,1021.2,4.6,7.8,3,2022-03-04,6
2022-03-04 07:00:00,60.2,90,57.3,0.0,1021.1,4.8,8.5,3,2022-03-04,7
2022-03-04 08:00:00,59.7,93,57.7,0.0,1021.6,4.4,7.6,3,2022-03-04,8
2022-03-04 09:00:00,61.2,91,58.6,0.02,1022.4,5.8,8.7,53,2022-03-04,9
2022-03-04 10:00:00,62.5,92,60.3,0.016,1023.0,6.3,11.0,51,2022-03-04,10
2022-03-04 11:00:00,64.8,91,62.0,0.0,1023.1,4.9,11.2,3,2022-03-04,11
2022-03-04 12:00:00,70.3,76,62.5,0.004,1022.7,9.7,19.2,51,2022-03-04,12
2022-03-04 13:00:00,70.3,76,62.6,0.02,1022.0,11.5,21.9,53,2022-03-04,13
2022-03-04 14:00:00,69.3,80,63.0,0.024,1021.2,11.5,21.9,53,2022-03-04,14
2022-03-04 15:00:00,70.1,79,63.2,0.028,1020.2,11.0,21.0,53,2022-03-04,15
2022-03-04 16:00:00,69.8,77,62.3,0.004,1019.2,14.2,26.4,51,2022-03-04,16
2022-03-04 17:00:00,70.9,74,62.2,0.0,1018.6,12.3,26.6,3,2022-03-04,17
2022-03-04 18:00:00,70.2,76,62.2,0.004,1018.2,9.6,22.6,51,2022-03-04,18
2022-03-04 19:00:00,68.4,83,63.0,0.0,1018.5,9.5,18.6,1,2022-03-04,19
2022-03-04 20:00:00,65.6,88,61.9,0.0,1018.8,9.2,16.8,3,2022-03-04,20
2022-03-04 21:00:00,64.5,88,60.9,0.0,1019.0,10.3,17.4,1,2022-03-04,21
2022-03-04 22:00:00,63.9,89,60.7,0.0,1019.1,10.8,19.0,3,2022-03-04,22
2022-03-04 23:00:00,63.9,91,61.1,0.0,1018.7,10.3,18.3,3,2022-03-04,23
2022-03-05 00:00:00,64.2,91,61.5,0.0,1018.4,10.6,19.0,3,2022-03-05,0
2022-03-05 01:00:00,63.8,94,62.0,0.0,1018.4,9.0,18.3,0,2022-03-05,1
2022-03-05 02:00:00,62.7,96,61.6,0.0,1018.3,6.9,15.4,1,2022-03-05,2
2022-03-05 03:00:00,62.6,97,61.7,0.0,1017.9,6.8,11.6,1,2022-03-05,3
2022-03-05 04:00:00,62.2,97,61.4,0.0,1017.3,7.3,11.9,2,2022-03-05,4
2022-03-05 05:00:00,63.0,96,61.8,0.0,1016.6,8.7,14.5,0,2022-03-05,5
2022-03-05 06:00:00,63.6,94,61.9,0.0,1016.4,9.8,16.6,0,2022-03-05,6
2022-03-05 07:00:00,66.0,92,63.8,0.0,1016.2,11.0,17.9,0,2022-03-05,7
2022-03-05 08:00:00,67.3,91,64.5,0.0,1016.2,11.5,19.9,3,2022-03-05,8
2022-03-05 09:00:00,69.0,89,65.6,0.0,1016.8,12.2,22.4,3,2022-03-05,9
2022-03-05 10:00:00,69.4,90,66.3,0.016,1017.2,12.8,22.8,51,2022-03-05,10
2022-03-05 11:00:00,70.3,89,67.1,0.02,1017.2,13.1,23.9,53,2022-03-05,11
2022-03-05 12:00:00,71.2,91,68.4,0.031,1017.2,13.7,24.2,53,2022-03-05,12
2022-03-05 13:00:00,74.0,80,67.5,0.008,1016.5,16.6,30.2,51,2022-03-05,13
2022-03-05 14:00:00,78.8,65,65.9,0.0,1015.8,18.6,34.9,1,2022-03-05,14
2022-03-05 15:00:00,79.1,63,65.2,0.0,1015.3,17.5,34.4,2,2022-03-05,15
2022-03-05 16:00:00,77.6,66,65.5,0.012,1015.0,16.5,32.7,51,2022-03-05,16
2022-03-05 17:00:00,77.8,64,64.5,0.0,1014.7,15.8,30.9,1,2022-03-05,17
2022-03-05 18:00:00,75.1,71,65.2,0.0,1014.9,14.1,29.1,1,2022-03-05,18
2022-03-05 19:00:00,73.7,77,66.1,0.0,1015.5,10.5,25.7,1,2022-03-05,19
2022-03-05 20:00:00,72.1,81,66.0,0.0,1015.7,10.0,18.3,3,2022-03-05,20
2022-03-05 21:00:00,70.4,89,67.0,0.0,1016.5,9.6,17.7,3,2022-03-05,21
2022-03-05 22:00:00,68.7,95,67.2,0.004,1017.3,8.1,16.8,51,2022-03-05,22
2022-03-05 23:00:00,68.1,96,67.0,0.0,1017.8,7.6,14.1,3,2022-03-05,23
2022-03-06 00:00:00,68.3,96,67.1,0.008,1018.0,7.6,13.0,51,2022-03-06,0
2022-03-06 01:00:00,68.5,96,67.5,0.004,1018.0,9.3,15.9,51,2022-03-06,1
2022-03-06 02:00:00,69.1,96,67.9,0.0,1017.9,10.9,19.0,3,2022-03-06,2
2022-03-06 03:00:00,69.4,95,68.0,0.0,1016.9,13.6,23.7,3,2022-03-06,3
2022-03-06 04:00:00,68.9,95,67.6,0.0,1016.3,11.6,23.9,3,2022-03-06,4
2022-03-06 05:00:00,68.7,96,67.6,0.0,1015.5,10.3,19.9,3,2022-03-06,5
2022-03-06 06:00:00,68.1,98,67.4,0.0,1015.5,9.2,17.9,3,2022-03-06,6
2022-03-06 07:00:00,67.1,99,66.7,0.0,1015.9,6.8,16.1,3,2022-03-06,7
2022-03-06 08:00:00,67.3,99,67.1,0.0,1016.3,6.4,10.3,3,2022-03-06,8
2022-03-06 09:00:00,67.7,99,67.4,0.0,1016.7,7.0,11.9,3,2022-03-06,9
2022-03-06 10:00:00,69.2,97,68.2,0.0,1016.9,9.8,16.8,3,2022-03-06,10
2022-03-06 11:00:00,70.6,93,68.6,0.004,1016.9,12.6,22.4,51,2022-03-06,11
2022-03-06 12:00:00,72.4,84,67.5,0.004,1016.6,14.4,26.2,51,2022-03-06,12
2022-03-06 13:00:00,74.2,79,67.3,0.0,1015.7,17.5,30.9,3,2022-03-06,13
2022-03-06 14:00:00,76.1,72,66.3,0.0,1014.5,16.8,32.2,2,2022-03-06,14
2022-03-06 15:00:00,80.9,58,64.5,0.0,1013.5,19.6,36.0,2,2022-03-06,15
2022-03-06 16:00:00,79.7,62,65.4,0.0,1012.9,17.9,36.9,2,2022-03-06,16
2022-03-06 17:00:00,78.6,64,65.6,0.0,1012.4,17.2,34.0,2,2022-03-06,17
2022-03-06 18:00:00,76.3,75,67.6,0.008,1012.5,14.8,31.5,51,2022-03-06,18
2022-03-06 19:00:00,71.3,95,69.9,0.008,1012.8,10.8,26.6,51,2022-03-06,19
2022-03-06 20:00:00,71.3,96,70.2,0.028,1012.5,11.7,19.9,53,2022-03-06,20
2022-03-06 21:00:00,71.3,96,70.2,0.0,1012.5,11.1,20.4,3,2022-03-06,21
2022-03-06 22:00:00,71.6,95,70.2,0.0,1013.2,11.0,19.5,3,2022-03-06,22
2022-03-06 23:00:00,71.4,95,69.8,0.0,1013.6,10.1,18.8,3,2022-03-06,23
2022-03-07 00:00:00,71.2,95,69.7,0.0,1013.7,10.2,17.7,3,2022-03-07,0
2022-03-07 01:00:00,70.7,96,69.4,0.0,1014.0,7.7,17.4,3,2022-03-07,1
2022-03-07 02:00:00,70.2,96,69.1,0.0,1014.2,6.3,12.5,3,2022-03-07,2
2022-03-07 03:00:00,70.2,95,68.9,0.0,1014.2,5.8,15.0,3,2022-03-07,3
2022-03-07 04:00:00,70.1,96,68.9,0.0,1014.0,5.2,9.6,3,2022-03-07,4
2022-03-07 05:00:00,69.9,96,68.7,0.0,1014.2,5.0,12.1,3,2022-03-07,5
2022-03-07 06:00:00,69.2,98,68.6,0.031,1014.6,4.5,11.9,53,2022-03-07,6
2022-03-07 07:00:00,52.6,91,50.0,0.098,1018.3,15.4,35.6,63,2022-03-07,7
2022-03-07 08:00:00,52.0,88,48.6,0.02,1019.4,15.3,28.4,53,2022-03-07,8
2022-03-07 09:00:00,50.8,89,47.6,0.012,1020.7,16.2,29.1,51,2022-03-07,9
2022-03-07 10:00:00,50.2,89,47.0,0.004,1022.2,14.0,28.9,51,2022-03-07,10
2022-03-07 11:00:00,51.3,81,45.5,0.0,1022.8,14.4,27.7,3,2022-03-07,11
2022-03-07 12:00:00,53.3,70,43.7,0.0,1022.7,14.2,26.8,3,2022-03-07,12
2022-03-07 13:00:00,55.8,63,43.2,0.0,1022.3,13.4,27.5,2,2022-03-07,13
2022-03-07 14:00:00,58.0,57,42.8,0.0,1021.2,13.7,27.1,2,2022-03-07,14
2022-03-07 15:00:00,59.6,53,42.3,0.0,1020.3,13.4,28.9,1,2022-03-07,15
2022-03-07 16:00:00,60.2,47,40.1,0.0,1019.5,13.7,26.6,3,2022-03-07,16
2022-03-07 17:00:00,58.6,47,38.6,0.0,1019.5,14.1,26.8,3,2022-03-07,17
2022-03-07 18:00:00,57.7,47,37.5,0.0,1019.3,12.5,26.6,3,2022-03-07,18
2022-03-07 19:00:00,55.0,51,37.0,0.0,1019.5,10.5,23.0,3,2022-03-07,19
2022-03-07 20:00:00,55.0,48,35.8,0.0,1019.9,10.1,18.8,3,2022-03-07,20
2022-03-07 21:00:00,54.4,48,35.0,0.0,1020.4,10.9,19.7,3,2022-03-07,21
2022-03-07 22:00:00,53.1,49,34.2,0.0,1020.8,10.5,19.7,3,2022-03-07,22
2022-03-07 23:00:00,50.7,60,37.5,0.028,1021.1,9.6,19.2,53,2022-03-07,23
2022-03-08 00:00:00,48.7,73,40.5,0.024,1021.0,10.4,17.9,53,2022-03-08,0
2022-03-08 01:00:00,48.5,69,38.8,0.0,1020.8,9.8,18.1,3,2022-03-08,1
2022-03-08 02:00:00,48.6,63,36.6,0.0,1020.1,10.7,18.8,3,2022-03-08,2
2022-03-08 03:00:00,48.7,61,35.8,0.0,1019.3,9.6,19.0,3,2022-03-08,3
2022-03-08 04:00:00,48.7,62,36.0,0.008,1018.7,9.1,16.8,51,2022-03-08,4
2022-03-08 05:00:00,46.1,89,43.2,0.075,1018.2,8.9,16.1,61,2022-03-08,5
2022-03-08 06:00:00,46.0,87,42.4,0.016,1017.5,10.0,17.7,51,2022-03-08,6
2022-03-08 07:00:00,45.1,90,42.4,0.024,1017.0,8.4,19.2,53,2022-03-08,7
2022-03-08 08:00:00,44.9,95,43.5,0.055,1017.1,8.0,15.7,61,2022-03-08,8
2022-03-08 09:00:00,45.0,94,43.4,0.181,1018.1,8.2,14.5,63,2022-03-08,9
2022-03-08 10:00:00,45.0,95,43.6,0.157,1017.5,6.5,20.4,63,2022-03-08,10
2022-03-08 11:00:00,45.9,95,44.5,0.094,1018.0,7.3,20.1,61,2022-03-08,11
2022-03-08 12:00:00,47.7,84,43.2,0.008,1016.8,9.2,20.1,51,2022-03-08,12
2022-03-08 13:00:00,48.0,88,44.5,0.012,1016.4,8.1,17.2,51,2022-03-08,13
2022-03-08 14:00:00,48.1,94,46.4,0.055,1016.1,9.6,17.2,61,2022-03-08,14
2022-03-08 15:00:00,47.8,95,46.6,0.024,1014.6,7.8,18.6,53,2022-03-08,15
2022-03-08 16:00:00,47.9,95,46.5,0.02,1014.3,9.6,17.9,53,2022-03-08,16
2022-03-08 17:00:00,48.4,90,45.6,0.008,1014.2,9.8,18.6,51,2022-03-08,17
2022-03-08 18:00:00,48.2,91,45.7,0.012,1014.1,10.0,18.3,51,2022-03-08,18
2022-03-08 19:00:00,44.5,94,42.8,0.004,1014.9,7.6,17.7,51,2022-03-08,19
2022-03-08 20:00:00,44.7,92,42.4,0.0,1015.3,9.6,17.9,3,2022-03-08,20
2022-03-08 21:00:00,44.9,91,42.3,0.0,1016.2,9.4,17.0,3,2022-03-08,21
2022-03-08 22:00:00,44.8,92,42.6,0.0,1016.8,9.6,17.0,3,2022-03-08,22
2022-03-08 23:00:00,44.2,92,42.1,0.0,1017.5,9.7,17.0,3,2022-03-08,23
2022-03-09 00:00:00,44.0,91,41.5,0.0,1017.5,10.5,18.3,3,2022-03-09,0
2022-03-09 01:00:00,43.3,90,40.5,0.0,1017.0,10.6,19.9,3,2022-03-09,1
2022-03-09 02:00:00,43.1,89,39.9,0.0,1018.1,8.3,19.2,3,2022-03-09,2
2022-03-09 03:00:00,42.4,86,38.7,0.0,1017.8,10.8,19.9,3,2022-03-09,3
2022-03-09 04:00:00,41.2,88,37.8,0.0,1017.3,9.2,19.9,3,2022-03-09,4
2022-03-09 05:00:00,39.7,90,36.9,0.0,1016.7,10.3,17.9,1,2022-03-09,5
2022-03-09 06:00:00,38.7,93,36.7,0.0,1017.2,8.8,18.1,2,2022-03-09,6
2022-03-09 07:00:00,41.1,91,38.8,0.0,1016.9,9.0,15.2,1,2022-03-09,7
2022-03-09 08:00:00,40.9,93,39.1,0.0,1017.8,5.5,15.7,3,2022-03-09,8
2022-03-09 09:00:00,43.8,84,39.4,0.0,1018.4,8.7,15.9,3,2022-03-09,9
2022-03-09 10:00:00,46.7,74,38.8,0.0,1018.5,10.2,19.5,3,2022-03-09,10
2022-03-09 11:00:00,49.5,66,38.7,0.0,1018.8,8.8,20.4,3,2022-03-09,11
2022-03-09 12:00:00,52.3,61,39.4,0.0,1018.8,6.5,19.0,3,2022-03-09,12
2022-03-09 13:00:00,52.7,62,39.9,0.0,1018.4,4.3,15.2,3,2022-03-09,13
2022-03-09 14:00:00,55.3,58,40.7,0.0,1016.9,5.6,14.3,2,2022-03-09,14
2022-03-09 15:00:00,55.9,57,40.8,0.0,1015.7,6.4,15.4,2,2022-03-09,15
2022-03-09 16:00:00,56.5,58,41.8,0.0,1015.1,5.8,15.2,1,2022-03-09,16
2022-03-09 17:00:00,56.8,59,42.5,0.0,1014.7,4.9,14.5,1,2022-03-09,17
2022-03-09 18:00:00,56.0,60,42.5,0.0,1014.5,4.6,12.1,0,2022-03-09,18
2022-03-09 19:00:00,54.7,66,43.4,0.0,1014.4,2.8,9.6,0,2022-03-09,19
2022-03-09 20:00:00,51.4,68,41.4,0.0,1014.8,4.5,7.2,1,2022-03-09,20
2022-03-09 21:00:00,49.3,69,39.6,0.0,1015.5,5.8,9.6,0,2022-03-09,21
2022-03-09 22:00:00,47.3,73,39.2,0.0,1016.1,6.0,9.8,0,2022-03-09,22
2022-03-09 23:00:00,45.9,77,39.1,0.0,1016.4,5.9,10.3,0,2022-03-09,23
2022-03-10 00:00:00,45.0,79,38.9,0.0,1016.0,5.5,9.8,0,2022-03-10,0
2022-03-10 01:00:00,43.6,84,39.0,0.0,1016.1,4.7,8.9,0,2022-03-10,1
2022-03-10 02:00:00,42.9,86,39.0,0.0,1015.6,5.1,8.1,0,2022-03-10,2
2022-03-10 03:00:00,41.8,89,38.8,0.0,1015.5,4.2,8.1,0,2022-03-10,3
2022-03-10 04:00:00,41.8,90,39.0,0.0,1015.2,5.1,8.3,0,2022-03-10,4
2022-03-10 05:00:00,41.5,91,39.1,0.0,1015.1,5.6,8.9,0,2022-03-10,5
2022-03-10 06:00:00,41.5,93,39.7,0.0,1015.3,5.6,9.2,0,2022-03-10,6
2022-03-10 07:00:00,40.5,96,39.5,0.0,1016.1,4.1,9.2,0,2022-03-10,7
2022-03-10 08:00:00,39.9,98,39.3,0.0,1016.7,3.8,6.5,0,2022-03-10,8
2022-03-10 09:00:00,45.5,90,42.7,0.0,1017.3,4.1,9.2,0,2022-03-10,9
2022-03-10 10:00:00,50.8,80,44.9,0.0,1017.6,4.4,11.4,0,2022-03-10,10
2022-03-10 11:00:00,55.9,71,46.5,0.0,1017.6,5.1,13.0,0,2022-03-10,11
2022-03-10 12:00:00,60.1,64,47.7,0.0,1016.9,5.8,14.3,0,2022-03-10,12
2022-03-10 13:00:00,63.7,58,48.8,0.0,1016.0,4.7,14.5,0,2022-03-10,13
2022-03-10 14:00:00,65.8,55,49.5,0.0,1014.7,4.1,13.2,0,2022-03-10,14
2022-03-10 15:00:00,67.5,52,49.4,0.0,1013.5,3.8,12.3,0,2022-03-10,15
2022-03-10 16:00:00,68.5,51,49.5,0.0,1012.5,4.1,11.4,0,2022-03-10,16
2022-03-10 17:00:00,68.4,53,50.9,0.0,1012.3,5.6,12.3,0,2022-03-10,17
2022-03-10 18:00:00,66.1,63,53.1,0.0,1012.5,7.9,14.5,0,2022-03-10,18
2022-03-10 19:00:00,64.0,65,52.2,0.0,1012.5,8.4,15.2,0,2022-03-10,19
2022-03-10 20:00:00,58.7,77,51.7,0.0,1013.0,9.4,16.1,0,2022-03-10,20
2022-03-10 21:00:00,55.8,79,49.3,0.0,1013.4,8.2,16.1,0,2022-03-10,21
2022-03-10 22:00:00,54.1,82,48.8,0.0,1013.8,5.7,13.9,0,2022-03-10,22
2022-03-10 23:00:00,53.4,87,49.6,0.0,1014.4,4.3,9.2,2,2022-03-10,23
2022-03-11 00:00:00,54.4,86,50.4,0.0,1014.0,5.7,9.2,3,2022-03-11,0
2022-03-11 01:00:00,57.1,79,50.6,0.0,1013.1,7.2,12.3,3,2022-03-11,1
2022-03-11 02:00:00,57.1,81,51.3,0.0,1013.3,2.6,12.3,3,2022-03-11,2
2022-03-11 03:00:00,56.6,90,53.7,0.012,1012.9,2.8,6.5,51,2022-03-11,3
2022-03-11 04:00:00,55.8,89,52.4,0.0,1012.1,4.1,6.9,3,2022-03-11,4
2022-03-11 05:00:00,56.5,88,53.0,0.0,1011.7,3.5,6.5,3,2022-03-11,5
2022-03-11 06:00:00,56.1,90,53.2,0.0,1012.0,3.7,6.3,3,2022-03-11,6
2022-03-11 07:00:00,55.4,93,53.4,0.055,1012.8,2.3,7.4,61,2022-03-11,7
2022-03-11 08:00:00,54.1,96,53.1,0.004,1012.7,3.3,5.4,51,2022-03-11,8
2022-03-11 09:00:00,57.5,94,55.7,0.008,1013.0,3.5,8.5,51,2022-03-11,9
2022-03-11 10:00:00,60.0,88,56.6,0.0,1013.9,7.6,15.2,2,2022-03-11,10
2022-03-11 11:00:00,63.0,77,55.8,0.0,1014.1,10.1,19.7,3,2022-03-11,11
2022-03-11 12:00:00,62.3,72,53.2,0.0,1014.5,9.8,20.4,3,2022-03-11,12
2022-03-11 13:00:00,61.9,61,48.3,0.0,1013.9,14.0,25.5,3,2022-03-11,13
2022-03-11 14:00:00,63.0,53,45.6,0.0,1013.2,13.8,28.0,3,2022-03-11,14
2022-03-11 15:00:00,62.4,50,43.8,0.0,1012.6,15.1,28.2,3,2022-03-11,15
2022-03-11 16:00:00,60.4,49,41.4,0.0,1012.6,15.2,28.4,3,2022-03-11,16
2022-03-11 17:00:00,56.9,52,39.4,0.0,1013.5,16.9,30.4,3,2022-03-11,17
2022-03-11 18:00:00,53.7,54,37.6,0.0,1014.3,18.3,33.1,2,2022-03-11,18
2022-03-11 19:00:00,44.6,70,35.3,0.0,1017.8,20.1,34.0,3,2022-03-11,19
2022-03-11 20:00:00,41.3,85,37.0,0.146,1019.5,18.5,36.9,63,2022-03-11,20
2022-03-11 21:00:00,40.3,85,36.0,0.004,1021.5,17.9,32.7,51,2022-03-11,21
2022-03-11 22:00:00,39.0,82,34.1,0.0,1022.7,18.3,33.3,3,2022-03-11,22
2022-03-11 23:00:00,38.5,77,31.9,0.0,1023.9,19.7,37.1,3,2022-03-11,23
2022-03-12 00:00:00,38.1,71,29.7,0.0,1025.3,19.8,37.6,1,2022-03-12,0
2022-03-12 01:00:00,37.1,65,26.6,0.0,1026.0,18.6,35.3,0,2022-03-12,1
2022-03-12 02:00:00,36.1,61,23.9,0.0,1026.8,16.6,33.1,0,2022-03-12,2
2022-03-12 03:00:00,35.7,57,22.1,0.0,1027.3,15.9,29.5,0,2022-03-12,3
2022-03-12 04:00:00,35.3,55,20.8,0.0,1027.5,15.3,28.0,0,2022-03-12,4
2022-03-12 05:00:00,35.1,51,19.0,0.0,1028.4,14.2,27.1,0,2022-03-12,5
2022-03-12 06:00:00,34.5,50,17.8,0.0,1029.4,12.4,25.1,0,2022-03-12,6
2022-03-12 07:00:00,33.2,58,19.9,0.0,1030.8,8.1,21.7,0,2022-03-12,7
2022-03-12 08:00:00,32.8,60,20.5,0.0,1031.5,6.4,13.9,0,2022-03-12,8
2022-03-12 09:00:00,36.5,58,23.0,0.0,1032.8,5.2,11.4,0,2022-03-12,9
2022-03-12 10:00:00,40.4,50,23.4,0.0,1033.5,5.8,13.4,0,2022-03-12,10
2022-03-12 11:00:00,44.2,46,24.5,0.0,1033.7,6.3,15.0,0,2022-03-12,11
2022-03-12 12:00:00,47.5,41,25.0,0.0,1033.7,7.7,17.7,0,2022-03-12,12
2022-03-12 13:00:00,50.2,36,24.5,0.0,1032.9,7.6,18.1,0,2022-03-12,13
2022-03-12 14:00:00,52.2,35,25.1,0.0,1031.8,6.8,17.9,0,2022-03-12,14
2022-03-12 15:00:00,53.8,34,26.0,0.0,1030.7,5.3,16.3,0,2022-03-12,15
2022-03-12 16:00:00,54.6,34,26.6,0.0,1029.7,4.5,14.1,0,2022-03-12,16
2022-03-12 17:00:00,54.7,34,26.7,0.0,1029.2,4.1,12.3,0,2022-03-12,17
2022-03-12 18:00:00,53.9,34,26.4,0.0,1028.9,3.5,10.7,0,2022-03-12,18
2022-03-12 19:00:00,52.7,44,31.5,0.0,1028.5,2.2,8.1,0,2022-03-12,19
2022-03-12 20:00:00,51.3,36,25.2,0.0,1028.7,1.3,2.5,0,2022-03-12,20
2022-03-12 21:00:00,48.0,45,27.4,0.0,1029.4,2.2,2.2,0,2022-03-12,21
2022-03-12 22:00:00,42.9,60,29.9,0.0,1030.0,4.2,6.0,0,2022-03-12,22
2022-03-12 23:00:00,40.4,67,30.1,0.0,1030.3,6.8,7.8,0,2022-03-12,23
2022-03-13 00:00:00,38.8,69,29.5,0.0,1030.3,5.4,7.8,0,2022-03-13,0
2022-03-13 01:00:00,37.2,73,29.5,0.0,1029.8,5.7,6.7,0,2022-03-13,1
2022-03-13 02:00:00,37.0,71,28.5,0.0,1029.6,6.0,6.9,0,2022-03-13,2
2022-03-13 03:00:00,36.2,74,28.6,0.0,1029.2,5.2,6.9,0,2022-03-13,3
2022-03-13 04:00:00,36.1,80,30.5,0.0,1028.5,5.2,6.5,0,2022-03-13,4
2022-03-13 05:00:00,35.5,84,31.1,0.0,1028.3,4.7,6.7,0,2022-03-13,5
2022-03-13 06:00:00,34.3,88,31.1,0.0,1028.2,5.1,6.5,0,2022-03-13,6
2022-03-13 07:00:00,32.8,86,29.0,0.0,1028.8,5.2,6.9,0,2022-03-13,7
2022-03-13 08:00:00,33.5,87,30.2,0.0,1028.9,4.7,6.9,0,2022-03-13,8
2022-03-13 09:00:00,42.4,74,34.9,0.0,1029.4,5.0,9.6,0,2022-03-13,9
2022-03-13 10:00:00,49.6,61,36.8,0.0,1030.2,4.3,10.3,0,2022-03-13,10
2022-03-13 11:00:00,53.7,50,35.4,0.0,1030.2,6.6,15.0,0,2022-03-13,11
2022-03-13 12:00:00,56.1,51,38.1,0.0,1029.8,8.2,18.1,0,2022-03-13,12
2022-03-13 13:00:00,58.5,53,41.3,0.0,1028.8,9.2,19.9,0,2022-03-13,13
2022-03-13 14:00:00,61.0,47,40.6,0.0,1027.3,9.9,20.6,3,2022-03-13,14
2022-03-13 15:00:00,62.0,47,41.5,0.0,1025.8,12.8,24.6,3,2022-03-13,15
2022-03-13 16:00:00,59.9,53,42.5,0.0,1025.0,13.2,25.3,3,2022-03-13,16
2022-03-13 17:00:00,58.9,54,42.4,0.0,1024.6,12.3,25.1,3,2022-03-13,17
2022-03-13 18:00:00,57.1,56,41.7,0.0,1024.5,12.1,23.9,3,2022-03-13,18
2022-03-13 19:00:00,55.1,65,43.4,0.0,1024.3,8.9,23.3,3,2022-03-13,19
2022-03-13 20:00:00,54.6,66,43.3,0.0,1024.1,8.4,15.4,3,2022-03-13,20
2022-03-13 21:00:00,54.2,67,43.5,0.0,1024.3,7.8,14.5,3,2022-03-13,21
2022-03-13 22:00:00,54.0,68,43.5,0.0,1024.7,9.3,16.1,3,2022-03-13,22
2022-03-13 23:00:00,53.9,67,43.3,0.0,1024.2,9.3,17.0,2,2022-03-13,23
2022-03-14 00:00:00,52.9,68,42.6,0.0,1023.9,9.2,16.1,3,2022-03-14,0
2022-03-14 01:00:00,53.5,67,42.9,0.0,1023.0,9.2,16.1,3,2022-03-14,1
2022-03-14 02:00:00,53.4,71,44.2,0.0,1022.4,8.2,15.9,3,2022-03-14,2
2022-03-14 03:00:00,54.0,76,46.8,0.0,1021.6,7.7,14.1,3,2022-03-14,3
2022-03-14 04:00:00,54.4,79,48.1,0.0,1020.8,5.4,13.2,3,2022-03-14,4
2022-03-14 05:00:00,54.2,82,48.7,0.004,1020.4,4.7,9.2,51,2022-03-14,5
2022-03-14 06:00:00,54.3,85,49.8,0.0,1020.3,5.7,9.2,3,2022-03-14,6
2022-03-14 07:00:00,55.8,95,54.4,0.0,1019.9,9.1,9.8,3,2022-03-14,7
2022-03-14 08:00:00,56.7,96,55.6,0.0,1019.8,8.1,15.2,1,2022-03-14,8
2022-03-14 09:00:00,60.4,89,57.3,0.0,1020.3,8.4,14.3,1,2022-03-14,9
2022-03-14 10:00:00,64.3,85,59.7,0.004,1020.6,7.5,16.8,51,2022-03-14,10
2022-03-14 11:00:00,67.6,80,61.2,0.004,1020.5,8.6,19.0,51,2022-03-14,11
2022-03-14 12:00:00,70.5,70,60.3,0.024,1019.9,13.6,25.3,53,2022-03-14,12
2022-03-14 13:00:00,72.6,61,58.5,0.008,1019.1,14.1,26.4,51,2022-03-14,13
2022-03-14 14:00:00,74.1,57,58.0,0.008,1017.9,14.3,27.5,51,2022-03-14,14
2022-03-14 15:00:00,74.2,56,57.4,0.008,1016.8,14.2,26.8,51,2022-03-14,15
2022-03-14 16:00:00,72.9,64,59.9,0.016,1015.9,14.3,27.7,51,2022-03-14,16
2022-03-14 17:00:00,69.4,75,61.2,0.039,1015.8,12.6,27.5,55,2022-03-14,17
2022-03-14 18:00:00,67.9,82,62.1,0.012,1015.7,12.4,22.1,51,2022-03-14,18
2022-03-14 19:00:00,63.6,98,62.9,0.008,1016.9,2.2,21.9,51,2022-03-14,19
2022-03-14 20:00:00,64.3,97,63.5,0.02,1015.9,8.1,14.5,53,2022-03-14,20
2022-03-14 21:00:00,62.8,100,62.7,0.067,1016.9,6.1,15.9,61,2022-03-14,21
2022-03-14 22:00:00,62.0,100,62.0,0.091,1018.3,3.0,9.6,61,2022-03-14,22
2022-03-14 23:00:00,60.1,99,59.9,0.563,1019.0,7.9,20.1,65,2022-03-14,23
2022-03-15 00:00:00,60.3,97,59.5,0.004,1018.8,4.5,12.5,51,2022-03-15,0
2022-03-15 01:00:00,60.0,99,59.7,0.008,1019.1,2.7,13.2,51,2022-03-15,1
2022-03-15 02:00:00,59.8,98,59.3,0.0,1018.7,4.7,6.5,3,2022-03-15,2
2022-03-15 03:00:00,58.9,99,58.5,0.0,1018.4,7.1,13.0,0,2022-03-15,3
2022-03-15 04:00:00,57.8,98,57.2,0.0,1017.2,5.4,11.9,0,2022-03-15,4
2022-03-15 05:00:00,57.0,98,56.4,0.0,1017.2,6.5,10.5,0,2022-03-15,5
2022-03-15 06:00:00,56.2,92,53.9,0.0,1017.9,9.6,15.4,0,2022-03-15,6
2022-03-15 07:00:00,54.5,86,50.4,0.0,1019.4,9.5,18.1,0,2022-03-15,7
2022-03-15 08:00:00,52.8,85,48.3,0.0,1019.9,9.7,15.4,0,2022-03-15,8
2022-03-15 09:00:00,55.0,77,47.8,0.0,1020.7,10.2,18.1,0,2022-03-15,9
2022-03-15 10:00:00,58.6,66,47.4,0.0,1021.2,9.2,17.7,0,2022-03-15,10
2022-03-15 11:00:00,62.4,55,46.0,0.0,1021.3,9.9,19.7,0,2022-03-15,11
2022-03-15 12:00:00,65.4,47,44.6,0.0,1021.0,10.7,21.5,0,2022-03-15,12
2022-03-15 13:00:00,67.5,44,44.7,0.0,1020.3,11.3,22.6,0,2022-03-15,13
2022-03-15 14:00:00,69.3,42,45.0,0.0,1019.4,11.8,23.5,0,2022-03-15,14
2022-03-15 15:00:00,70.2,41,45.1,0.0,1018.3,12.2,23.9,0,2022-03-15,15
2022-03-15 16:00:00,70.3,41,45.2,0.0,1017.7,12.2,23.9,0,2022-03-15,16
2022-03-15 17:00:00,70.5,41,45.9,0.0,1017.3,11.5,23.3,0,2022-03-15,17
2022-03-15 18:00:00,69.4,46,48.0,0.0,1017.3,10.1,21.5,0,2022-03-15,18
2022-03-15 19:00:00,65.5,54,48.4,0.0,1017.8,5.5,17.9,0,2022-03-15,19
2022-03-15 20:00:00,60.3,63,47.5,0.0,1018.2,5.1,9.2,0,2022-03-15,20
2022-03-15 21:00:00,58.9,66,47.6,0.0,1018.8,5.2,8.1,0,2022-03-15,21
2022-03-15 22:00:00,58.7,67,47.8,0.0,1019.6,5.8,10.3,0,2022-03-15,22
2022-03-15 23:00:00,55.1,78,48.6,0.0,1020.2,5.1,9.2,0,2022-03-15,23
2022-03-16 00:00:00,53.7,84,49.0,0.0,1020.3,5.2,7.4,0,2022-03-16,0
2022-03-16 01:00:00,53.0,88,49.4,0.0,1019.9,4.3,6.7,0,2022-03-16,1
2022-03-16 02:00:00,51.9,90,49.1,0.0,1019.4,4.2,6.3,0,2022-03-16,2
2022-03-16 03:00:00,51.0,92,48.7,0.0,1018.6,4.2,6.3,0,2022-03-16,3
2022-03-16 04:00:00,49.8,93,48.0,0.0,1017.9,4.7,6.3,0,2022-03-16,4
2022-03-16 05:00:00,50.3,93,48.2,0.0,1017.1,4.4,6.9,0,2022-03-16,5
2022-03-16 06:00:00,49.2,94,47.6,0.0,1017.5,4.2,6.9,0,2022-03-16,6
2022-03-16 07:00:00,47.8,96,46.7,0.0,1018.1,4.5,7.2,0,2022-03-16,7
2022-03-16 08:00:00,47.9,97,47.0,0.0,1018.7,2.1,5.1,0,2022-03-16,8
2022-03-16 09:00:00,54.5,88,51.0,0.0,1018.9,1.4,5.4,0,2022-03-16,9
2022-03-16 10:00:00,60.9,77,53.7,0.0,1019.0,1.9,7.4,0,2022-03-16,10
2022-03-16 11:00:00,65.5,67,54.1,0.0,1019.4,2.6,9.4,0,2022-03-16,11
2022-03-16 12:00:00,68.4,60,54.1,0.0,1019.2,2.8,10.1,0,2022-03-16,12
2022-03-16 13:00:00,70.6,56,54.2,0.0,1018.6,3.6,11.4,0,2022-03-16,13
2022-03-16 14:00:00,72.1,54,54.4,0.0,1017.3,3.8,11.6,0,2022-03-16,14
2022-03-16 15:00:00,73.0,53,54.8,0.0,1015.7,4.3,11.9,0,2022-03-16,15
2022-03-16 16:00:00,73.4,51,54.4,0.0,1014.5,4.9,12.3,0,2022-03-16,16
2022-03-16 17:00:00,73.0,51,53.7,0.0,1013.5,4.9,12.3,0,2022-03-16,17
2022-03-16 18:00:00,72.0,54,54.2,0.0,1012.9,5.2,11.4,0,2022-03-16,18
2022-03-16 19:00:00,69.9,61,55.8,0.0,1012.0,6.3,9.8,0,2022-03-16,19
2022-03-16 20:00:00,64.1,67,53.1,0.0,1012.9,11.6,20.1,0,2022-03-16,20
2022-03-16 21:00:00,61.4,70,51.5,0.0,1013.4,9.2,19.9,0,2022-03-16,21
2022-03-16 22:00:00,58.9,76,51.3,0.0,1013.4,8.1,15.4,1,2022-03-16,22
2022-03-16 23:00:00,57.2,83,52.1,0.0,1013.5,8.1,13.9,3,2022-03-16,23
2022-03-17 00:00:00,55.9,90,53.1,0.0,1013.8,6.9,13.6,3,2022-03-17,0
2022-03-17 01:00:00,54.9,94,53.2,0.0,1013.6,5.8,11.4,3,2022-03-17,1
2022-03-17 02:00:00,54.1,95,52.8,0.0,1013.0,5.1,9.4,3,2022-03-17,2
2022-03-17 03:00:00,53.0,97,52.2,0.0,1012.3,4.6,8.1,0,2022-03-17,3
2022-03-17 04:00:00,52.2,98,51.7,0.0,1011.7,4.3,7.2,0,2022-03-17,4
2022-03-17 05:00:00,53.2,98,52.5,0.0,1011.3,5.7,8.9,0,2022-03-17,5
2022-03-17 06:00:00,54.0,97,53.2,0.0,1011.4,6.1,10.1,0,2022-03-17,6
2022-03-17 07:00:00,56.4,97,55.7,0.0,1011.2,7.8,11.4,0,2022-03-17,7
2022-03-17 08:00:00,58.2,97,57.3,0.0,1011.4,9.2,15.2,3,2022-03-17,8
2022-03-17 09:00:00,62.1,92,59.8,0.0,1011.7,10.8,18.3,3,2022-03-17,9
2022-03-17 10:00:00,64.8,86,60.4,0.004,1011.9,12.4,23.0,51,2022-03-17,10
2022-03-17 11:00:00,69.1,71,59.3,0.0,1011.7,16.4,29.8,2,2022-03-17,11
2022-03-17 12:00:00,72.1,62,58.4,0.0,1011.3,15.3,30.6,0,2022-03-17,12
2022-03-17 13:00:00,74.1,58,58.6,0.0,1010.6,16.0,30.2,0,2022-03-17,13
2022-03-17 14:00:00,74.9,58,59.4,0.0,1010.2,18.5,34.4,2,2022-03-17,14
2022-03-17 15:00:00,75.6,55,58.4,0.0,1009.2,17.9,34.7,3,2022-03-17,15
2022-03-17 16:00:00,73.0,64,60.1,0.0,1008.2,14.9,33.1,3,2022-03-17,16
2022-03-17 17:00:00,71.2,73,62.3,0.0,1007.3,13.4,27.1,3,2022-03-17,17
2022-03-17 18:00:00,69.2,83,63.7,0.012,1007.0,12.9,24.2,51,2022-03-17,18
2022-03-17 19:00:00,65.1,97,64.2,0.016,1007.8,8.9,22.8,51,2022-03-17,19
2022-03-17 20:00:00,65.1,98,64.7,0.031,1007.6,5.9,15.2,53,2022-03-17,20
2022-03-17 21:00:00,66.4,98,65.8,0.035,1008.0,8.4,13.6,53,2022-03-17,21
2022-03-17 22:00:00,67.6,96,66.4,0.004,1007.8,11.0,18.3,51,2022-03-17,22
2022-03-17 23:00:00,67.4,97,66.5,0.0,1007.6,11.7,20.8,1,2022-03-17,23
2022-03-18 00:00:00,67.3,98,66.6,0.0,1007.9,10.3,20.6,3,2022-03-18,0
2022-03-18 01:00:00,67.5,98,66.8,0.0,1008.3,9.9,17.7,3,2022-03-18,1
2022-03-18 02:00:00,68.2,97,67.2,0.0,1008.9,11.6,19.7,3,2022-03-18,2
2022-03-18 03:00:00,68.4,97,67.4,0.0,1008.9,12.5,21.7,3,2022-03-18,3
2022-03-18 04:00:00,68.1,96,67.0,0.0,1009.2,13.2,22.6,3,2022-03-18,4
2022-03-18 05:00:00,67.5,95,65.8,0.004,1009.9,14.5,25.3,51,2022-03-18,5
2022-03-18 06:00:00,60.9,80,54.6,0.0,1011.5,12.8,25.9,0,2022-03-18,6
2022-03-18 07:00:00,60.3,85,55.9,0.0,1012.8,11.1,21.7,0,2022-03-18,7
2022-03-18 08:00:00,56.6,77,49.5,0.0,1014.2,12.1,20.4,0,2022-03-18,8
2022-03-18 09:00:00,56.7,69,46.6,0.0,1015.7,12.6,22.1,0,2022-03-18,9
2022-03-18 10:00:00,57.7,59,43.2,0.0,1017.0,14.2,27.1,0,2022-03-18,10
2022-03-18 11:00:00,59.1,53,42.0,0.0,1017.3,15.0,28.6,0,2022-03-18,11
2022-03-18 12:00:00,61.0,49,41.7,0.0,1017.2,14.6,28.9,0,2022-03-18,12
2022-03-18 13:00:00,63.1,47,42.3,0.0,1016.6,13.2,28.2,0,2022-03-18,13
2022-03-18 14:00:00,65.2,44,42.9,0.0,1015.8,13.1,25.9,0,2022-03-18,14
2022-03-18 15:00:00,66.7,42,43.1,0.0,1015.0,13.5,26.2,0,2022-03-18,15
2022-03-18 16:00:00,67.7,40,42.8,0.0,1014.2,13.2,26.2,0,2022-03-18,16
2022-03-18 17:00:00,67.4,40,42.3,0.0,1014.1,13.0,25.3,0,2022-03-18,17
2022-03-18 18:00:00,66.5,42,42.8,0.0,1014.5,10.1,23.9,0,2022-03-18,18
2022-03-18 19:00:00,64.0,46,42.7,0.0,1015.8,6.6,17.9,0,2022-03-18,19
2022-03-18 20:00:00,59.1,50,40.5,0.0,1016.6,5.7,11.0,0,2022-03-18,20
2022-03-18 21:00:00,57.3,51,39.6,0.0,1017.6,6.1,10.1,0,2022-03-18,21
2022-03-18 22:00:00,55.6,54,39.0,0.0,1018.6,7.0,11.4,0,2022-03-18,22
2022-03-18 23:00:00,53.6,58,39.0,0.0,1019.5,6.5,11.2,0,2022-03-18,23
2022-03-19 00:00:00,52.2,60,38.7,0.0,1020.4,5.4,10.3,0,2022-03-19,0
2022-03-19 01:00:00,48.7,73,40.5,0.0,1020.9,6.0,8.7,0,2022-03-19,1
2022-03-19 02:00:00,47.6,77,40.7,0.0,1021.2,6.0,7.2,0,2022-03-19,2
2022-03-19 03:00:00,47.5,76,40.3,0.0,1021.1,4.6,7.2,0,2022-03-19,3
2022-03-19 04:00:00,48.0,73,39.8,0.0,1020.7,5.0,8.5,0,2022-03-19,4
2022-03-19 05:00:00,45.9,79,39.8,0.0,1021.0,5.3,8.1,0,2022-03-19,5
2022-03-19 06:00:00,45.4,80,39.5,0.0,1021.5,5.2,6.9,0,2022-03-19,6
2022-03-19 07:00:00,48.1,74,40.2,0.0,1022.8,1.9,7.8,3,2022-03-19,7
2022-03-19 08:00:00,45.0,86,41.0,0.0,1023.7,1.0,2.2,2,2022-03-19,8
2022-03-19 09:00:00,51.6,78,45.1,0.0,1024.5,1.9,5.8,0,2022-03-19,9
2022-03-19 10:00:00,58.5,63,46.1,0.0,1025.0,2.2,7.6,1,2022-03-19,10
2022-03-19 11:00:00,63.0,46,41.8,0.0,1025.0,4.5,11.2,0,2022-03-19,11
2022-03-19 12:00:00,65.8,40,40.5,0.0,1024.6,5.1,12.8,1,2022-03-19,12
2022-03-19 13:00:00,68.2,36,40.0,0.0,1023.9,5.1,13.0,2,2022-03-19,13
2022-03-19 14:00:00,69.6,33,39.4,0.0,1023.3,4.6,13.0,0,2022-03-19,14
2022-03-19 15:00:00,70.7,33,39.8,0.0,1022.4,3.7,12.1,0,2022-03-19,15
2022-03-19 16:00:00,71.1,33,40.2,0.0,1021.6,3.0,10.7,0,2022-03-19,16
2022-03-19 17:00:00,71.0,33,40.4,0.0,1021.2,2.2,9.2,0,2022-03-19,17
2022-03-19 18:00:00,69.8,40,44.3,0.0,1020.9,3.6,6.9,0,2022-03-19,18
2022-03-19 19:00:00,66.2,64,53.8,0.0,1021.0,2.8,7.6,0,2022-03-19,19
2022-03-19 20:00:00,58.5,70,48.7,0.0,1021.3,5.0,7.6,0,2022-03-19,20
2022-03-19 21:00:00,55.3,69,45.1,0.0,1021.9,7.4,8.1,0,2022-03-19,21
2022-03-19 22:00:00,54.8,66,43.5,0.0,1022.5,6.5,8.3,0,2022-03-19,22
2022-03-19 23:00:00,54.0,67,43.5,0.0,1023.2,5.1,7.8,0,2022-03-19,23
2022-03-20 00:00:00,51.0,82,45.6,0.0,1023.6,4.4,8.3,1,2022-03-20,0
2022-03-20 01:00:00,49.5,84,45.0,0.0,1023.5,4.3,7.2,0,2022-03-20,1
2022-03-20 02:00:00,47.0,88,43.7,0.0,1023.4,5.9,7.4,0,2022-03-20,2
2022-03-20 03:00:00,46.1,90,43.2,0.0,1023.3,4.9,6.5,0,2022-03-20,3
2022-03-20 04:00:00,46.8,87,43.0,0.0,1023.0,3.6,6.3,0,2022-03-20,4
2022-03-20 05:00:00,47.5,84,42.9,0.0,1022.9,1.4,4.3,0,2022-03-20,5
2022-03-20 06:00:00,46.9,84,42.4,0.0,1023.3,0.7,1.8,0,2022-03-20,6
2022-03-20 07:00:00,43.6,91,41.2,0.0,1023.6,1.9,3.4,0,2022-03-20,7
2022-03-20 08:00:00,44.3,92,42.1,0.0,1024.2,2.7,3.8,0,2022-03-20,8
2022-03-20 09:00:00,53.2,79,46.8,0.0,1024.9,3.4,7.6,0,2022-03-20,9
2022-03-20 10:00:00,60.3,70,50.6,0.0,1025.3,3.4,8.7,0,2022-03-20,10
2022-03-20 11:00:00,65.1,59,50.5,0.0,1025.3,6.8,14.5,0,2022-03-20,11
2022-03-20 12:00:00,68.1,47,47.0,0.0,1025.0,9.9,19.9,0,2022-03-20,12
2022-03-20 13:00:00,70.1,44,46.8,0.0,1024.3,11.1,22.4,0,2022-03-20,13
2022-03-20 14:00:00,71.1,38,44.3,0.0,1023.4,12.8,24.8,0,2022-03-20,14
2022-03-20 15:00:00,70.4,37,42.7,0.0,1022.7,15.0,28.4,0,2022-03-20,15
2022-03-20 16:00:00,69.2,38,42.3,0.0,1021.7,15.4,29.1,0,2022-03-20,16
2022-03-20 17:00:00,67.9,42,44.0,0.0,1020.7,14.3,28.9,1,2022-03-20,17
2022-03-20 18:00:00,66.3,48,45.8,0.0,1020.1,12.1,26.4,0,2022-03-20,18
2022-03-20 19:00:00,63.8,55,47.2,0.0,1019.7,8.4,21.5,0,2022-03-20,19
2022-03-20 20:00:00,60.5,63,47.7,0.0,1019.6,8.4,14.5,2,2022-03-20,20
2022-03-20 21:00:00,59.2,69,49.2,0.0,1019.5,8.9,15.0,3,2022-03-20,21
2022-03-20 22:00:00,60.5,71,51.0,0.0,1019.4,10.7,18.3,3,2022-03-20,22
2022-03-20 23:00:00,61.1,73,52.4,0.0,1019.0,11.7,20.8,3,2022-03-20,23
2022-03-21 00:00:00,61.2,78,54.1,0.0,1018.7,11.9,20.8,3,2022-03-21,0
2022-03-21 01:00:00,62.1,82,56.5,0.0,1018.1,11.9,21.5,3,2022-03-21,1
2022-03-21 02:00:00,63.0,85,58.3,0.0,1017.6,11.6,21.0,3,2022-03-21,2
2022-03-21 03:00:00,63.8,85,59.2,0.0,1016.6,11.5,20.4,3,2022-03-21,3
2022-03-21 04:00:00,63.8,85,59.2,0.004,1015.6,11.9,20.8,51,2022-03-21,4
2022-03-21 05:00:00,63.6,88,60.1,0.008,1014.6,13.2,22.8,51,2022-03-21,5
2022-03-21 06:00:00,64.0,91,61.4,0.012,1014.2,12.2,22.8,51,2022-03-21,6
2022-03-21 07:00:00,64.0,97,63.1,0.051,1013.7,12.2,21.9,61,2022-03-21,7
2022-03-21 08:00:00,65.6,98,65.0,0.02,1013.7,14.9,25.7,53,2022-03-21,8
2022-03-21 09:00:00,66.2,98,65.7,0.071,1013.4,12.9,26.2,61,2022-03-21,9
2022-03-21 10:00:00,67.0,97,66.2,0.079,1013.2,15.4,26.8,61,2022-03-21,10
2022-03-21 11:00:00,68.6,94,66.9,0.0,1012.5,16.6,30.0,3,2022-03-21,11
2022-03-21 12:00:00,71.2,89,67.8,0.008,1011.4,18.7,34.7,51,2022-03-21,12
2022-03-21 13:00:00,70.2,91,67.5,0.004,1010.1,19.5,34.9,51,2022-03-21,13
2022-03-21 14:00:00,73.0,86,68.5,0.055,1009.0,22.5,38.7,61,2022-03-21,14
2022-03-21 15:00:00,73.2,86,68.8,0.008,1007.9,20.8,39.8,51,2022-03-21,15
2022-03-21 16:00:00,75.2,81,68.9,0.004,1006.7,23.0,41.6,51,2022-03-21,16
2022-03-21 17:00:00,73.3,86,69.0,0.02,1005.9,23.4,42.7,53,2022-03-21,17
2022-03-21 18:00:00,72.6,89,69.1,0.028,1005.7,21.7,44.3,53,2022-03-21,18
2022-03-21 19:00:00,69.3,95,68.0,0.024,1006.2,16.7,38.9,53,2022-03-21,19
2022-03-21 20:00:00,70.2,94,68.4,0.004,1006.1,16.6,29.8,51,2022-03-21,20
2022-03-21 21:00:00,70.6,93,68.5,0.004,1006.3,17.1,32.2,51,2022-03-21,21
2022-03-21 22:00:00,70.5,93,68.4,0.008,1006.9,16.1,32.7,51,2022-03-21,22
2022-03-21 23:00:00,70.1,93,68.1,0.012,1006.9,16.3,31.3,51,2022-03-21,23
2022-03-22 00:00:00,70.0,93,68.0,0.016,1006.4,17.1,32.2,51,2022-03-22,0
2022-03-22 01:00:00,70.2,93,68.1,0.004,1005.4,18.3,33.1,51,2022-03-22,1
2022-03-22 02:00:00,69.3,91,66.6,0.075,1006.3,16.6,33.3,61,2022-03-22,2
2022-03-22 03:00:00,66.6,98,66.1,0.327,1006.3,17.5,34.2,65,2022-03-22,3
2022-03-22 04:00:00,66.7,96,65.5,0.114,1005.5,15.7,35.3,63,2022-03-22,4
2022-03-22 05:00:00,65.0,95,63.5,0.012,1004.7,16.6,34.4,51,2022-03-22,5
2022-03-22 06:00:00,64.4,98,63.8,0.512,1004.4,8.8,32.4,65,2022-03-22,6
2022-03-22 07:00:00,64.4,100,64.4,0.323,1004.3,2.1,26.6,65,2022-03-22,7
2022-03-22 08:00:00,57.4,93,55.5,0.173,1005.0,15.3,32.2,63,2022-03-22,8
2022-03-22 09:00:00,59.5,92,57.1,0.0,1005.6,9.2,25.5,3,2022-03-22,9
2022-03-22 10:00:00,60.9,86,56.7,0.0,1006.4,5.2,17.2,3,2022-03-22,10
2022-03-22 11:00:00,62.2,81,56.2,0.0,1007.2,4.5,11.2,0,2022-03-22,11
2022-03-22 12:00:00,68.4,65,55.9,0.0,1006.8,7.9,16.3,0,2022-03-22,12
2022-03-22 13:00:00,71.8,52,53.2,0.0,1006.6,11.6,22.4,1,2022-03-22,13
2022-03-22 14:00:00,71.1,49,51.2,0.0,1006.5,12.5,25.1,0,2022-03-22,14
2022-03-22 15:00:00,70.4,49,50.2,0.0,1006.4,13.1,25.1,0,2022-03-22,15
2022-03-22 16:00:00,68.6,49,48.5,0.0,1006.3,14.9,28.4,0,2022-03-22,16
2022-03-22 17:00:00,67.6,47,46.8,0.0,1006.5,13.9,28.2,0,2022-03-22,17
2022-03-22 18:00:00,65.1,47,44.5,0.0,1007.2,14.4,26.2,0,2022-03-22,18
2022-03-22 19:00:00,59.8,54,43.1,0.0,1009.8,10.8,26.2,0,2022-03-22,19
2022-03-22 20:00:00,57.2,56,41.7,0.0,1011.2,7.9,18.3,1,2022-03-22,20
2022-03-22 21:00:00,56.6,53,39.6,0.0,1012.7,8.9,17.2,2,2022-03-22,21
2022-03-22 22:00:00,55.8,51,37.9,0.0,1014.3,12.8,22.4,0,2022-03-22,22
2022-03-22 23:00:00,53.2,50,35.2,0.0,1014.8,13.6,24.8,0,2022-03-22,23
2022-03-23 00:00:00,51.3,50,33.5,0.0,1014.3,9.7,23.9,0,2022-03-23,0
2022-03-23 01:00:00,50.3,51,32.8,0.0,1013.7,8.8,17.0,0,2022-03-23,1
2022-03-23 02:00:00,49.1,53,32.7,0.0,1014.0,8.0,15.2,0,2022-03-23,2
2022-03-23 03:00:00,48.7,53,32.3,0.0,1013.9,8.5,15.0,0,2022-03-23,3
2022-03-23 04:00:00,47.8,53,31.5,0.0,1014.2,6.2,14.5,0,2022-03-23,4
2022-03-23 05:00:00,46.1,57,31.5,0.0,1014.6,5.2,10.3,0,2022-03-23,5
2022-03-23 06:00:00,45.5,58,31.5,0.0,1015.2,5.7,9.4,2,2022-03-23,6
2022-03-23 07:00:00,46.2,56,31.5,0.0,1015.9,7.6,10.7,3,2022-03-23,7
2022-03-23 08:00:00,46.3,60,33.1,0.0,1016.4,7.4,12.5,2,2022-03-23,8
2022-03-23 09:00:00,50.5,61,37.4,0.0,1017.3,7.8,14.1,0,2022-03-23,9
2022-03-23 10:00:00,55.0,52,37.7,0.0,1017.4,9.0,17.7,0,2022-03-23,10
2022-03-23 11:00:00,58.7,43,36.0,0.0,1017.3,11.1,21.5,1,2022-03-23,11
2022-03-23 12:00:00,61.0,37,34.5,0.0,1017.2,11.7,23.5,1,2022-03-23,12
2022-03-23 13:00:00,63.0,35,34.7,0.0,1016.7,11.9,23.9,0,2022-03-23,13
2022-03-23 14:00:00,64.3,33,34.8,0.0,1015.9,11.9,24.4,0,2022-03-23,14
2022-03-23 15:00:00,65.0,32,34.4,0.0,1015.2,11.4,23.7,0,2022-03-23,15
2022-03-23 16:00:00,65.0,33,35.1,0.0,1014.6,11.4,22.6,0,2022-03-23,16
2022-03-23 17:00:00,65.2,31,34.0,0.0,1014.1,11.9,22.1,1,2022-03-23,17
2022-03-23 18:00:00,63.9,36,36.6,0.0,1014.1,7.8,22.1,1,2022-03-23,18
2022-03-23 19:00:00,60.9,44,38.7,0.0,1015.0,5.1,13.6,1,2022-03-23,19
2022-03-23 20:00:00,57.5,51,39.5,0.0,1015.5,3.8,8.3,3,2022-03-23,20
2022-03-23 21:00:00,55.6,62,42.6,0.0,1016.3,4.8,5.8,3,2022-03-23,21
2022-03-23 22:00:00,54.6,65,43.0,0.0,1017.2,4.1,6.3,3,2022-03-23,22
2022-03-23 23:00:00,56.2,54,40.0,0.0,1017.3,1.2,4.5,3,2022-03-23,23
2022-03-24 00:00:00,51.5,71,42.3,0.0,1017.2,3.4,3.6,0,2022-03-24,0
2022-03-24 01:00:00,48.1,75,40.6,0.0,1017.0,5.4,7.2,0,2022-03-24,1
2022-03-24 02:00:00,48.2,67,37.9,0.0,1016.7,5.0,6.9,0,2022-03-24,2
2022-03-24 03:00:00,49.1,60,35.8,0.0,1016.4,7.4,11.4,0,2022-03-24,3
2022-03-24 04:00:00,49.6,59,36.0,0.0,1015.8,8.8,14.8,0,2022-03-24,4
2022-03-24 05:00:00,49.5,53,32.8,0.0,1015.5,8.0,14.8,1,2022-03-24,5
2022-03-24 06:00:00,49.6,49,31.4,0.0,1015.7,8.1,14.1,0,2022-03-24,6
2022-03-24 07:00:00,48.1,57,33.5,0.0,1016.2,7.9,14.3,0,2022-03-24,7
2022-03-24 08:00:00,47.8,60,34.6,0.0,1016.7,7.4,13.0,0,2022-03-24,8
2022-03-24 09:00:00,52.1,63,39.7,0.0,1016.9,5.4,11.9,0,2022-03-24,9
2022-03-24 10:00:00,56.6,54,39.9,0.0,1017.4,7.4,15.0,0,2022-03-24,10
2022-03-24 11:00:00,60.3,48,40.7,0.0,1017.3,8.1,17.2,0,2022-03-24,11
2022-03-24 12:00:00,62.9,40,38.2,0.0,1017.3,9.6,19.9,0,2022-03-24,12
2022-03-24 13:00:00,64.1,38,37.8,0.0,1017.1,11.1,22.4,0,2022-03-24,13
2022-03-24 14:00:00,64.7,36,37.0,0.0,1016.7,11.2,22.8,0,2022-03-24,14
2022-03-24 15:00:00,64.5,34,35.2,0.0,1016.6,13.0,25.7,0,2022-03-24,15
2022-03-24 16:00:00,64.8,31,33.7,0.0,1016.2,11.4,25.3,0,2022-03-24,16
2022-03-24 17:00:00,64.6,32,34.1,0.0,1015.7,10.4,22.4,0,2022-03-24,17
2022-03-24 18:00:00,63.5,37,37.0,0.0,1015.5,7.8,19.7,0,2022-03-24,18
2022-03-24 19:00:00,59.9,67,48.8,0.0,1015.5,5.0,13.6,0,2022-03-24,19
2022-03-24 20:00:00,61.3,41,37.6,0.0,1015.4,1.1,5.6,0,2022-03-24,20
2022-03-24 21:00:00,52.4,62,39.7,0.0,1015.6,4.1,5.8,0,2022-03-24,21
2022-03-24 22:00:00,50.2,68,40.2,0.0,1016.2,5.8,7.6,0,2022-03-24,22
2022-03-24 23:00:00,48.3,70,39.1,0.0,1016.9,6.8,7.8,0,2022-03-24,23
2022-03-25 00:00:00,46.8,70,37.6,0.0,1017.2,6.7,7.8,0,2022-03-25,0
2022-03-25 01:00:00,46.6,65,35.6,0.0,1017.5,5.2,7.8,0,2022-03-25,1
2022-03-25 02:00:00,45.5,66,34.9,0.0,1017.9,5.3,7.8,0,2022-03-25,2
2022-03-25 03:00:00,45.7,65,34.7,0.0,1017.8,5.1,7.6,0,2022-03-25,3
2022-03-25 04:00:00,45.0,68,35.0,0.0,1017.7,5.2,7.8,0,2022-03-25,4
2022-03-25 05:00:00,45.2,66,34.4,0.0,1018.0,6.0,9.6,0,2022-03-25,5
2022-03-25 06:00:00,45.8,61,33.3,0.0,1018.8,6.6,10.5,0,2022-03-25,6
2022-03-25 07:00:00,46.0,69,36.4,0.0,1019.3,6.0,10.5,0,2022-03-25,7
2022-03-25 08:00:00,46.8,73,38.7,0.0,1019.9,5.8,9.4,0,2022-03-25,8
2022-03-25 09:00:00,53.2,69,43.5,0.0,1020.8,5.5,10.5,0,2022-03-25,9
2022-03-25 10:00:00,59.7,63,47.2,0.0,1021.5,3.3,9.8,0,2022-03-25,10
2022-03-25 11:00:00,65.6,58,50.4,0.0,1021.7,2.7,9.4,0,2022-03-25,11
2022-03-25 12:00:00,70.9,48,50.4,0.0,1021.4,2.5,9.2,0,2022-03-25,12
2022-03-25 13:00:00,74.0,32,42.3,0.0,1020.7,2.9,9.6,0,2022-03-25,13
2022-03-25 14:00:00,75.5,30,41.5,0.0,1020.0,3.3,10.3,0,2022-03-25,14
2022-03-25 15:00:00,76.5,29,42.0,0.0,1019.5,3.4,10.3,0,2022-03-25,15
2022-03-25 16:00:00,77.1,27,41.0,0.0,1018.5,3.3,9.8,0,2022-03-25,16
2022-03-25 17:00:00,77.0,27,40.2,0.0,1018.0,3.8,8.9,0,2022-03-25,17
2022-03-25 18:00:00,75.1,41,49.5,0.0,1017.9,3.4,8.3,0,2022-03-25,18
2022-03-25 19:00:00,72.5,54,54.7,0.0,1017.8,3.8,5.6,0,2022-03-25,19
2022-03-25 20:00:00,64.5,63,51.5,0.0,1018.0,4.9,5.1,0,2022-03-25,20
2022-03-25 21:00:00,61.5,68,51.0,0.0,1018.8,5.8,8.5,0,2022-03-25,21
2022-03-25 22:00:00,58.3,77,51.1,0.0,1019.8,4.9,9.8,0,2022-03-25,22
2022-03-25 23:00:00,57.7,77,50.5,0.0,1020.0,5.9,9.6,0,2022-03-25,23
2022-03-26 00:00:00,55.4,83,50.5,0.0,1019.9,4.9,9.6,0,2022-03-26,0
2022-03-26 01:00:00,54.0,86,50.0,0.0,1019.5,4.7,7.8,0,2022-03-26,1
2022-03-26 02:00:00,51.3,90,48.4,0.0,1019.5,5.9,7.8,0,2022-03-26,2
2022-03-26 03:00:00,50.6,92,48.4,0.0,1019.3,5.1,6.9,0,2022-03-26,3
2022-03-26 04:00:00,51.2,92,48.8,0.0,1018.5,4.8,6.9,0,2022-03-26,4
2022-03-26 05:00:00,51.4,92,49.2,0.0,1018.1,5.7,8.5,0,2022-03-26,5
2022-03-26 06:00:00,52.3,90,49.4,0.0,1018.3,7.6,12.3,0,2022-03-26,6
2022-03-26 07:00:00,53.6,92,51.3,0.0,1018.6,6.5,12.8,0,2022-03-26,7
2022-03-26 08:00:00,55.5,94,53.8,0.0,1019.0,6.0,10.3,0,2022-03-26,8
2022-03-26 09:00:00,61.4,88,57.8,0.0,1019.8,4.8,10.7,0,2022-03-26,9
2022-03-26 10:00:00,66.8,80,60.6,0.0,1020.4,3.0,9.4,0,2022-03-26,10
2022-03-26 11:00:00,71.1,72,61.7,0.0,1020.8,2.0,8.9,0,2022-03-26,11
2022-03-26 12:00:00,74.5,62,60.5,0.0,1020.7,3.4,10.5,0,2022-03-26,12
2022-03-26 13:00:00,77.0,52,58.1,0.0,1020.0,5.3,13.4,0,2022-03-26,13
2022-03-26 14:00:00,78.6,48,57.5,0.0,1019.1,5.9,14.3,0,2022-03-26,14
2022-03-26 15:00:00,79.8,46,56.9,0.0,1018.1,6.4,14.8,0,2022-03-26,15
2022-03-26 16:00:00,80.4,45,57.3,0.0,1016.9,7.4,15.7,0,2022-03-26,16
2022-03-26 17:00:00,80.2,46,57.7,0.0,1016.1,7.5,15.9,0,2022-03-26,17
2022-03-26 18:00:00,79.2,49,58.2,0.0,1015.7,5.9,14.8,0,2022-03-26,18
2022-03-26 19:00:00,73.1,67,61.6,0.0,1015.5,4.5,10.3,0,2022-03-26,19
2022-03-26 20:00:00,68.4,54,51.1,0.0,1015.9,6.3,8.9,0,2022-03-26,20
2022-03-26 21:00:00,67.5,56,51.3,0.0,1016.5,9.9,16.3,0,2022-03-26,21
2022-03-26 22:00:00,64.4,83,59.2,0.0,1017.4,10.1,17.7,0,2022-03-26,22
2022-03-26 23:00:00,62.5,94,60.8,0.0,1017.5,9.0,17.2,0,2022-03-26,23
2022-03-27 00:00:00,61.8,97,60.8,0.0,1017.2,9.0,15.2,0,2022-03-27,0
2022-03-27 01:00:00,61.3,96,60.3,0.0,1016.6,10.0,17.0,0,2022-03-27,1
2022-03-27 02:00:00,60.8,95,59.3,0.0,1016.3,9.4,17.2,0,2022-03-27,2
2022-03-27 03:00:00,60.0,93,58.0,0.0,1015.9,8.1,15.9,0,2022-03-27,3
2022-03-27 04:00:00,59.3,92,56.9,0.0,1015.4,7.9,13.4,3,2022-03-27,4
2022-03-27 05:00:00,58.7,91,56.1,0.0,1015.1,8.1,13.4,3,2022-03-27,5
2022-03-27 06:00:00,58.5,90,55.7,0.0,1015.7,9.5,15.7,0,2022-03-27,6
2022-03-27 07:00:00,59.8,94,58.1,0.0,1015.7,9.4,17.2,0,2022-03-27,7
2022-03-27 08:00:00,60.5,94,58.8,0.0,1016.2,9.7,16.1,0,2022-03-27,8
2022-03-27 09:00:00,64.7,88,61.1,0.0,1016.8,8.2,17.9,0,2022-03-27,9
2022-03-27 10:00:00,68.7,80,62.3,0.0,1017.8,10.1,21.7,0,2022-03-27,10
2022-03-27 11:00:00,72.3,71,62.5,0.0,1018.6,8.5,19.7,0,2022-03-27,11
2022-03-27 12:00:00,75.6,62,61.8,0.0,1018.6,9.2,19.5,1,2022-03-27,12
2022-03-27 13:00:00,78.2,58,62.1,0.0,1018.0,9.5,20.1,0,2022-03-27,13
2022-03-27 14:00:00,80.3,50,59.9,0.0,1017.2,9.5,20.4,0,2022-03-27,14
2022-03-27 15:00:00,81.3,45,58.1,0.0,1016.5,9.8,20.1,0,2022-03-27,15
2022-03-27 16:00:00,81.5,42,56.2,0.0,1015.9,9.8,19.9,0,2022-03-27,16
2022-03-27 17:00:00,80.7,41,54.6,0.0,1015.4,9.7,19.7,0,2022-03-27,17
2022-03-27 18:00:00,78.5,44,54.8,0.0,1015.3,9.2,18.8,0,2022-03-27,18
2022-03-27 19:00:00,75.0,50,54.9,0.0,1015.7,7.6,16.6,0,2022-03-27,19
2022-03-27 20:00:00,70.4,59,55.2,0.0,1016.1,9.0,15.0,0,2022-03-27,20
2022-03-27 21:00:00,67.0,73,58.1,0.0,1016.4,9.7,16.1,0,2022-03-27,21
2022-03-27 22:00:00,64.3,86,60.1,0.0,1017.3,9.9,17.2,0,2022-03-27,22
2022-03-27 23:00:00,62.9,92,60.6,0.0,1017.6,9.2,17.0,0,2022-03-27,23
2022-03-28 00:00:00,62.4,95,61.0,0.0,1017.8,9.0,15.7,0,2022-03-28,0
2022-03-28 01:00:00,62.3,96,61.1,0.0,1017.5,8.8,15.2,0,2022-03-28,1
2022-03-28 02:00:00,62.2,95,60.9,0.0,1017.5,8.4,15.2,3,2022-03-28,2
2022-03-28 03:00:00,62.2,95,60.9,0.0,1017.3,8.0,14.5,3,2022-03-28,3
2022-03-28 04:00:00,62.4,95,60.9,0.0,1016.8,7.5,13.4,3,2022-03-28,4
2022-03-28 05:00:00,63.5,92,61.0,0.0,1016.7,7.7,13.0,3,2022-03-28,5
2022-03-28 06:00:00,64.1,89,60.9,0.0,1016.9,7.5,13.2,3,2022-03-28,6
2022-03-28 07:00:00,65.7,89,62.2,0.0,1016.9,7.1,12.8,3,2022-03-28,7
2022-03-28 08:00:00,65.5,88,61.7,0.0,1017.4,8.0,13.2,1,2022-03-28,8
2022-03-28 09:00:00,69.6,72,60.1,0.0,1017.9,12.8,23.7,1,2022-03-28,9
2022-03-28 10:00:00,72.4,64,59.6,0.0,1018.5,15.0,27.3,1,2022-03-28,10
2022-03-28 11:00:00,74.6,58,58.8,0.0,1019.1,13.7,27.7,2,2022-03-28,11
2022-03-28 12:00:00,76.0,55,58.9,0.0,1018.9,11.8,25.9,3,2022-03-28,12
2022-03-28 13:00:00,77.1,53,58.7,0.0,1018.5,10.9,22.8,3,2022-03-28,13
2022-03-28 14:00:00,78.2,51,58.5,0.0,1017.3,10.3,21.5,1,2022-03-28,14
2022-03-28 15:00:00,80.4,46,57.6,0.0,1015.9,11.9,23.3,1,2022-03-28,15
2022-03-28 16:00:00,79.8,46,56.9,0.0,1015.3,12.8,24.8,1,2022-03-28,16
2022-03-28 17:00:00,79.4,44,55.8,0.0,1014.7,11.9,24.4,0,2022-03-28,17
2022-03-28 18:00:00,77.8,47,56.0,0.0,1014.6,13.0,23.3,2,2022-03-28,18
2022-03-28 19:00:00,75.0,56,58.4,0.0,1015.2,11.8,23.5,2,2022-03-28,19
2022-03-28 20:00:00,71.2,72,61.5,0.0,1015.5,10.7,20.8,1,2022-03-28,20
2022-03-28 21:00:00,69.4,81,63.5,0.0,1016.1,10.3,19.0,0,2022-03-28,21
2022-03-28 22:00:00,67.5,89,64.1,0.0,1016.5,10.2,18.1,3,2022-03-28,22
2022-03-28 23:00:00,66.6,95,65.0,0.0,1016.3,9.7,17.7,3,2022-03-28,23
2022-03-29 00:00:00,67.1,95,65.5,0.0,1016.0,10.4,18.3,3,2022-03-29,0
2022-03-29 01:00:00,66.8,95,65.5,0.0,1015.8,10.0,18.1,3,2022-03-29,1
2022-03-29 02:00:00,66.7,96,65.4,0.0,1015.1,10.2,17.9,3,2022-03-29,2
2022-03-29 03:00:00,66.7,96,65.4,0.0,1014.4,10.3,17.9,3,2022-03-29,3
2022-03-29 04:00:00,66.6,95,65.2,0.0,1013.6,10.7,18.8,3,2022-03-29,4
2022-03-29 05:00:00,66.7,95,65.2,0.0,1013.1,11.2,19.7,3,2022-03-29,5
2022-03-29 06:00:00,67.3,94,65.5,0.0,1013.5,11.1,20.1,3,2022-03-29,6
2022-03-29 07:00:00,68.5,93,66.6,0.0,1013.0,10.7,20.1,3,2022-03-29,7
2022-03-29 08:00:00,69.2,92,66.7,0.004,1013.4,11.1,19.2,51,2022-03-29,8
2022-03-29 09:00:00,70.6,89,67.2,0.008,1013.3,13.0,25.5,51,2022-03-29,9
2022-03-29 10:00:00,73.4,79,66.4,0.008,1013.3,17.8,32.0,51,2022-03-29,10
2022-03-29 11:00:00,76.0,69,65.0,0.008,1013.4,18.1,33.1,51,2022-03-29,11
2022-03-29 12:00:00,77.3,65,64.4,0.02,1012.8,17.8,33.3,53,2022-03-29,12
2022-03-29 13:00:00,78.8,59,63.4,0.004,1012.2,18.8,35.3,51,2022-03-29,13
2022-03-29 14:00:00,81.0,52,61.4,0.0,1010.9,17.6,35.1,3,2022-03-29,14
2022-03-29 15:00:00,81.0,51,61.2,0.0,1009.6,19.0,36.7,3,2022-03-29,15
2022-03-29 16:00:00,79.5,53,60.7,0.0,1008.4,20.8,38.3,3,2022-03-29,16
2022-03-29 17:00:00,78.9,54,61.1,0.0,1007.2,19.9,38.0,3,2022-03-29,17
2022-03-29 18:00:00,76.6,68,65.1,0.0,1006.7,17.1,36.0,3,2022-03-29,18
2022-03-29 19:00:00,73.8,83,68.4,0.0,1006.3,15.8,30.4,3,2022-03-29,19
2022-03-29 20:00:00,71.7,92,69.3,0.024,1006.8,14.6,30.9,53,2022-03-29,20
2022-03-29 21:00:00,70.8,95,69.2,0.028,1006.7,16.0,28.6,53,2022-03-29,21
2022-03-29 22:00:00,70.4,95,68.9,0.012,1006.9,15.1,29.8,51,2022-03-29,22
2022-03-29 23:00:00,69.8,95,68.4,0.031,1007.3,14.8,30.0,53,2022-03-29,23
2022-03-30 00:00:00,69.9,95,68.4,0.004,1006.1,15.5,31.5,51,2022-03-30,0
2022-03-30 01:00:00,70.0,94,68.1,0.0,1004.8,17.7,36.2,3,2022-03-30,1
2022-03-30 02:00:00,69.8,92,67.4,0.0,1002.9,18.8,38.5,3,2022-03-30,2
2022-03-30 03:00:00,69.6,89,66.2,0.0,1002.4,19.4,34.2,3,2022-03-30,3
2022-03-30 04:00:00,69.6,84,64.5,0.0,1001.3,19.7,35.6,3,2022-03-30,4
2022-03-30 05:00:00,69.8,80,63.2,0.0,1001.0,17.4,34.7,3,2022-03-30,5
2022-03-30 06:00:00,70.2,79,63.2,0.0,1002.2,12.8,30.9,3,2022-03-30,6
2022-03-30 07:00:00,71.0,81,64.9,0.004,1001.5,11.7,23.0,51,2022-03-30,7
2022-03-30 08:00:00,68.8,94,67.1,0.059,1002.0,11.3,26.6,61,2022-03-30,8
2022-03-30 09:00:00,69.0,96,67.8,0.232,1001.5,14.4,30.9,63,2022-03-30,9
2022-03-30 10:00:00,68.4,98,67.8,0.476,1001.4,10.3,30.6,65,2022-03-30,10
2022-03-30 11:00:00,66.1,94,64.3,0.406,1002.5,17.6,30.9,65,2022-03-30,11
2022-03-30 12:00:00,65.9,82,60.3,0.012,1002.3,4.7,31.3,51,2022-03-30,12
2022-03-30 13:00:00,71.9,67,60.5,0.0,1001.7,1.8,11.6,0,2022-03-30,13
2022-03-30 14:00:00,76.9,54,59.0,0.0,1001.1,8.6,17.0,0,2022-03-30,14
2022-03-30 15:00:00,80.3,30,46.2,0.0,1000.7,16.8,30.2,0,2022-03-30,15
2022-03-30 16:00:00,79.7,29,44.5,0.0,1000.5,15.1,32.2,0,2022-03-30,16
2022-03-30 17:00:00,78.2,32,46.3,0.0,1000.8,13.3,27.3,0,2022-03-30,17
2022-03-30 18:00:00,76.2,39,49.3,0.0,1001.3,8.7,23.7,0,2022-03-30,18
2022-03-30 19:00:00,72.4,46,50.3,0.0,1003.1,8.0,17.7,0,2022-03-30,19
2022-03-30 20:00:00,69.0,44,46.4,0.0,1004.4,10.0,17.7,0,2022-03-30,20
2022-03-30 21:00:00,66.1,48,46.0,0.0,1005.8,8.1,17.2,0,2022-03-30,21
2022-03-30 22:00:00,64.1,51,45.4,0.0,1007.2,9.5,15.4,0,2022-03-30,22
2022-03-30 23:00:00,62.8,48,42.5,0.0,1008.3,10.1,17.9,0,2022-03-30,23
2022-03-31 00:00:00,60.7,48,41.1,0.0,1009.0,10.7,18.8,0,2022-03-31,0
2022-03-31 01:00:00,58.0,50,39.4,0.0,1008.9,9.2,18.6,0,2022-03-31,1
2022-03-31 02:00:00,55.8,52,38.3,0.0,1008.9,7.8,15.9,0,2022-03-31,2
2022-03-31 03:00:00,53.8,55,37.9,0.0,1008.8,5.9,13.2,0,2022-03-31,3
2022-03-31 04:00:00,52.4,60,39.1,0.0,1008.4,5.5,9.8,0,2022-03-31,4
2022-03-31 05:00:00,52.1,65,40.5,0.0,1008.3,6.8,11.6,0,2022-03-31,5
2022-03-31 06:00:00,49.9,73,41.5,0.0,1009.7,4.3,11.4,0,2022-03-31,6
2022-03-31 07:00:00,49.9,74,41.9,0.0,1011.1,3.9,6.7,0,2022-03-31,7
2022-03-31 08:00:00,51.2,73,42.9,0.0,1011.9,3.8,6.7,0,2022-03-31,8
2022-03-31 09:00:00,55.3,64,43.2,0.0,1012.9,1.6,6.0,0,2022-03-31,9
2022-03-31 10:00:00,58.9,55,42.8,0.0,1013.8,3.6,10.5,0,2022-03-31,10
2022-03-31 11:00:00,62.2,48,42.4,0.0,1013.8,4.3,12.3,0,2022-03-31,11
2022-03-31 12:00:00,65.2,45,43.4,0.0,1013.6,3.5,12.3,0,2022-03-31,12
2022-03-31 13:00:00,68.2,41,43.4,0.0,1013.2,3.3,12.3,0,2022-03-31,13
2022-03-31 14:00:00,70.4,39,44.0,0.0,1012.8,3.5,11.6,0,2022-03-31,14
2022-03-31 15:00:00,72.0,37,44.1,0.0,1011.9,4.0,11.9,0,2022-03-31,15
2022-03-31 16:00:00,72.9,36,44.4,0.0,1011.1,4.2,11.9,0,2022-03-31,16
2022-03-31 17:00:00,73.3,36,44.4,0.0,1010.6,4.0,11.4,0,2022-03-31,17
2022-03-31 18:00:00,73.0,34,42.9,0.0,1010.6,3.8,10.3,0,2022-03-31,18
2022-03-31 19:00:00,69.3,45,47.0,0.0,1011.3,4.3,7.8,0,2022-03-31,19
2022-03-31 20:00:00,63.5,48,43.2,0.0,1011.8,4.7,7.6,0,2022-03-31,20
2022-03-31 21:00:00,61.2,50,42.3,0.0,1012.6,5.6,8.7,3,2022-03-31,21
2022-03-31 22:00:00,58.5,60,44.8,0.0,1013.7,4.9,8.9,2,2022-03-31,22
2022-03-31 23:00:00,55.8,69,46.0,0.0,1014.4,5.5,7.6,3,2022-03-31,23
2022-04-01 00:00:00,55.8,69,45.6,0.0,1014.7,4.3,6.7,3,2022-04-01,0
2022-04-01 01:00:00,55.0,72,46.0,0.0,1014.8,4.2,6.0,3,2022-04-01,1
2022-04-01 02:00:00,54.7,73,46.2,0.0,1014.8,4.6,7.2,3,2022-04-01,2
2022-04-01 03:00:00,54.8,70,45.2,0.0,1014.5,6.0,9.4,3,2022-04-01,3
2022-04-01 04:00:00,54.3,68,43.9,0.0,1014.5,5.5,10.3,2,2022-04-01,4
2022-04-01 05:00:00,51.9,73,43.6,0.0,1014.8,5.0,8.7,1,2022-04-01,5
2022-04-01 06:00:00,52.4,71,43.3,0.0,1015.3,4.9,7.4,1,2022-04-01,6
2022-04-01 07:00:00,52.0,73,43.5,0.0,1016.0,4.7,8.9,1,2022-04-01,7
2022-04-01 08:00:00,54.0,71,44.8,0.0,1016.7,5.8,8.9,0,2022-04-01,8
2022-04-01 09:00:00,58.6,64,46.3,0.0,1017.5,5.5,11.4,0,2022-04-01,9
2022-04-01 10:00:00,63.6,56,47.8,0.0,1017.7,6.7,14.8,0,2022-04-01,10
2022-04-01 11:00:00,68.3,47,47.0,0.0,1017.8,8.7,18.1,0,2022-04-01,11
2022-04-01 12:00:00,71.4,40,46.0,0.0,1017.6,9.4,20.1,0,2022-04-01,12
2022-04-01 13:00:00,73.8,37,46.0,0.0,1017.1,8.9,19.9,0,2022-04-01,13
2022-04-01 14:00:00,75.3,37,46.9,0.0,1016.1,9.5,20.4,0,2022-04-01,14
2022-04-01 15:00:00,75.8,39,48.8,0.0,1015.1,10.0,20.8,0,2022-04-01,15
2022-04-01 16:00:00,75.6,40,49.5,0.0,1014.1,10.0,20.8,0,2022-04-01,16
2022-04-01 17:00:00,74.4,42,50.1,0.0,1013.7,10.2,20.6,0,2022-04-01,17
2022-04-01 18:00:00,72.1,45,49.8,0.0,1013.6,10.6,20.1,0,2022-04-01,18
2022-04-01 19:00:00,68.6,52,50.1,0.0,1013.9,8.5,19.7,0,2022-04-01,19
2022-04-01 20:00:00,64.4,57,48.7,0.0,1014.0,7.7,15.0,0,2022-04-01,20
2022-04-01 21:00:00,62.7,64,50.4,0.0,1014.5,7.4,13.0,3,2022-04-01,21
2022-04-01 22:00:00,61.6,72,52.3,0.0,1015.1,5.9,12.5,3,2022-04-01,22
2022-04-01 23:00:00,60.4,76,52.9,0.0,1015.4,5.1,9.6,2,2022-04-01,23
2022-04-02 00:00:00,59.8,79,53.2,0.0,1015.5,5.2,8.5,2,2022-04-02,0
2022-04-02 01:00:00,59.4,81,53.6,0.0,1015.1,6.0,9.8,0,2022-04-02,1
2022-04-02 02:00:00,58.0,90,55.0,0.0,1015.1,4.5,9.6,1,2022-04-02,2
2022-04-02 03:00:00,58.2,93,56.0,0.0,1014.8,4.9,6.7,3,2022-04-02,3
2022-04-02 04:00:00,61.9,86,57.6,0.0,1014.2,4.8,7.6,0,2022-04-02,4
2022-04-02 05:00:00,59.6,93,57.5,0.0,1013.8,4.2,8.3,0,2022-04-02,5
2022-04-02 06:00:00,58.3,94,56.5,0.0,1014.8,3.0,6.5,3,2022-04-02,6
2022-04-02 07:00:00,59.4,88,55.9,0.071,1016.0,5.1,17.7,61,2022-04-02,7
2022-04-02 08:00:00,60.0,86,55.9,0.0,1015.8,3.5,8.7,1,2022-04-02,8
2022-04-02 09:00:00,64.5,79,57.9,0.0,1015.5,2.7,7.6,0,2022-04-02,9
2022-04-02 10:00:00,69.5,74,60.7,0.0,1016.3,1.3,7.8,0,2022-04-02,10
2022-04-02 11:00:00,73.8,68,62.7,0.0,1016.8,4.5,11.9,2,2022-04-02,11
2022-04-02 12:00:00,76.2,63,62.8,0.0,1016.6,7.8,16.6,2,2022-04-02,12
2022-04-02 13:00:00,79.2,56,62.2,0.0,1015.6,7.4,17.9,0,2022-04-02,13
2022-04-02 14:00:00,81.2,50,61.1,0.0,1014.9,5.9,16.6,0,2022-04-02,14
2022-04-02 15:00:00,82.5,47,60.3,0.0,1014.1,4.8,14.3,0,2022-04-02,15
2022-04-02 16:00:00,82.9,44,58.8,0.0,1013.3,3.9,12.8,0,2022-04-02,16
2022-04-02 17:00:00,82.8,43,58.0,0.0,1012.8,3.4,11.0,0,2022-04-02,17
2022-04-02 18:00:00,81.6,43,56.8,0.0,1012.8,4.2,9.4,0,2022-04-02,18
2022-04-02 19:00:00,76.4,48,55.1,0.0,1013.4,4.5,8.7,0,2022-04-02,19
2022-04-02 20:00:00,73.1,44,49.9,0.0,1013.5,6.8,11.0,0,2022-04-02,20
2022-04-02 21:00:00,66.7,63,53.5,0.0,1014.4,6.3,11.4,0,2022-04-02,21
2022-04-02 22:00:00,64.7,74,56.1,0.0,1015.4,5.0,7.4,0,2022-04-02,22
2022-04-02 23:00:00,64.3,90,61.2,0.0,1015.8,4.1,6.9,0,2022-04-02,23
2022-04-03 00:00:00,63.3,94,61.7,0.0,1015.8,4.0,6.0,0,2022-04-03,0
2022-04-03 01:00:00,60.7,97,60.0,0.0,1015.7,5.4,7.2,0,2022-04-03,1
2022-04-03 02:00:00,61.8,96,60.7,0.0,1015.5,4.9,8.3,0,2022-04-03,2
2022-04-03 03:00:00,59.9,97,59.2,0.0,1015.3,4.2,8.1,0,2022-04-03,3
2022-04-03 04:00:00,58.8,99,58.5,0.0,1015.0,4.7,6.5,0,2022-04-03,4
2022-04-03 05:00:00,60.5,100,60.4,0.0,1014.9,2.1,5.1,3,2022-04-03,5
2022-04-03 06:00:00,58.4,100,58.3,0.0,1015.2,2.4,4.3,3,2022-04-03,6
2022-04-03 07:00:00,57.6,100,57.6,0.0,1015.8,0.9,4.5,3,2022-04-03,7
2022-04-03 08:00:00,59.3,98,58.8,0.0,1016.4,1.9,4.9,3,2022-04-03,8
2022-04-03 09:00:00,64.7,94,62.8,0.0,1016.8,2.4,7.6,1,2022-04-03,9
2022-04-03 10:00:00,70.3,78,63.0,0.0,1016.8,3.4,9.8,0,2022-04-03,10
2022-04-03 11:00:00,74.6,60,59.5,0.0,1016.5,6.0,14.3,0,2022-04-03,11
2022-04-03 12:00:00,78.0,46,55.7,0.0,1016.3,8.0,17.7,0,2022-04-03,12
2022-04-03 13:00:00,80.5,38,52.6,0.0,1015.6,10.0,21.0,0,2022-04-03,13
2022-04-03 14:00:00,81.6,35,51.4,0.0,1014.9,11.2,23.0,0,2022-04-03,14
2022-04-03 15:00:00,81.5,33,49.3,0.0,1013.9,12.6,25.1,0,2022-04-03,15
2022-04-03 16:00:00,79.8,30,46.0,0.0,1013.2,13.7,26.8,0,2022-04-03,16
2022-04-03 17:00:00,77.5,31,44.7,0.0,1012.6,13.8,26.8,0,2022-04-03,17
2022-04-03 18:00:00,74.3,37,46.6,0.0,1012.1,13.3,26.2,0,2022-04-03,18
2022-04-03 19:00:00,71.2,45,48.7,0.0,1011.8,9.8,24.6,0,2022-04-03,19
2022-04-03 20:00:00,66.4,70,56.1,0.0,1012.0,8.3,17.2,0,2022-04-03,20
2022-04-03 21:00:00,64.2,87,60.2,0.0,1012.2,7.4,14.1,0,2022-04-03,21
2022-04-03 22:00:00,63.1,93,61.1,0.0,1012.3,6.9,12.3,0,2022-04-03,22
2022-04-03 23:00:00,62.9,95,61.3,0.0,1012.2,7.7,13.0,0,2022-04-03,23
2022-04-04 00:00:00,63.2,95,61.8,0.0,1012.0,8.2,14.1,1,2022-04-04,0
2022-04-04 01:00:00,63.6,94,62.0,0.0,1011.7,8.1,14.3,3,2022-04-04,1
2022-04-04 02:00:00,65.4,92,62.9,0.0,1011.1,8.7,15.0,3,2022-04-04,2
2022-04-04 03:00:00,66.7,90,63.5,0.0,1010.6,9.1,16.1,3,2022-04-04,3
2022-04-04 04:00:00,67.0,90,63.9,0.0,1010.1,8.1,15.7,3,2022-04-04,4
2022-04-04 05:00:00,67.5,89,64.2,0.0,1009.7,7.6,14.1,3,2022-04-04,5
2022-04-04 06:00:00,67.6,90,64.5,0.0,1009.7,7.8,13.4,3,2022-04-04,6
2022-04-04 07:00:00,67.8,89,64.6,0.0,1010.0,6.3,14.1,3,2022-04-04,7
2022-04-04 08:00:00,68.9,89,65.6,0.0,1009.9,9.1,15.4,3,2022-04-04,8
2022-04-04 09:00:00,71.3,84,66.3,0.004,1010.2,10.0,19.5,51,2022-04-04,9
2022-04-04 10:00:00,71.7,84,66.7,0.004,1011.0,11.4,19.7,51,2022-04-04,10
2022-04-04 11:00:00,72.3,84,67.3,0.004,1010.9,13.9,24.4,51,2022-04-04,11
2022-04-04 12:00:00,73.5,82,67.6,0.012,1010.6,13.6,26.2,51,2022-04-04,12
2022-04-04 13:00:00,75.0,79,68.0,0.008,1010.0,11.9,25.1,51,2022-04-04,13
2022-04-04 14:00:00,79.0,68,67.6,0.008,1009.0,13.7,26.2,51,2022-04-04,14
2022-04-04 15:00:00,76.5,73,67.2,0.016,1008.1,14.7,28.2,51,2022-04-04,15
2022-04-04 16:00:00,76.3,77,68.5,0.004,1006.7,14.7,27.7,51,2022-04-04,16
2022-04-04 17:00:00,77.2,72,67.4,0.004,1005.5,15.8,29.1,51,2022-04-04,17
2022-04-04 18:00:00,74.9,80,68.2,0.004,1005.3,15.7,30.6,51,2022-04-04,18
2022-04-04 19:00:00,69.7,97,68.8,0.024,1005.6,10.1,28.4,53,2022-04-04,19
2022-04-04 20:00:00,68.8,97,68.0,0.004,1005.5,9.8,19.0,51,2022-04-04,20
2022-04-04 21:00:00,68.4,99,68.0,0.016,1005.9,9.2,16.8,51,2022-04-04,21
2022-04-04 22:00:00,68.2,98,67.5,0.004,1006.2,8.9,16.1,51,2022-04-04,22
2022-04-04 23:00:00,68.1,98,67.4,0.008,1006.2,8.9,15.7,51,2022-04-04,23
2022-04-05 00:00:00,68.3,98,67.6,0.0,1006.3,8.8,15.2,3,2022-04-05,0
2022-04-05 01:00:00,68.3,98,67.6,0.0,1006.1,7.3,15.7,3,2022-04-05,1
2022-04-05 02:00:00,68.4,98,67.9,0.0,1005.6,6.9,12.1,3,2022-04-05,2
2022-04-05 03:00:00,68.4,98,67.9,0.0,1005.3,8.4,15.2,3,2022-04-05,3
2022-04-05 04:00:00,68.5,99,68.2,0.0,1005.4,5.7,14.1,3,2022-04-05,4
2022-04-05 05:00:00,68.8,99,68.6,0.0,1005.2,5.5,9.2,3,2022-04-05,5
2022-04-05 06:00:00,69.4,99,69.1,0.0,1004.8,7.2,12.1,3,2022-04-05,6
2022-04-05 07:00:00,66.7,99,66.4,0.0,1005.5,3.8,12.1,3,2022-04-05,7
2022-04-05 08:00:00,69.4,98,68.7,0.0,1005.6,5.0,8.5,3,2022-04-05,8
2022-04-05 09:00:00,72.7,91,69.9,0.0,1005.7,8.2,15.2,3,2022-04-05,9
2022-04-05 10:00:00,76.2,82,70.2,0.0,1005.8,9.0,17.2,3,2022-04-05,10
2022-04-05 11:00:00,77.6,78,70.2,0.004,1005.6,8.6,17.9,51,2022-04-05,11
2022-04-05 12:00:00,81.2,68,69.8,0.004,1004.9,8.7,17.9,51,2022-04-05,12
2022-04-05 13:00:00,84.0,60,68.5,0.0,1004.5,7.7,17.9,2,2022-04-05,13
2022-04-05 14:00:00,86.4,55,68.2,0.004,1003.6,7.0,16.3,51,2022-04-05,14
2022-04-05 15:00:00,87.4,51,67.1,0.0,1002.6,6.7,16.3,1,2022-04-05,15
2022-04-05 16:00:00,87.6,50,66.5,0.0,1001.8,7.5,16.8,1,2022-04-05,16
2022-04-05 17:00:00,87.3,49,65.9,0.0,1001.3,6.9,16.1,2,2022-04-05,17
2022-04-05 18:00:00,85.7,53,66.4,0.0,1000.9,8.1,15.7,1,2022-04-05,18
2022-04-05 19:00:00,82.9,65,70.1,0.0,1001.1,4.4,15.0,0,2022-04-05,19
2022-04-05 20:00:00,78.0,77,70.3,0.0,1001.6,9.1,15.0,3,2022-04-05,20
2022-04-05 21:00:00,74.8,83,69.2,0.0,1002.2,11.2,19.5,1,2022-04-05,21
2022-04-05 22:00:00,71.5,90,68.5,0.0,1003.0,10.2,19.7,2,2022-04-05,22
2022-04-05 23:00:00,69.6,95,68.2,0.0,1003.2,9.2,17.7,3,2022-04-05,23
2022-04-06 00:00:00,69.2,97,68.3,0.0,1002.9,9.9,17.2,3,2022-04-06,0
2022-04-06 01:00:00,70.5,95,68.9,0.0,1002.7,10.6,19.0,3,2022-04-06,1
2022-04-06 02:00:00,70.9,94,69.0,0.0,1003.0,7.8,18.6,3,2022-04-06,2
2022-04-06 03:00:00,70.3,97,69.5,0.0,1002.7,8.6,14.8,3,2022-04-06,3
2022-04-06 04:00:00,70.1,99,69.8,0.0,1002.4,9.2,15.7,3,2022-04-06,4
2022-04-06 05:00:00,70.2,98,69.7,0.0,1002.4,9.9,17.7,3,2022-04-06,5
2022-04-06 06:00:00,70.3,98,69.8,0.0,1003.0,9.1,17.2,3,2022-04-06,6
2022-04-06 07:00:00,70.8,98,70.1,0.0,1003.5,6.7,15.9,3,2022-04-06,7
2022-04-06 08:00:00,71.9,95,70.3,0.0,1004.8,7.5,13.6,3,2022-04-06,8
2022-04-06 09:00:00,72.8,90,69.8,0.012,1006.4,8.3,19.2,51,2022-04-06,9
2022-04-06 10:00:00,74.7,83,69.2,0.0,1006.6,11.0,19.2,2,2022-04-06,10
2022-04-06 11:00:00,77.4,71,67.2,0.004,1007.2,13.4,25.5,51,2022-04-06,11
2022-04-06 12:00:00,77.6,43,53.4,0.0,1007.7,14.1,27.1,0,2022-04-06,12
2022-04-06 13:00:00,79.2,42,54.0,0.0,1007.7,14.5,28.6,0,2022-04-06,13
2022-04-06 14:00:00,79.8,40,53.2,0.0,1007.7,15.4,30.0,0,2022-04-06,14
2022-04-06 15:00:00,80.0,39,53.1,0.0,1007.6,16.6,31.8,0,2022-04-06,15
2022-04-06 16:00:00,80.2,39,53.3,0.0,1007.5,16.8,32.0,0,2022-04-06,16
2022-04-06 17:00:00,79.3,38,51.9,0.0,1007.7,16.7,32.2,0,2022-04-06,17
2022-04-06 18:00:00,76.9,40,50.5,0.0,1008.6,16.3,31.3,0,2022-04-06,18
2022-04-06 19:00:00,74.8,40,49.0,0.0,1010.2,11.9,29.8,0,2022-04-06,19
2022-04-06 20:00:00,71.7,36,43.2,0.0,1011.4,12.7,21.9,0,2022-04-06,20
2022-04-06 21:00:00,69.7,33,38.9,0.0,1013.0,10.6,22.4,0,2022-04-06,21
2022-04-06 22:00:00,67.7,33,37.4,0.0,1014.9,14.0,24.4,0,2022-04-06,22
2022-04-06 23:00:00,66.4,34,37.0,0.0,1016.2,13.3,24.8,0,2022-04-06,23
2022-04-07 00:00:00,65.0,35,36.6,0.0,1016.7,11.6,23.3,0,2022-04-07,0
2022-04-07 01:00:00,63.6,35,35.2,0.0,1017.3,10.7,20.1,0,2022-04-07,1
2022-04-07 02:00:00,61.4,34,33.1,0.0,1017.6,8.8,18.6,0,2022-04-07,2
2022-04-07 03:00:00,58.9,36,32.0,0.0,1017.6,7.5,15.0,0,2022-04-07,3
2022-04-07 04:00:00,57.1,38,32.0,0.0,1017.9,8.4,13.9,0,2022-04-07,4
2022-04-07 05:00:00,56.0,40,32.3,0.0,1018.2,8.2,14.5,0,2022-04-07,5
2022-04-07 06:00:00,55.1,40,30.9,0.0,1019.0,8.0,14.3,0,2022-04-07,6
2022-04-07 07:00:00,55.9,31,25.5,0.0,1020.4,8.8,13.4,0,2022-04-07,7
2022-04-07 08:00:00,55.8,35,28.7,0.0,1021.8,9.6,15.4,0,2022-04-07,8
2022-04-07 09:00:00,60.0,34,31.6,0.0,1022.8,10.1,17.7,0,2022-04-07,9
2022-04-07 10:00:00,63.1,30,30.8,0.0,1023.1,10.3,22.4,0,2022-04-07,10
2022-04-07 11:00:00,65.6,28,31.5,0.0,1023.2,11.9,23.7,0,2022-04-07,11
2022-04-07 12:00:00,68.3,26,32.3,0.0,1022.8,13.0,26.2,0,2022-04-07,12
2022-04-07 13:00:00,71.0,22,29.8,0.0,1021.9,13.4,27.1,0,2022-04-07,13
2022-04-07 14:00:00,72.7,19,27.7,0.0,1020.9,14.2,28.2,0,2022-04-07,14
2022-04-07 15:00:00,73.6,16,24.2,0.0,1019.8,15.7,30.2,0,2022-04-07,15
2022-04-07 16:00:00,72.9,18,26.8,0.0,1019.1,16.2,31.5,0,2022-04-07,16
2022-04-07 17:00:00,73.1,17,25.1,0.0,1018.6,16.3,30.9,0,2022-04-07,17
2022-04-07 18:00:00,71.8,16,23.8,0.0,1018.4,16.1,30.9,0,2022-04-07,18
2022-04-07 19:00:00,69.0,20,26.0,0.0,1019.3,12.6,29.3,0,2022-04-07,19
2022-04-07 20:00:00,66.0,21,24.6,0.0,1020.0,10.8,22.1,0,2022-04-07,20
2022-04-07 21:00:00,63.2,24,25.3,0.0,1021.0,7.8,18.6,0,2022-04-07,21
2022-04-07 22:00:00,59.8,28,26.6,0.0,1021.9,5.7,13.0,0,2022-04-07,22
2022-04-07 23:00:00,58.7,28,25.7,0.0,1021.9,7.7,11.6,0,2022-04-07,23
2022-04-08 00:00:00,60.2,20,19.2,0.0,1021.3,9.5,16.8,0,2022-04-08,0
2022-04-08 01:00:00,57.0,23,19.0,0.0,1020.9,5.7,15.7,0,2022-04-08,1
2022-04-08 02:00:00,54.6,26,20.7,0.0,1020.9,5.9,8.9,0,2022-04-08,2
2022-04-08 03:00:00,53.6,28,21.6,0.0,1021.2,7.1,11.2,0,2022-04-08,3
2022-04-08 04:00:00,53.8,28,21.7,0.0,1021.1,7.6,12.8,0,2022-04-08,4
2022-04-08 05:00:00,52.6,29,21.5,0.0,1021.3,6.7,12.5,0,2022-04-08,5
2022-04-08 06:00:00,50.8,32,21.6,0.0,1021.5,5.8,11.0,0,2022-04-08,6
2022-04-08 07:00:00,52.2,29,20.8,0.0,1022.4,7.4,10.3,0,2022-04-08,7
2022-04-08 08:00:00,53.5,32,24.2,0.0,1023.3,8.0,12.8,0,2022-04-08,8
2022-04-08 09:00:00,58.7,32,29.0,0.0,1023.9,7.3,14.1,0,2022-04-08,9
2022-04-08 10:00:00,63.8,27,28.9,0.0,1023.5,10.5,20.1,0,2022-04-08,10
2022-04-08 11:00:00,67.6,21,26.5,0.0,1024.0,10.0,21.3,0,2022-04-08,11
2022-04-08 12:00:00,69.9,17,23.5,0.0,1023.4,14.1,27.7,0,2022-04-08,12
2022-04-08 13:00:00,71.7,15,22.1,0.0,1022.6,14.6,28.9,0,2022-04-08,13
2022-04-08 14:00:00,72.8,15,23.0,0.0,1021.7,15.0,29.8,0,2022-04-08,14
2022-04-08 15:00:00,73.6,16,24.1,0.0,1020.6,15.2,29.8,0,2022-04-08,15
2022-04-08 16:00:00,73.9,15,24.1,0.0,1019.4,15.5,30.0,0,2022-04-08,16
2022-04-08 17:00:00,73.8,15,23.3,0.0,1018.6,15.0,30.0,0,2022-04-08,17
2022-04-08 18:00:00,72.9,15,23.1,0.0,1018.2,13.8,28.2,0,2022-04-08,18
2022-04-08 19:00:00,69.2,22,28.3,0.0,1019.2,8.7,25.3,0,2022-04-08,19
2022-04-08 20:00:00,62.9,28,29.3,0.0,1019.5,4.7,14.8,0,2022-04-08,20
2022-04-08 21:00:00,59.7,33,30.3,0.0,1020.3,4.7,7.2,0,2022-04-08,21
2022-04-08 22:00:00,59.3,32,29.4,0.0,1021.1,6.5,10.3,0,2022-04-08,22
2022-04-08 23:00:00,57.4,32,28.0,0.0,1021.5,5.6,10.5,0,2022-04-08,23
2022-04-09 00:00:00,53.3,40,29.3,0.0,1021.6,6.3,8.7,0,2022-04-09,0
2022-04-09 01:00:00,56.6,32,26.9,0.0,1021.5,4.1,8.1,0,2022-04-09,1
2022-04-09 02:00:00,52.2,41,29.0,0.0,1021.5,2.0,4.5,0,2022-04-09,2
2022-04-09 03:00:00,49.1,46,29.4,0.0,1021.0,4.1,5.6,0,2022-04-09,3
2022-04-09 04:00:00,49.0,47,29.6,0.0,1021.2,5.3,8.3,0,2022-04-09,4
2022-04-09 05:00:00,47.8,52,30.7,0.0,1021.1,5.5,8.7,0,2022-04-09,5
2022-04-09 06:00:00,50.4,44,29.5,0.0,1021.1,4.0,6.0,0,2022-04-09,6
2022-04-09 07:00:00,49.3,53,33.0,0.0,1021.2,3.2,4.3,0,2022-04-09,7
2022-04-09 08:00:00,50.2,54,34.1,0.0,1021.6,3.4,4.3,0,2022-04-09,8
2022-04-09 09:00:00,58.5,47,38.3,0.0,1021.8,3.7,8.5,0,2022-04-09,9
2022-04-09 10:00:00,66.7,38,40.6,0.0,1021.7,4.5,11.0,0,2022-04-09,10
2022-04-09 11:00:00,71.2,49,51.0,0.0,1021.6,6.9,15.7,0,2022-04-09,11
2022-04-09 12:00:00,74.7,47,52.9,0.0,1021.0,8.8,19.2,0,2022-04-09,12
2022-04-09 13:00:00,77.7,41,52.2,0.0,1020.0,10.2,21.7,0,2022-04-09,13
2022-04-09 14:00:00,80.0,37,51.2,0.0,1018.8,11.1,23.3,0,2022-04-09,14
2022-04-09 15:00:00,81.5,34,50.4,0.0,1017.4,11.4,23.5,0,2022-04-09,15
2022-04-09 16:00:00,82.5,32,49.3,0.0,1016.2,11.5,23.3,0,2022-04-09,16
2022-04-09 17:00:00,81.9,26,43.7,0.0,1015.1,13.3,25.3,0,2022-04-09,17
2022-04-09 18:00:00,79.4,26,41.2,0.0,1014.9,14.0,26.2,0,2022-04-09,18
2022-04-09 19:00:00,75.7,40,49.9,0.0,1015.0,11.9,25.5,0,2022-04-09,19
2022-04-09 20:00:00,71.1,54,53.4,0.0,1015.0,11.0,21.0,0,2022-04-09,20
2022-04-09 21:00:00,68.0,69,57.5,0.0,1015.5,11.4,19.9,0,2022-04-09,21
2022-04-09 22:00:00,65.8,78,58.6,0.0,1015.9,10.3,19.7,0,2022-04-09,22
2022-04-09 23:00:00,64.4,81,58.3,0.0,1015.6,10.1,18.1,0,2022-04-09,23
2022-04-10 00:00:00,63.6,82,58.0,0.0,1015.6,10.1,18.1,0,2022-04-10,0
2022-04-10 01:00:00,63.4,83,58.1,0.0,1015.3,10.5,17.9,0,2022-04-10,1
2022-04-10 02:00:00,63.7,80,57.5,0.0,1015.0,11.0,19.0,0,2022-04-10,2
2022-04-10 03:00:00,63.8,76,56.2,0.0,1014.1,11.0,19.2,0,2022-04-10,3
2022-04-10 04:00:00,63.7,77,56.3,0.0,1013.6,10.7,19.0,0,2022-04-10,4
2022-04-10 05:00:00,63.8,77,56.6,0.0,1013.2,11.2,19.5,0,2022-04-10,5
2022-04-10 06:00:00,64.0,77,56.6,0.0,1013.0,12.1,20.8,0,2022-04-10,6
2022-04-10 07:00:00,65.1,82,59.6,0.0,1012.6,13.7,21.9,0,2022-04-10,7
2022-04-10 08:00:00,67.0,81,61.2,0.0,1012.7,15.3,26.6,0,2022-04-10,8
2022-04-10 09:00:00,71.4,71,61.5,0.0,1012.7,17.9,30.9,1,2022-04-10,9
2022-04-10 10:00:00,74.9,59,59.8,0.0,1013.3,21.5,39.6,1,2022-04-10,10
2022-04-10 11:00:00,77.7,48,56.7,0.0,1013.1,20.4,39.1,2,2022-04-10,11
2022-04-10 12:00:00,80.3,44,56.3,0.0,1012.6,22.9,40.9,2,2022-04-10,12
2022-04-10 13:00:00,81.4,43,56.7,0.0,1011.8,23.2,43.0,3,2022-04-10,13
2022-04-10 14:00:00,81.1,45,57.6,0.0,1011.3,22.8,43.4,3,2022-04-10,14
2022-04-10 15:00:00,79.0,54,61.1,0.0,1010.9,23.0,43.8,3,2022-04-10,15
2022-04-10 16:00:00,77.9,52,59.1,0.0,1010.2,21.3,42.1,3,2022-04-10,16
2022-04-10 17:00:00,77.8,50,57.9,0.0,1009.5,20.1,38.7,3,2022-04-10,17
2022-04-10 18:00:00,75.9,58,60.1,0.0,1009.6,18.7,36.7,2,2022-04-10,18
2022-04-10 19:00:00,72.8,70,62.3,0.004,1009.9,15.6,33.8,51,2022-04-10,19
2022-04-10 20:00:00,70.7,78,63.6,0.004,1010.5,14.2,30.4,51,2022-04-10,20
2022-04-10 21:00:00,69.6,84,64.6,0.016,1011.4,11.5,25.1,51,2022-04-10,21
2022-04-10 22:00:00,67.6,94,65.7,0.039,1012.6,8.5,19.9,55,2022-04-10,22
2022-04-10 23:00:00,67.7,91,64.8,0.008,1012.2,13.4,22.4,51,2022-04-10,23
2022-04-11 00:00:00,67.8,89,64.3,0.0,1011.7,14.5,25.7,3,2022-04-11,0
2022-04-11 01:00:00,67.5,89,64.2,0.0,1011.4,14.9,25.9,3,2022-04-11,1
2022-04-11 02:00:00,67.3,91,64.7,0.0,1011.0,14.3,26.2,3,2022-04-11,2
2022-04-11 03:00:00,67.7,91,64.9,0.0,1009.7,15.5,28.2,3,2022-04-11,3
2022-04-11 04:00:00,67.4,93,65.3,0.0,1010.0,11.1,27.3,2,2022-04-11,4
2022-04-11 05:00:00,67.7,93,65.8,0.0,1009.9,11.0,20.1,2,2022-04-11,5
2022-04-11 06:00:00,67.9,93,65.9,0.0,1010.3,10.2,19.0,2,2022-04-11,6
2022-04-11 07:00:00,68.3,95,66.8,0.0,1012.0,6.7,17.9,2,2022-04-11,7
2022-04-11 08:00:00,68.5,96,67.4,0.091,1012.2,8.9,18.8,61,2022-04-11,8
2022-04-11 09:00:00,71.2,91,68.6,0.0,1011.5,10.2,18.3,0,2022-04-11,9
2022-04-11 10:00:00,74.9,78,67.6,0.0,1011.6,12.3,22.8,3,2022-04-11,10
2022-04-11 11:00:00,73.9,74,65.0,0.0,1011.7,15.2,27.5,3,2022-04-11,11
2022-04-11 12:00:00,71.2,91,68.6,0.055,1010.4,17.0,29.3,61,2022-04-11,12
2022-04-11 13:00:00,75.7,79,68.8,0.012,1010.0,16.0,32.0,51,2022-04-11,13
2022-04-11 14:00:00,83.6,56,66.0,0.0,1010.1,18.4,35.8,3,2022-04-11,14
2022-04-11 15:00:00,83.3,55,65.3,0.0,1009.6,15.2,34.7,3,2022-04-11,15
2022-04-11 16:00:00,83.8,52,64.5,0.0,1009.1,14.2,29.1,3,2022-04-11,16
2022-04-11 17:00:00,82.3,56,65.2,0.0,1008.8,13.0,27.1,1,2022-04-11,17
2022-04-11 18:00:00,82.2,55,64.7,0.0,1008.6,14.9,27.5,1,2022-04-11,18
2022-04-11 19:00:00,78.7,67,66.7,0.0,1009.2,14.5,29.1,1,2022-04-11,19
2022-04-11 20:00:00,75.4,80,68.7,0.004,1009.7,12.3,25.9,51,2022-04-11,20
2022-04-11 21:00:00,73.1,89,69.6,0.02,1010.7,11.2,21.5,53,2022-04-11,21
2022-04-11 22:00:00,73.0,89,69.6,0.004,1011.4,10.1,19.5,51,2022-04-11,22
2022-04-11 23:00:00,72.6,89,69.3,0.004,1011.8,11.3,19.7,51,2022-04-11,23
2022-04-12 00:00:00,71.9,91,69.0,0.004,1011.5,11.7,20.8,51,2022-04-12,0
2022-04-12 01:00:00,71.4,91,68.8,0.004,1011.3,11.8,20.8,51,2022-04-12,1
2022-04-12 02:00:00,71.3,91,68.5,0.0,1010.7,12.0,21.0,3,2022-04-12,2
2022-04-12 03:00:00,71.2,90,68.1,0.0,1010.5,12.5,22.1,3,2022-04-12,3
2022-04-12 04:00:00,70.8,90,67.6,0.0,1010.1,11.8,21.9,3,2022-04-12,4
2022-04-12 05:00:00,70.1,90,67.1,0.0,1009.9,11.6,20.8,3,2022-04-12,5
2022-04-12 06:00:00,70.1,89,66.7,0.0,1010.4,11.6,20.6,3,2022-04-12,6
2022-04-12 07:00:00,70.9,90,67.8,0.0,1010.5,11.5,20.4,3,2022-04-12,7
2022-04-12 08:00:00,71.8,90,68.5,0.004,1010.4,12.0,21.5,51,2022-04-12,8
2022-04-12 09:00:00,73.5,86,69.1,0.012,1011.5,14.1,25.5,51,2022-04-12,9
2022-04-12 10:00:00,74.2,84,68.9,0.004,1011.5,13.6,24.8,51,2022-04-12,10
2022-04-12 11:00:00,75.3,80,68.7,0.004,1011.4,14.4,26.2,51,2022-04-12,11
2022-04-12 12:00:00,76.3,77,68.7,0.004,1010.9,13.6,26.2,51,2022-04-12,12
2022-04-12 13:00:00,78.3,73,68.8,0.008,1009.6,15.1,28.9,51,2022-04-12,13
2022-04-12 14:00:00,79.9,68,68.3,0.0,1008.7,16.9,29.1,3,2022-04-12,14
2022-04-12 15:00:00,83.3,59,67.3,0.004,1007.9,17.0,33.3,51,2022-04-12,15
2022-04-12 16:00:00,82.9,59,67.1,0.004,1006.7,13.7,31.5,51,2022-04-12,16
2022-04-12 17:00:00,83.1,60,67.6,0.004,1006.1,14.1,25.9,51,2022-04-12,17
2022-04-12 18:00:00,82.1,63,68.4,0.0,1006.2,17.1,33.6,3,2022-04-12,18
2022-04-12 19:00:00,71.2,89,67.7,0.0,1005.8,14.3,30.4,2,2022-04-12,19
2022-04-12 20:00:00,72.2,85,67.6,0.0,1006.2,11.0,28.9,3,2022-04-12,20
2022-04-12 21:00:00,71.2,85,66.6,0.004,1008.0,8.5,17.9,51,2022-04-12,21
2022-04-12 22:00:00,70.2,86,65.8,0.075,1008.9,8.7,17.4,61,2022-04-12,22
2022-04-12 23:00:00,69.4,90,66.5,0.039,1009.4,9.9,16.6,55,2022-04-12,23
2022-04-13 00:00:00,67.6,97,66.7,0.067,1009.6,12.0,24.8,61,2022-04-13,0
2022-04-13 01:00:00,65.9,98,65.4,0.031,1009.7,12.2,22.1,53,2022-04-13,1
2022-04-13 02:00:00,66.1,96,65.0,0.012,1008.7,10.8,22.4,51,2022-04-13,2
2022-04-13 03:00:00,68.4,98,67.6,0.0,1007.8,13.8,23.7,3,2022-04-13,3
2022-04-13 04:00:00,71.6,96,70.2,0.0,1007.2,16.7,29.3,3,2022-04-13,4
2022-04-13 05:00:00,71.4,94,69.5,0.0,1006.6,16.5,29.5,3,2022-04-13,5
2022-04-13 06:00:00,71.2,93,69.2,0.0,1006.3,16.3,29.1,3,2022-04-13,6
2022-04-13 07:00:00,71.2,96,70.1,0.0,1007.4,12.9,28.9,3,2022-04-13,7
2022-04-13 08:00:00,71.4,95,69.9,0.012,1007.1,14.5,25.5,51,2022-04-13,8
2022-04-13 09:00:00,72.7,92,70.3,0.0,1007.1,14.4,25.7,3,2022-04-13,9
2022-04-13 10:00:00,74.8,88,71.0,0.004,1007.4,14.2,25.3,51,2022-04-13,10
2022-04-13 11:00:00,75.8,87,71.6,0.008,1007.1,16.1,28.4,51,2022-04-13,11
2022-04-13 12:00:00,77.0,85,72.1,0.004,1007.1,16.6,29.3,51,2022-04-13,12
2022-04-13 13:00:00,79.3,80,72.5,0.008,1006.6,16.1,30.9,51,2022-04-13,13
2022-04-13 14:00:00,78.6,82,72.7,0.043,1005.9,16.3,34.0,55,2022-04-13,14
2022-04-13 15:00:00,80.7,80,73.9,0.071,1005.4,12.9,31.1,61,2022-04-13,15
2022-04-13 16:00:00,84.4,66,71.6,0.012,1004.7,9.8,26.6,51,2022-04-13,16
2022-04-13 17:00:00,80.5,73,71.2,0.016,1005.3,8.9,23.5,51,2022-04-13,17
2022-04-13 18:00:00,74.6,86,70.2,0.004,1006.2,5.1,22.6,51,2022-04-13,18
2022-04-13 19:00:00,76.0,93,73.8,0.0,1006.9,1.1,10.7,0,2022-04-13,19
2022-04-13 20:00:00,75.0,94,73.2,0.0,1008.3,4.5,9.4,1,2022-04-13,20
2022-04-13 21:00:00,73.2,91,70.4,0.0,1009.7,7.7,11.4,0,2022-04-13,21
2022-04-13 22:00:00,70.3,89,66.8,0.0,1011.7,11.5,19.5,0,2022-04-13,22
2022-04-13 23:00:00,67.5,70,57.4,0.0,1012.8,11.4,20.1,0,2022-04-13,23
2022-04-14 00:00:00,65.5,73,56.8,0.0,1013.6,11.3,19.2,0,2022-04-14,0
2022-04-14 01:00:00,64.4,75,56.2,0.0,1014.1,12.2,20.8,0,2022-04-14,1
2022-04-14 02:00:00,63.4,68,52.5,0.0,1014.0,12.2,21.5,0,2022-04-14,2
2022-04-14 03:00:00,61.8,75,53.7,0.0,1013.8,11.4,21.3,0,2022-04-14,3
2022-04-14 04:00:00,60.7,72,51.8,0.0,1013.9,9.7,19.7,0,2022-04-14,4
2022-04-14 05:00:00,59.6,73,51.1,0.0,1014.2,10.4,17.9,0,2022-04-14,5
2022-04-14 06:00:00,58.8,76,51.4,0.0,1014.6,10.5,18.6,0,2022-04-14,6
2022-04-14 07:00:00,58.4,57,43.0,0.0,1015.5,11.0,18.3,1,2022-04-14,7
2022-04-14 08:00:00,59.7,58,44.8,0.0,1016.2,10.1,19.0,0,2022-04-14,8
2022-04-14 09:00:00,63.3,56,47.4,0.0,1017.0,8.0,17.0,0,2022-04-14,9
2022-04-14 10:00:00,67.0,51,48.1,0.0,1017.9,8.3,17.2,0,2022-04-14,10
2022-04-14 11:00:00,70.7,46,48.7,0.0,1018.6,8.4,18.1,0,2022-04-14,11
2022-04-14 12:00:00,73.8,42,49.1,0.0,1018.6,9.1,19.5,0,2022-04-14,12
2022-04-14 13:00:00,76.3,39,49.2,0.0,1017.8,9.6,20.6,0,2022-04-14,13
2022-04-14 14:00:00,78.0,35,48.5,0.0,1017.3,9.7,20.8,0,2022-04-14,14
2022-04-14 15:00:00,79.3,31,46.5,0.0,1016.4,9.7,20.6,0,2022-04-14,15
2022-04-14 16:00:00,80.0,29,44.9,0.0,1015.5,9.7,20.4,0,2022-04-14,16
2022-04-14 17:00:00,79.6,29,44.2,0.0,1014.7,9.9,19.7,0,2022-04-14,17
2022-04-14 18:00:00,78.2,30,44.0,0.0,1014.2,9.6,19.5,0,2022-04-14,18
2022-04-14 19:00:00,74.9,36,46.5,0.0,1013.8,5.0,17.7,0,2022-04-14,19
2022-04-14 20:00:00,67.6,48,47.4,0.0,1013.8,4.8,8.3,0,2022-04-14,20
2022-04-14 21:00:00,66.5,49,46.9,0.0,1014.3,5.2,8.3,0,2022-04-14,21
2022-04-14 22:00:00,65.1,64,52.7,0.0,1015.4,5.7,9.4,0,2022-04-14,22
2022-04-14 23:00:00,64.3,79,57.6,0.0,1016.1,5.6,9.4,0,2022-04-14,23
2022-04-15 00:00:00,63.5,87,59.6,0.0,1015.8,6.1,9.8,0,2022-04-15,0
2022-04-15 01:00:00,62.8,92,60.3,0.0,1015.8,5.4,9.8,1,2022-04-15,1
2022-04-15 02:00:00,62.4,92,60.2,0.0,1015.2,4.9,8.7,0,2022-04-15,2
2022-04-15 03:00:00,61.8,92,59.5,0.0,1014.5,4.3,8.1,2,2022-04-15,3
2022-04-15 04:00:00,62.0,89,58.5,0.0,1014.1,5.7,9.2,3,2022-04-15,4
2022-04-15 05:00:00,64.8,81,58.8,0.0,1013.8,7.4,12.5,3,2022-04-15,5
2022-04-15 06:00:00,64.8,87,60.7,0.0,1013.6,6.5,12.3,3,2022-04-15,6
2022-04-15 07:00:00,66.3,95,64.8,0.0,1013.7,6.5,11.2,3,2022-04-15,7
2022-04-15 08:00:00,68.0,93,65.8,0.0,1013.9,6.9,12.3,3,2022-04-15,8
2022-04-15 09:00:00,70.5,91,67.7,0.016,1014.4,8.1,13.2,51,2022-04-15,9
2022-04-15 10:00:00,72.0,92,69.4,0.008,1014.5,10.4,18.1,51,2022-04-15,10
2022-04-15 11:00:00,74.8,86,70.4,0.012,1014.4,12.8,22.6,51,2022-04-15,11
2022-04-15 12:00:00,77.1,82,71.2,0.012,1014.1,13.7,26.2,51,2022-04-15,12
2022-04-15 13:00:00,80.3,72,70.5,0.004,1013.3,11.6,25.3,51,2022-04-15,13
2022-04-15 14:00:00,72.7,86,68.1,0.154,1013.6,2.6,24.8,63,2022-04-15,14
2022-04-15 15:00:00,75.2,85,70.5,0.177,1012.8,8.2,15.4,63,2022-04-15,15
2022-04-15 16:00:00,74.8,84,69.5,0.004,1012.1,11.8,23.0,51,2022-04-15,16
2022-04-15 17:00:00,76.4,81,70.2,0.0,1011.1,11.2,22.6,3,2022-04-15,17
2022-04-15 18:00:00,76.5,80,69.8,0.0,1010.8,10.0,21.7,2,2022-04-15,18
2022-04-15 19:00:00,78.3,76,70.1,0.0,1010.7,6.1,19.0,1,2022-04-15,19
2022-04-15 20:00:00,75.7,83,70.1,0.0,1010.8,9.1,15.2,1,2022-04-15,20
2022-04-15 21:00:00,74.0,90,70.9,0.0,1011.6,8.1,15.9,2,2022-04-15,21
2022-04-15 22:00:00,73.0,94,71.1,0.0,1012.3,7.9,13.6,3,2022-04-15,22
2022-04-15 23:00:00,72.3,96,71.2,0.0,1012.6,6.6,13.6,3,2022-04-15,23
2022-04-16 00:00:00,72.4,98,71.8,0.0,1012.4,6.5,11.4,3,2022-04-16,0
2022-04-16 01:00:00,72.6,98,72.0,0.0,1012.2,7.3,12.5,3,2022-04-16,1
2022-04-16 02:00:00,72.9,97,72.1,0.0,1011.9,8.2,13.9,3,2022-04-16,2
2022-04-16 03:00:00,72.9,96,71.8,0.0,1011.4,7.4,14.8,3,2022-04-16,3
2022-04-16 04:00:00,72.4,98,71.9,0.004,1011.3,7.4,12.5,51,2022-04-16,4
2022-04-16 05:00:00,72.9,98,72.1,0.004,1011.1,6.9,12.8,51,2022-04-16,5
2022-04-16 06:00:00,73.0,97,72.1,0.0,1011.5,7.0,12.1,3,2022-04-16,6
2022-04-16 07:00:00,72.7,97,71.9,0.008,1012.3,8.0,12.1,51,2022-04-16,7
2022-04-16 08:00:00,73.6,95,72.1,0.0,1013.1,7.6,15.0,3,2022-04-16,8
2022-04-16 09:00:00,74.8,94,72.8,0.016,1013.3,9.4,16.1,51,2022-04-16,9
2022-04-16 10:00:00,75.9,89,72.6,0.008,1013.6,11.2,20.4,51,2022-04-16,10
2022-04-16 11:00:00,78.2,82,72.1,0.004,1013.9,11.6,21.5,51,2022-04-16,11
2022-04-16 12:00:00,81.1,73,71.7,0.008,1013.6,12.5,23.9,51,2022-04-16,12
2022-04-16 13:00:00,83.1,68,71.5,0.028,1013.2,12.7,25.3,53,2022-04-16,13
2022-04-16 14:00:00,84.6,64,71.2,0.02,1012.6,11.1,24.8,53,2022-04-16,14
2022-04-16 15:00:00,85.8,60,70.5,0.004,1012.0,9.1,21.9,51,2022-04-16,15
2022-04-16 16:00:00,85.0,61,70.0,0.0,1011.1,9.9,19.5,3,2022-04-16,16
2022-04-16 17:00:00,84.9,61,69.9,0.0,1010.4,9.8,19.9,3,2022-04-16,17
2022-04-16 18:00:00,85.1,59,69.3,0.0,1010.2,8.7,19.2,3,2022-04-16,18
2022-04-16 19:00:00,80.2,67,68.3,0.0,1011.4,5.0,16.6,3,2022-04-16,19
2022-04-16 20:00:00,77.4,75,68.9,0.0,1011.7,3.1,8.5,3,2022-04-16,20
2022-04-16 21:00:00,76.5,78,69.1,0.0,1012.0,5.8,9.2,3,2022-04-16,21
2022-04-16 22:00:00,73.8,86,69.4,0.0,1012.7,5.6,10.3,3,2022-04-16,22
2022-04-16 23:00:00,72.0,92,69.4,0.0,1013.1,5.5,9.4,3,2022-04-16,23
2022-04-17 00:00:00,70.9,95,69.4,0.0,1013.0,4.8,9.8,3,2022-04-17,0
2022-04-17 01:00:00,70.1,98,69.4,0.0,1012.8,4.4,8.3,3,2022-04-17,1
2022-04-17 02:00:00,69.5,99,69.3,0.0,1012.3,4.2,7.2,3,2022-04-17,2
2022-04-17 03:00:00,70.1,99,69.9,0.0,1011.9,3.5,7.6,3,2022-04-17,3
2022-04-17 04:00:00,70.6,99,70.2,0.0,1011.6,4.3,6.9,3,2022-04-17,4
2022-04-17 05:00:00,71.0,98,70.5,0.0,1011.4,4.6,7.6,3,2022-04-17,5
2022-04-17 06:00:00,71.4,98,70.9,0.0,1011.7,4.0,7.6,3,2022-04-17,6
2022-04-17 07:00:00,72.2,98,71.5,0.0,1012.5,2.3,6.7,3,2022-04-17,7
2022-04-17 08:00:00,73.2,96,71.9,0.0,1012.7,4.9,8.9,3,2022-04-17,8
2022-04-17 09:00:00,74.9,86,70.4,0.004,1013.1,7.4,14.1,51,2022-04-17,9
2022-04-17 10:00:00,77.9,76,69.8,0.008,1013.7,7.9,15.9,51,2022-04-17,10
2022-04-17 11:00:00,79.9,72,70.2,0.004,1013.9,7.5,16.1,51,2022-04-17,11
2022-04-17 12:00:00,82.9,65,69.9,0.008,1012.7,8.6,18.1,51,2022-04-17,12
2022-04-17 13:00:00,84.5,61,69.4,0.004,1012.0,9.6,19.5,51,2022-04-17,13
2022-04-17 14:00:00,85.0,60,69.6,0.004,1011.4,8.7,19.9,51,2022-04-17,14
2022-04-17 15:00:00,87.3,55,69.1,0.008,1011.1,7.7,18.1,51,2022-04-17,15
2022-04-17 16:00:00,81.9,67,69.7,0.024,1010.9,7.8,17.7,53,2022-04-17,16
2022-04-17 17:00:00,78.7,77,70.8,0.004,1010.7,2.1,16.8,51,2022-04-17,17
2022-04-17 18:00:00,79.3,75,70.6,0.0,1010.7,2.9,8.9,0,2022-04-17,18
2022-04-17 19:00:00,75.9,92,73.5,0.0,1011.0,0.9,8.7,0,2022-04-17,19
2022-04-17 20:00:00,73.8,93,71.6,0.0,1011.0,1.3,3.4,1,2022-04-17,20
2022-04-17 21:00:00,72.1,96,70.9,0.0,1011.8,0.9,1.8,1,2022-04-17,21
2022-04-17 22:00:00,71.2,98,70.5,0.0,1012.7,1.6,2.2,0,2022-04-17,22
2022-04-17 23:00:00,70.9,98,70.2,0.0,1013.6,1.0,3.1,1,2022-04-17,23
2022-04-18 00:00:00,71.2,98,70.4,0.0,1014.3,2.7,2.7,3,2022-04-18,0
2022-04-18 01:00:00,72.1,97,71.2,0.012,1015.1,5.1,7.4,51,2022-04-18,1
2022-04-18 02:00:00,71.5,94,69.6,0.008,1015.3,10.5,17.4,51,2022-04-18,2
2022-04-18 03:00:00,69.4,91,66.7,0.0,1015.6,10.1,18.1,3,2022-04-18,3
2022-04-18 04:00:00,67.4,89,64.0,0.0,1015.6,8.8,17.2,0,2022-04-18,4
2022-04-18 05:00:00,64.3,94,62.4,0.0,1016.0,8.7,14.8,0,2022-04-18,5
2022-04-18 06:00:00,62.5,95,61.2,0.0,1016.5,8.2,14.8,0,2022-04-18,6
2022-04-18 07:00:00,61.4,96,60.2,0.0,1017.2,7.0,14.1,0,2022-04-18,7
2022-04-18 08:00:00,62.9,90,59.9,0.0,1018.6,8.8,15.2,0,2022-04-18,8
2022-04-18 09:00:00,65.7,78,58.5,0.0,1019.5,10.3,20.1,0,2022-04-18,9
2022-04-18 10:00:00,68.2,70,57.8,0.0,1020.4,11.1,22.4,0,2022-04-18,10
2022-04-18 11:00:00,70.4,62,56.8,0.0,1021.1,12.1,24.6,0,2022-04-18,11
2022-04-18 12:00:00,72.7,57,56.5,0.0,1021.3,11.0,24.6,0,2022-04-18,12
2022-04-18 13:00:00,75.8,50,55.8,0.0,1021.0,10.8,23.3,0,2022-04-18,13
2022-04-18 14:00:00,77.6,47,55.9,0.0,1020.4,10.3,23.0,0,2022-04-18,14
2022-04-18 15:00:00,79.2,43,55.0,0.0,1019.8,9.5,22.1,0,2022-04-18,15
2022-04-18 16:00:00,80.3,40,53.5,0.0,1019.2,9.9,20.8,0,2022-04-18,16
2022-04-18 17:00:00,80.1,39,52.6,0.0,1018.6,10.1,20.8,0,2022-04-18,17
2022-04-18 18:00:00,78.7,39,51.4,0.0,1018.5,10.1,20.4,0,2022-04-18,18
2022-04-18 19:00:00,72.9,51,53.8,0.0,1019.6,8.4,19.0,0,2022-04-18,19
2022-04-18 20:00:00,68.6,60,54.2,0.0,1019.9,6.2,14.5,0,2022-04-18,20
2022-04-18 21:00:00,66.2,63,53.3,0.0,1020.5,7.4,12.3,0,2022-04-18,21
2022-04-18 22:00:00,64.7,60,50.6,0.0,1021.6,8.1,13.4,0,2022-04-18,22
2022-04-18 23:00:00,63.3,61,49.5,0.0,1022.0,8.1,14.1,3,2022-04-18,23
2022-04-19 00:00:00,62.3,64,49.8,0.0,1022.2,7.6,13.4,2,2022-04-19,0
2022-04-19 01:00:00,61.6,67,50.6,0.0,1022.5,8.1,13.9,0,2022-04-19,1
2022-04-19 02:00:00,60.8,70,51.0,0.0,1022.4,8.4,14.5,0,2022-04-19,2
2022-04-19 03:00:00,59.6,71,50.2,0.0,1022.2,8.7,15.0,0,2022-04-19,3
2022-04-19 04:00:00,58.3,71,49.0,0.0,1022.2,8.4,15.0,2,2022-04-19,4
2022-04-19 05:00:00,57.1,71,47.8,0.0,1022.2,8.3,14.3,3,2022-04-19,5
2022-04-19 06:00:00,56.9,68,46.7,0.0,1022.2,8.8,15.2,2,2022-04-19,6
2022-04-19 07:00:00,55.9,74,47.7,0.0,1022.5,9.6,15.2,3,2022-04-19,7
2022-04-19 08:00:00,57.4,71,48.2,0.0,1022.8,8.8,18.1,3,2022-04-19,8
2022-04-19 09:00:00,60.6,65,48.9,0.0,1022.9,10.5,20.1,3,2022-04-19,9
2022-04-19 10:00:00,64.9,60,50.5,0.0,1022.9,11.7,23.0,3,2022-04-19,10
2022-04-19 11:00:00,69.4,55,52.3,0.0,1023.1,14.3,27.1,3,2022-04-19,11
2022-04-19 12:00:00,73.0,47,51.5,0.0,1022.8,15.2,29.3,3,2022-04-19,12
2022-04-19 13:00:00,74.5,42,50.0,0.0,1021.9,15.8,30.0,3,2022-04-19,13
2022-04-19 14:00:00,74.3,45,51.5,0.0,1021.3,16.1,30.9,3,2022-04-19,14
2022-04-19 15:00:00,74.5,46,52.6,0.0,1020.5,16.3,31.3,3,2022-04-19,15
2022-04-19 16:00:00,74.7,49,54.0,0.0,1019.4,16.7,32.2,3,2022-04-19,16
2022-04-19 17:00:00,73.6,50,54.0,0.0,1018.4,16.9,32.0,3,2022-04-19,17
2022-04-19 18:00:00,71.9,55,54.9,0.0,1017.7,17.9,32.7,3,2022-04-19,18
2022-04-19 19:00:00,69.3,70,59.0,0.0,1017.7,15.0,32.4,3,2022-04-19,19
2022-04-19 20:00:00,68.6,72,59.2,0.0,1017.5,11.5,26.6,3,2022-04-19,20
2022-04-19 21:00:00,68.8,73,59.9,0.0,1017.9,11.4,20.8,3,2022-04-19,21
2022-04-19 22:00:00,68.4,80,61.8,0.0,1018.0,11.1,20.6,3,2022-04-19,22
2022-04-19 23:00:00,68.7,80,62.3,0.0,1017.5,11.1,19.7,3,2022-04-19,23
2022-04-20 00:00:00,69.2,79,62.5,0.0,1017.3,12.0,21.3,3,2022-04-20,0
2022-04-20 01:00:00,69.6,78,62.5,0.0,1016.8,13.2,23.3,3,2022-04-20,1
2022-04-20 02:00:00,69.8,78,62.6,0.0,1016.0,13.7,24.2,3,2022-04-20,2
2022-04-20 03:00:00,69.7,79,62.8,0.0,1015.3,12.2,24.2,3,2022-04-20,3
2022-04-20 04:00:00,70.1,79,63.3,0.0,1014.8,11.7,21.5,3,2022-04-20,4
2022-04-20 05:00:00,70.1,79,63.4,0.0,1015.0,10.3,20.8,3,2022-04-20,5
2022-04-20 06:00:00,70.2,80,63.8,0.0,1014.5,12.5,21.5,3,2022-04-20,6
2022-04-20 07:00:00,68.9,93,66.7,0.02,1015.1,10.0,22.8,53,2022-04-20,7
2022-04-20 08:00:00,70.4,90,67.5,0.004,1015.1,11.1,19.5,51,2022-04-20,8
2022-04-20 09:00:00,72.5,85,67.7,0.004,1015.1,14.6,25.7,51,2022-04-20,9
2022-04-20 10:00:00,75.2,78,68.0,0.004,1015.3,17.2,30.2,51,2022-04-20,10
2022-04-20 11:00:00,78.1,70,67.5,0.008,1015.2,19.9,36.7,51,2022-04-20,11
2022-04-20 12:00:00,79.4,65,66.5,0.008,1014.8,21.5,38.7,51,2022-04-20,12
2022-04-20 13:00:00,83.7,54,65.4,0.004,1013.9,21.6,40.5,51,2022-04-20,13
2022-04-20 14:00:00,81.9,59,66.3,0.012,1013.6,21.0,40.5,51,2022-04-20,14
2022-04-20 15:00:00,82.7,57,65.8,0.004,1013.1,20.8,38.9,51,2022-04-20,15
2022-04-20 16:00:00,82.8,56,65.7,0.0,1012.6,19.0,38.9,3,2022-04-20,16
2022-04-20 17:00:00,80.7,62,66.4,0.0,1012.3,16.8,35.6,3,2022-04-20,17
2022-04-20 18:00:00,80.5,62,66.3,0.004,1012.3,17.9,34.0,51,2022-04-20,18
2022-04-20 19:00:00,73.9,83,68.4,0.0,1014.1,12.1,33.3,3,2022-04-20,19
2022-04-20 20:00:00,73.2,84,68.1,0.0,1014.5,12.3,21.9,3,2022-04-20,20
2022-04-20 21:00:00,72.3,87,68.1,0.0,1015.2,11.3,21.7,2,2022-04-20,21
2022-04-20 22:00:00,72.2,87,68.3,0.0,1015.8,11.5,19.9,2,2022-04-20,22
2022-04-20 23:00:00,72.0,88,68.1,0.0,1016.4,11.8,21.0,0,2022-04-20,23
2022-04-21 00:00:00,71.5,89,68.1,0.0,1016.6,11.4,20.8,0,2022-04-21,0
2022-04-21 01:00:00,71.2,90,68.2,0.0,1016.7,10.9,20.1,2,2022-04-21,1
2022-04-21 02:00:00,71.2,91,68.4,0.0,1016.4,11.0,19.5,1,2022-04-21,2
2022-04-21 03:00:00,70.9,92,68.4,0.0,1016.0,9.7,19.2,0,2022-04-21,3
2022-04-21 04:00:00,71.0,92,68.6,0.0,1016.3,8.7,17.0,1,2022-04-21,4
2022-04-21 05:00:00,70.3,94,68.6,0.0,1016.5,8.1,15.2,3,2022-04-21,5
2022-04-21 06:00:00,70.6,93,68.6,0.0,1017.0,8.3,14.3,3,2022-04-21,6
2022-04-21 07:00:00,71.9,90,68.7,0.0,1017.4,8.7,15.0,3,2022-04-21,7
2022-04-21 08:00:00,73.3,87,69.1,0.004,1018.1,9.6,17.0,51,2022-04-21,8
2022-04-21 09:00:00,74.5,84,69.2,0.008,1018.7,12.6,22.4,51,2022-04-21,9
2022-04-21 10:00:00,77.2,75,68.5,0.008,1019.6,13.0,23.9,51,2022-04-21,10
2022-04-21 11:00:00,78.1,72,68.3,0.008,1020.1,12.9,24.2,51,2022-04-21,11
2022-04-21 12:00:00,78.8,69,67.7,0.0,1020.2,13.3,24.8,3,2022-04-21,12
2022-04-21 13:00:00,81.0,62,66.7,0.0,1020.2,13.8,25.9,3,2022-04-21,13
2022-04-21 14:00:00,82.7,58,66.4,0.0,1019.9,13.9,27.5,2,2022-04-21,14
2022-04-21 15:00:00,83.1,57,66.2,0.0,1019.5,14.7,28.2,1,2022-04-21,15
2022-04-21 16:00:00,83.4,55,65.8,0.0,1019.2,15.2,29.5,1,2022-04-21,16
2022-04-21 17:00:00,82.1,57,65.3,0.0,1019.0,15.3,29.8,1,2022-04-21,17
2022-04-21 18:00:00,80.2,61,65.4,0.0,1019.0,16.3,30.2,2,2022-04-21,18
2022-04-21 19:00:00,77.0,73,67.6,0.0,1020.1,13.5,30.2,1,2022-04-21,19
2022-04-21 20:00:00,74.7,82,68.8,0.0,1020.2,12.3,23.7,2,2022-04-21,20
2022-04-21 21:00:00,72.9,90,69.8,0.004,1020.7,11.2,21.7,51,2022-04-21,21
2022-04-21 22:00:00,72.5,94,70.5,0.043,1021.2,13.7,22.6,55,2022-04-21,22
2022-04-21 23:00:00,72.4,94,70.6,0.0,1021.6,12.5,23.5,3,2022-04-21,23
2022-04-22 00:00:00,72.2,94,70.3,0.004,1021.6,12.0,21.3,51,2022-04-22,0
2022-04-22 01:00:00,72.0,93,69.8,0.0,1021.5,11.6,20.8,3,2022-04-22,1
2022-04-22 02:00:00,71.3,93,69.3,0.0,1021.6,10.4,19.9,3,2022-04-22,2
2022-04-22 03:00:00,71.6,92,69.1,0.0,1021.3,10.6,18.3,3,2022-04-22,3
2022-04-22 04:00:00,71.6,91,68.8,0.0,1021.3,10.3,18.3,3,2022-04-22,4
2022-04-22 05:00:00,71.4,91,68.7,0.0,1021.3,10.6,18.3,3,2022-04-22,5
2022-04-22 06:00:00,71.5,90,68.4,0.0,1021.5,10.9,19.0,3,2022-04-22,6
2022-04-22 07:00:00,71.4,93,69.3,0.0,1021.6,8.4,19.7,3,2022-04-22,7
2022-04-22 08:00:00,73.0,88,69.2,0.004,1022.3,11.1,18.3,51,2022-04-22,8
2022-04-22 09:00:00,73.5,87,69.3,0.008,1022.5,12.6,21.3,51,2022-04-22,9
2022-04-22 10:00:00,75.3,80,68.6,0.012,1022.8,14.8,27.1,51,2022-04-22,10
2022-04-22 11:00:00,77.9,72,68.0,0.012,1022.8,15.3,28.6,51,2022-04-22,11
2022-04-22 12:00:00,80.2,62,66.2,0.0,1022.4,15.6,30.0,2,2022-04-22,12
2022-04-22 13:00:00,82.9,55,64.9,0.0,1021.9,15.1,30.6,1,2022-04-22,13
2022-04-22 14:00:00,81.6,58,65.2,0.004,1021.4,16.8,32.2,51,2022-04-22,14
2022-04-22 15:00:00,81.3,56,64.3,0.004,1020.7,15.8,32.2,51,2022-04-22,15
2022-04-22 16:00:00,81.2,54,63.0,0.0,1019.9,15.8,30.4,1,2022-04-22,16
2022-04-22 17:00:00,78.7,61,64.0,0.0,1019.2,16.8,32.0,0,2022-04-22,17
2022-04-22 18:00:00,77.4,61,63.1,0.0,1018.8,15.7,31.5,1,2022-04-22,18
2022-04-22 19:00:00,75.0,69,64.1,0.0,1018.6,12.8,29.1,1,2022-04-22,19
2022-04-22 20:00:00,72.5,75,64.3,0.0,1018.8,10.9,23.0,1,2022-04-22,20
2022-04-22 21:00:00,71.2,82,65.3,0.0,1019.0,10.8,19.5,0,2022-04-22,21
2022-04-22 22:00:00,70.2,86,65.8,0.0,1018.9,10.0,19.0,2,2022-04-22,22
2022-04-22 23:00:00,70.2,86,65.8,0.0,1018.8,10.2,17.7,3,2022-04-22,23
2022-04-23 00:00:00,71.0,83,65.5,0.0,1018.0,12.2,21.3,3,2022-04-23,0
2022-04-23 01:00:00,71.1,81,64.8,0.0,1017.4,13.0,23.0,3,2022-04-23,1
2022-04-23 02:00:00,70.9,80,64.4,0.0,1017.1,12.2,22.8,1,2022-04-23,2
2022-04-23 03:00:00,69.5,86,65.1,0.0,1016.8,12.0,21.7,1,2022-04-23,3
2022-04-23 04:00:00,69.3,88,65.4,0.0,1016.4,11.5,21.5,1,2022-04-23,4
2022-04-23 05:00:00,69.3,86,65.1,0.0,1016.3,10.4,20.1,1,2022-04-23,5
2022-04-23 06:00:00,69.2,87,65.3,0.0,1016.5,10.6,18.6,3,2022-04-23,6
2022-04-23 07:00:00,70.7,86,66.5,0.0,1016.1,10.9,19.7,3,2022-04-23,7
2022-04-23 08:00:00,72.2,84,67.2,0.004,1016.2,12.4,22.6,51,2022-04-23,8
2022-04-23 09:00:00,73.9,80,67.3,0.012,1016.4,15.5,27.3,51,2022-04-23,9
2022-04-23 10:00:00,76.5,72,66.7,0.012,1016.3,17.5,32.0,51,2022-04-23,10
2022-04-23 11:00:00,78.7,63,65.2,0.004,1016.3,17.4,33.3,51,2022-04-23,11
2022-04-23 12:00:00,79.2,62,64.9,0.004,1016.1,18.2,35.1,51,2022-04-23,12
2022-04-23 13:00:00,81.9,54,63.4,0.0,1015.3,17.5,34.4,2,2022-04-23,13
2022-04-23 14:00:00,83.6,48,61.6,0.0,1014.5,16.7,33.3,1,2022-04-23,14
2022-04-23 15:00:00,83.5,47,61.0,0.0,1013.7,17.6,33.8,3,2022-04-23,15
2022-04-23 16:00:00,81.9,50,61.5,0.0,1013.0,16.0,33.8,3,2022-04-23,16
2022-04-23 17:00:00,81.9,49,61.1,0.0,1012.6,15.7,30.4,1,2022-04-23,17
2022-04-23 18:00:00,79.4,54,61.4,0.0,1012.4,15.8,29.5,1,2022-04-23,18
2022-04-23 19:00:00,76.1,69,65.3,0.0,1012.4,13.9,29.1,2,2022-04-23,19
2022-04-23 20:00:00,73.7,77,65.9,0.0,1012.7,10.8,25.9,2,2022-04-23,20
2022-04-23 21:00:00,72.6,83,67.2,0.0,1013.2,10.1,19.2,1,2022-04-23,21
2022-04-23 22:00:00,71.9,88,68.2,0.0,1013.5,10.6,18.6,1,2022-04-23,22
2022-04-23 23:00:00,71.2,91,68.4,0.0,1013.7,10.3,19.0,1,2022-04-23,23
2022-04-24 00:00:00,70.5,91,67.8,0.0,1013.7,10.0,17.9,0,2022-04-24,0
2022-04-24 01:00:00,70.0,92,67.5,0.0,1013.5,9.7,17.4,0,2022-04-24,1
2022-04-24 02:00:00,69.5,93,67.6,0.0,1013.3,9.4,16.8,0,2022-04-24,2
2022-04-24 03:00:00,69.6,93,67.5,0.0,1012.8,10.1,17.7,0,2022-04-24,3
2022-04-24 04:00:00,69.6,92,67.1,0.0,1012.5,9.9,18.1,1,2022-04-24,4
2022-04-24 05:00:00,69.7,91,66.9,0.0,1012.4,9.3,17.2,1,2022-04-24,5
2022-04-24 06:00:00,69.4,91,66.8,0.0,1012.4,8.4,16.3,1,2022-04-24,6
2022-04-24 07:00:00,71.4,90,68.2,0.0,1012.2,9.8,15.7,3,2022-04-24,7
2022-04-24 08:00:00,73.1,84,68.1,0.004,1013.0,9.5,19.0,51,2022-04-24,8
2022-04-24 09:00:00,73.8,83,68.4,0.008,1013.9,8.6,17.2,51,2022-04-24,9
2022-04-24 10:00:00,76.9,73,67.7,0.004,1014.1,13.2,23.9,51,2022-04-24,10
2022-04-24 11:00:00,79.8,66,67.6,0.02,1014.0,15.4,28.6,53,2022-04-24,11
2022-04-24 12:00:00,82.3,57,65.6,0.0,1013.9,15.6,29.8,1,2022-04-24,12
2022-04-24 13:00:00,84.9,51,64.7,0.0,1013.4,16.2,31.3,1,2022-04-24,13
2022-04-24 14:00:00,86.1,48,64.3,0.0,1012.8,15.5,31.3,1,2022-04-24,14
2022-04-24 15:00:00,86.8,46,63.5,0.0,1012.3,16.3,31.1,1,2022-04-24,15
2022-04-24 16:00:00,86.3,46,63.1,0.0,1011.8,16.5,32.0,1,2022-04-24,16
2022-04-24 17:00:00,84.4,49,62.9,0.0,1011.3,16.5,31.8,2,2022-04-24,17
2022-04-24 18:00:00,80.2,62,66.1,0.0,1011.3,15.9,31.1,1,2022-04-24,18
2022-04-24 19:00:00,77.8,73,68.4,0.004,1012.3,11.2,29.5,51,2022-04-24,19
2022-04-24 20:00:00,74.2,87,70.0,0.02,1012.5,9.8,21.5,53,2022-04-24,20
2022-04-24 21:00:00,74.2,93,72.0,0.008,1013.0,6.8,17.7,51,2022-04-24,21
2022-04-24 22:00:00,73.5,92,71.1,0.004,1013.4,10.9,18.1,51,2022-04-24,22
2022-04-24 23:00:00,73.9,92,71.3,0.0,1014.0,10.1,19.5,3,2022-04-24,23
2022-04-25 00:00:00,72.9,93,70.6,0.047,1014.2,10.2,18.1,55,2022-04-25,0
2022-04-25 01:00:00,72.6,96,71.3,0.02,1014.2,8.5,17.7,53,2022-04-25,1
2022-04-25 02:00:00,72.4,96,71.2,0.004,1013.4,9.9,16.1,51,2022-04-25,2
2022-04-25 03:00:00,71.6,96,70.3,0.0,1012.9,9.9,18.8,1,2022-04-25,3
2022-04-25 04:00:00,71.5,96,70.4,0.0,1013.3,7.4,16.8,3,2022-04-25,4
2022-04-25 05:00:00,71.2,97,70.3,0.008,1013.9,5.3,12.3,51,2022-04-25,5
2022-04-25 06:00:00,71.0,98,70.2,0.004,1014.8,4.4,8.5,51,2022-04-25,6
2022-04-25 07:00:00,67.5,97,66.6,0.0,1015.7,9.0,10.7,3,2022-04-25,7
2022-04-25 08:00:00,69.3,97,68.5,0.039,1017.1,2.6,14.5,55,2022-04-25,8
2022-04-25 09:00:00,70.9,90,67.7,0.004,1017.5,6.2,15.2,51,2022-04-25,9
2022-04-25 10:00:00,74.1,83,68.5,0.004,1017.9,3.0,13.9,51,2022-04-25,10
2022-04-25 11:00:00,77.4,73,68.2,0.004,1018.9,2.0,12.1,51,2022-04-25,11
2022-04-25 12:00:00,75.4,77,67.6,0.012,1018.5,2.8,12.5,51,2022-04-25,12
2022-04-25 13:00:00,77.3,73,68.0,0.0,1018.2,5.1,14.5,3,2022-04-25,13
2022-04-25 14:00:00,79.7,69,68.4,0.004,1017.6,5.4,15.9,51,2022-04-25,14
2022-04-25 15:00:00,81.8,64,68.2,0.004,1016.7,6.1,15.9,51,2022-04-25,15
2022-04-25 16:00:00,81.1,64,67.6,0.031,1016.4,5.0,15.4,53,2022-04-25,16
2022-04-25 17:00:00,72.2,85,67.4,0.331,1018.1,4.5,14.3,65,2022-04-25,17
2022-04-25 18:00:00,70.6,96,69.3,0.039,1017.1,5.6,10.1,55,2022-04-25,18
2022-04-25 19:00:00,65.8,95,64.4,0.043,1020.9,10.4,15.7,55,2022-04-25,19
2022-04-25 20:00:00,64.1,97,63.1,0.268,1019.9,13.5,22.6,63,2022-04-25,20
2022-04-25 21:00:00,64.0,96,62.9,0.083,1019.3,6.2,27.5,61,2022-04-25,21
2022-04-25 22:00:00,63.3,95,61.8,0.0,1020.4,9.9,18.3,3,2022-04-25,22
2022-04-25 23:00:00,63.2,96,62.0,0.0,1021.1,7.8,17.0,3,2022-04-25,23
2022-04-26 00:00:00,62.8,97,62.1,0.0,1021.4,5.4,13.0,3,2022-04-26,0
2022-04-26 01:00:00,62.8,98,62.2,0.0,1021.7,5.8,9.8,3,2022-04-26,1
2022-04-26 02:00:00,62.9,98,62.3,0.0,1021.9,6.4,10.7,3,2022-04-26,2
2022-04-26 03:00:00,63.6,97,62.8,0.0,1022.0,7.6,13.0,3,2022-04-26,3
2022-04-26 04:00:00,63.2,98,62.5,0.0,1022.5,7.5,13.0,3,2022-04-26,4
2022-04-26 05:00:00,63.3,97,62.3,0.0,1022.7,9.0,15.7,3,2022-04-26,5
2022-04-26 06:00:00,62.8,97,62.0,0.0,1023.4,8.5,15.7,3,2022-04-26,6
2022-04-26 07:00:00,62.9,97,62.1,0.0,1024.1,9.1,14.8,3,2022-04-26,7
2022-04-26 08:00:00,63.3,95,61.8,0.091,1024.4,11.2,19.9,61,2022-04-26,8
2022-04-26 09:00:00,63.9,92,61.6,0.252,1025.1,11.1,21.5,63,2022-04-26,9
2022-04-26 10:00:00,64.6,90,61.7,0.059,1025.6,10.5,20.8,61,2022-04-26,10
2022-04-26 11:00:00,69.0,77,61.5,0.008,1025.9,10.3,21.9,51,2022-04-26,11
2022-04-26 12:00:00,71.2,70,60.8,0.0,1025.4,10.3,20.6,3,2022-04-26,12
2022-04-26 13:00:00,75.7,59,60.4,0.0,1024.5,8.5,21.3,3,2022-04-26,13
2022-04-26 14:00:00,78.1,55,60.4,0.0,1023.6,6.9,17.9,3,2022-04-26,14
2022-04-26 15:00:00,78.1,54,60.3,0.0,1023.0,7.7,16.1,3,2022-04-26,15
2022-04-26 16:00:00,78.6,52,59.7,0.0,1022.4,5.9,16.3,3,2022-04-26,16
2022-04-26 17:00:00,80.0,48,58.4,0.0,1021.4,4.6,12.8,3,2022-04-26,17
2022-04-26 18:00:00,78.1,53,59.7,0.0,1021.4,6.8,11.9,3,2022-04-26,18
2022-04-26 19:00:00,74.3,62,60.3,0.0,1022.4,3.0,13.9,3,2022-04-26,19
2022-04-26 20:00:00,70.0,75,61.8,0.0,1022.4,4.8,5.4,1,2022-04-26,20
2022-04-26 21:00:00,68.6,75,60.4,0.0,1022.7,3.8,5.8,3,2022-04-26,21
2022-04-26 22:00:00,68.2,69,57.5,0.0,1022.9,7.3,11.6,3,2022-04-26,22
2022-04-26 23:00:00,66.9,64,54.2,0.0,1023.1,7.9,13.4,0,2022-04-26,23
2022-04-27 00:00:00,65.3,63,52.5,0.0,1023.3,7.3,13.2,0,2022-04-27,0
2022-04-27 01:00:00,64.5,63,51.5,0.0,1023.2,7.0,12.3,3,2022-04-27,1
2022-04-27 02:00:00,65.6,60,51.3,0.0,1023.0,7.3,13.0,3,2022-04-27,2
2022-04-27 03:00:00,64.8,62,51.3,0.0,1022.7,6.9,12.1,3,2022-04-27,3
2022-04-27 04:00:00,64.1,64,51.9,0.0,1022.7,7.4,12.5,0,2022-04-27,4
2022-04-27 05:00:00,61.6,71,52.2,0.0,1022.6,6.3,12.5,0,2022-04-27,5
2022-04-27 06:00:00,60.5,73,51.9,0.0,1022.7,5.6,10.5,0,2022-04-27,6
2022-04-27 07:00:00,60.6,71,51.3,0.0,1022.9,6.0,9.4,0,2022-04-27,7
2022-04-27 08:00:00,61.7,68,51.2,0.0,1023.0,6.7,12.3,1,2022-04-27,8
2022-04-27 09:00:00,64.2,61,50.6,0.0,1023.2,7.6,15.7,1,2022-04-27,9
2022-04-27 10:00:00,67.6,56,51.1,0.0,1023.2,6.9,15.9,2,2022-04-27,10
2022-04-27 11:00:00,70.1,53,52.3,0.0,1023.2,6.3,15.2,2,2022-04-27,11
2022-04-27 12:00:00,72.7,50,53.2,0.0,1022.9,6.4,15.0,3,2022-04-27,12
2022-04-27 13:00:00,74.3,49,53.8,0.0,1022.3,5.7,15.0,1,2022-04-27,13
2022-04-27 14:00:00,77.1,47,55.2,0.0,1021.3,5.1,14.1,0,2022-04-27,14
2022-04-27 15:00:00,78.7,46,56.0,0.0,1020.3,5.1,13.9,0,2022-04-27,15
2022-04-27 16:00:00,78.9,45,56.0,0.0,1019.4,5.7,14.3,0,2022-04-27,16
2022-04-27 17:00:00,78.3,46,55.9,0.0,1018.6,6.0,14.3,0,2022-04-27,17
2022-04-27 18:00:00,76.8,49,56.3,0.0,1018.4,6.8,13.9,0,2022-04-27,18
2022-04-27 19:00:00,75.2,53,57.1,0.0,1018.3,8.3,13.6,0,2022-04-27,19
2022-04-27 20:00:00,71.3,63,57.9,0.0,1018.5,8.4,14.8,0,2022-04-27,20
2022-04-27 21:00:00,68.9,68,57.7,0.0,1018.7,8.3,14.3,0,2022-04-27,21
2022-04-27 22:00:00,67.6,76,59.6,0.0,1019.1,7.8,14.1,0,2022-04-27,22
2022-04-27 23:00:00,66.4,81,60.5,0.0,1019.2,6.9,13.0,0,2022-04-27,23
2022-04-28 00:00:00,65.5,85,61.0,0.0,1018.8,6.5,11.6,0,2022-04-28,0
2022-04-28 01:00:00,64.4,90,61.3,0.0,1018.7,5.5,11.0,0,2022-04-28,1
2022-04-28 02:00:00,63.7,93,61.5,0.0,1018.0,5.5,8.9,1,2022-04-28,2
2022-04-28 03:00:00,63.2,94,61.6,0.0,1017.3,5.0,8.9,3,2022-04-28,3
2022-04-28 04:00:00,62.9,95,61.5,0.0,1017.1,4.6,7.8,3,2022-04-28,4
2022-04-28 05:00:00,62.8,96,61.6,0.0,1017.0,4.9,7.8,3,2022-04-28,5
2022-04-28 06:00:00,63.1,96,62.0,0.0,1017.2,4.7,8.1,3,2022-04-28,6
2022-04-28 07:00:00,63.3,97,62.3,0.0,1017.6,3.5,7.4,3,2022-04-28,7
2022-04-28 08:00:00,67.6,90,64.7,0.0,1018.0,5.1,8.9,3,2022-04-28,8
2022-04-28 09:00:00,72.1,82,66.2,0.0,1018.0,6.2,12.3,2,2022-04-28,9
2022-04-28 10:00:00,75.2,72,65.4,0.004,1018.0,8.7,17.7,51,2022-04-28,10
2022-04-28 11:00:00,77.8,63,64.4,0.004,1017.9,8.7,17.9,51,2022-04-28,11
2022-04-28 12:00:00,80.4,56,63.4,0.0,1017.4,9.1,19.2,3,2022-04-28,12
2022-04-28 13:00:00,81.5,54,63.2,0.0,1016.3,9.8,20.1,3,2022-04-28,13
2022-04-28 14:00:00,82.1,53,63.5,0.0,1015.5,11.2,22.4,3,2022-04-28,14
2022-04-28 15:00:00,82.2,56,64.8,0.004,1014.7,12.1,24.4,51,2022-04-28,15
2022-04-28 16:00:00,82.2,55,64.6,0.0,1013.7,12.5,24.8,3,2022-04-28,16
2022-04-28 17:00:00,80.2,58,64.1,0.0,1012.9,13.1,25.7,3,2022-04-28,17
2022-04-28 18:00:00,78.3,61,63.9,0.0,1012.7,13.0,25.3,3,2022-04-28,18
2022-04-28 19:00:00,74.8,75,66.4,0.0,1012.9,11.8,24.6,3,2022-04-28,19
2022-04-28 20:00:00,72.3,81,66.0,0.0,1013.1,10.0,21.3,3,2022-04-28,20
2022-04-28 21:00:00,70.8,84,65.8,0.0,1013.5,9.5,17.7,3,2022-04-28,21
2022-04-28 22:00:00,70.2,85,65.7,0.0,1013.9,9.4,16.8,3,2022-04-28,22
2022-04-28 23:00:00,70.0,86,65.6,0.0,1014.0,9.8,16.8,3,2022-04-28,23
2022-04-29 00:00:00,69.7,87,65.6,0.0,1013.8,9.2,17.0,2,2022-04-29,0
2022-04-29 01:00:00,68.7,90,65.6,0.0,1013.7,8.7,16.1,0,2022-04-29,1
2022-04-29 02:00:00,67.9,92,65.6,0.0,1012.7,8.8,15.4,0,2022-04-29,2
2022-04-29 03:00:00,67.5,94,65.6,0.0,1012.1,7.9,15.0,0,2022-04-29,3
2022-04-29 04:00:00,67.4,94,65.6,0.0,1011.8,7.9,13.6,1,2022-04-29,4
2022-04-29 05:00:00,67.4,94,65.5,0.0,1011.7,8.4,14.5,0,2022-04-29,5
2022-04-29 06:00:00,67.2,94,65.4,0.0,1011.8,7.4,14.5,1,2022-04-29,6
2022-04-29 07:00:00,70.1,88,66.5,0.0,1011.9,8.9,13.0,0,2022-04-29,7
2022-04-29 08:00:00,71.6,84,66.6,0.0,1012.3,10.6,18.1,3,2022-04-29,8
2022-04-29 09:00:00,74.4,76,66.4,0.004,1012.8,13.2,23.5,51,2022-04-29,9
2022-04-29 10:00:00,77.4,67,65.5,0.004,1013.0,13.2,25.1,51,2022-04-29,10
2022-04-29 11:00:00,80.0,61,65.1,0.004,1012.8,13.2,25.3,51,2022-04-29,11
2022-04-29 12:00:00,81.9,55,64.1,0.004,1012.4,13.4,25.9,51,2022-04-29,12
2022-04-29 13:00:00,84.0,50,63.5,0.0,1011.6,13.7,26.4,2,2022-04-29,13
2022-04-29 14:00:00,85.2,47,62.4,0.0,1010.9,14.6,28.0,2,2022-04-29,14
2022-04-29 15:00:00,84.8,46,61.9,0.0,1010.2,15.0,28.4,2,2022-04-29,15
2022-04-29 16:00:00,83.9,49,62.6,0.0,1009.4,15.2,29.5,2,2022-04-29,16
2022-04-29 17:00:00,83.0,51,63.0,0.0,1009.0,13.7,28.9,3,2022-04-29,17
2022-04-29 18:00:00,81.2,54,63.0,0.0,1008.9,13.0,25.5,1,2022-04-29,18
2022-04-29 19:00:00,78.3,68,66.7,0.0,1009.2,12.3,25.9,1,2022-04-29,19
2022-04-29 20:00:00,75.5,76,67.5,0.0,1009.1,11.0,22.1,3,2022-04-29,20
2022-04-29 21:00:00,73.8,81,67.5,0.0,1009.4,11.4,19.7,3,2022-04-29,21
2022-04-29 22:00:00,72.9,86,68.5,0.0,1010.4,9.6,20.8,3,2022-04-29,22
2022-04-29 23:00:00,72.9,87,68.8,0.004,1010.8,9.4,16.6,51,2022-04-29,23
2022-04-30 00:00:00,72.8,86,68.4,0.004,1010.3,10.1,17.9,51,2022-04-30,0
2022-04-30 01:00:00,72.2,87,68.2,0.0,1010.4,9.8,17.7,3,2022-04-30,1
2022-04-30 02:00:00,71.6,90,68.4,0.0,1010.1,8.6,17.0,3,2022-04-30,2
2022-04-30 03:00:00,71.1,91,68.4,0.0,1009.8,7.8,15.0,3,2022-04-30,3
2022-04-30 04:00:00,71.4,91,68.6,0.0,1010.0,7.2,13.2,3,2022-04-30,4
2022-04-30 05:00:00,71.9,90,68.9,0.0,1010.2,7.2,12.5,3,2022-04-30,5
2022-04-30 06:00:00,72.3,89,68.9,0.0,1010.4,7.9,13.4,3,2022-04-30,6
2022-04-30 07:00:00,72.5,93,70.3,0.0,1010.5,5.6,13.4,3,2022-04-30,7
2022-04-30 08:00:00,73.6,92,71.1,0.016,1011.2,7.4,14.1,51,2022-04-30,8
2022-04-30 09:00:00,75.7,87,71.6,0.028,1011.4,7.4,14.1,53,2022-04-30,9
2022-04-30 10:00:00,78.2,77,70.5,0.008,1011.9,9.3,18.1,51,2022-04-30,10
2022-04-30 11:00:00,79.3,75,70.8,0.012,1012.7,6.2,18.6,51,2022-04-30,11
2022-04-30 12:00:00,81.7,68,70.2,0.008,1012.7,3.2,17.0,51,2022-04-30,12
2022-04-30 13:00:00,81.4,66,69.2,0.0,1011.9,7.0,14.3,2,2022-04-30,13
2022-04-30 14:00:00,79.7,70,69.1,0.043,1012.1,7.4,18.8,55,2022-04-30,14
2022-04-30 15:00:00,81.4,66,68.9,0.004,1011.3,8.7,18.6,51,2022-04-30,15
2022-04-30 16:00:00,82.8,62,68.6,0.0,1010.5,9.0,18.3,3,2022-04-30,16
2022-04-30 17:00:00,80.0,71,69.6,0.0,1010.4,10.3,21.7,2,2022-04-30,17
2022-04-30 18:00:00,81.3,66,68.8,0.0,1010.2,8.2,19.5,2,2022-04-30,18
2022-04-30 19:00:00,75.3,80,68.7,0.0,1011.0,2.4,16.1,2,2022-04-30,19
2022-04-30 20:00:00,73.9,86,69.6,0.0,1011.2,5.4,10.5,3,2022-04-30,20
2022-04-30 21:00:00,73.8,86,69.3,0.0,1011.9,3.3,9.4,0,2022-04-30,21
2022-04-30 22:00:00,72.4,90,69.2,0.0,1012.7,3.7,5.6,1,2022-04-30,22
2022-04-30 23:00:00,72.1,93,69.9,0.0,1013.1,5.0,7.8,0,2022-04-30,23
2022-05-01 00:00:00,72.3,97,71.3,0.0,1013.3,7.2,11.6,0,2022-05-01,0
2022-05-01 01:00:00,71.9,98,71.2,0.0,1013.3,4.9,12.1,0,2022-05-01,1
2022-05-01 02:00:00,70.6,99,70.2,0.0,1013.3,3.2,8.1,2,2022-05-01,2
2022-05-01 03:00:00,69.1,100,69.0,0.0,1013.1,5.1,5.8,3,2022-05-01,3
2022-05-01 04:00:00,71.2,99,71.1,0.0,1013.2,2.5,6.0,3,2022-05-01,4
2022-05-01 05:00:00,72.1,98,71.6,0.0,1013.8,1.6,3.1,3,2022-05-01,5
2022-05-01 06:00:00,72.1,97,71.2,0.008,1014.3,2.9,6.0,51,2022-05-01,6
2022-05-01 07:00:00,70.9,98,70.4,0.004,1015.0,3.8,4.9,51,2022-05-01,7
2022-05-01 08:00:00,72.0,96,70.7,0.012,1015.4,5.0,9.6,51,2022-05-01,8
2022-05-01 09:00:00,70.9,91,68.1,0.102,1016.7,7.0,14.8,63,2022-05-01,9
2022-05-01 10:00:00,70.6,89,67.2,0.004,1016.3,4.0,15.2,51,2022-05-01,10
2022-05-01 11:00:00,76.3,79,69.3,0.0,1016.7,4.0,11.9,3,2022-05-01,11
2022-05-01 12:00:00,79.0,74,69.8,0.004,1016.6,6.3,16.6,51,2022-05-01,12
2022-05-01 13:00:00,80.3,71,70.0,0.0,1016.0,6.5,16.8,3,2022-05-01,13
2022-05-01 14:00:00,82.8,65,69.7,0.0,1015.1,7.8,17.9,3,2022-05-01,14
2022-05-01 15:00:00,84.4,61,69.3,0.0,1014.5,8.8,19.9,2,2022-05-01,15
2022-05-01 16:00:00,84.5,61,69.3,0.0,1013.6,8.6,19.5,3,2022-05-01,16
2022-05-01 17:00:00,81.1,67,69.1,0.004,1013.2,10.4,21.7,51,2022-05-01,17
2022-05-01 18:00:00,81.8,67,69.6,0.0,1012.2,10.5,20.8,3,2022-05-01,18
2022-05-01 19:00:00,77.8,82,71.8,0.0,1012.3,5.2,20.4,3,2022-05-01,19
2022-05-01 20:00:00,75.9,84,70.6,0.0,1012.3,7.3,12.1,3,2022-05-01,20
2022-05-01 21:00:00,73.6,90,70.6,0.0,1013.2,9.3,15.9,3,2022-05-01,21
2022-05-01 22:00:00,72.5,93,70.2,0.0,1014.0,8.3,15.9,3,2022-05-01,22
2022-05-01 23:00:00,71.9,95,70.3,0.0,1014.2,7.1,14.3,3,2022-05-01,23
2022-05-02 00:00:00,72.1,97,71.2,0.0,1014.0,7.8,13.2,3,2022-05-02,0
2022-05-02 01:00:00,72.7,97,71.7,0.0,1013.7,8.0,13.9,3,2022-05-02,1
2022-05-02 02:00:00,72.0,96,70.9,0.0,1013.4,7.2,13.6,3,2022-05-02,2
2022-05-02 03:00:00,71.6,97,70.6,0.0,1013.0,7.4,12.5,3,2022-05-02,3
2022-05-02 04:00:00,71.7,97,70.7,0.0,1012.9,7.6,13.0,3,2022-05-02,4
2022-05-02 05:00:00,72.1,96,71.0,0.0,1013.1,8.6,14.8,3,2022-05-02,5
2022-05-02 06:00:00,73.1,94,71.2,0.0,1013.2,9.3,16.3,3,2022-05-02,6
2022-05-02 07:00:00,73.5,89,70.0,0.0,1011.6,16.8,17.2,3,2022-05-02,7
2022-05-02 08:00:00,73.4,92,70.9,0.028,1009.7,19.1,40.9,53,2022-05-02,8
2022-05-02 09:00:00,75.6,86,71.2,0.028,1013.3,3.7,32.9,53,2022-05-02,9
2022-05-02 10:00:00,77.9,82,71.9,0.0,1013.3,9.0,15.4,2,2022-05-02,10
2022-05-02 11:00:00,82.3,66,69.6,0.0,1013.4,14.7,27.3,1,2022-05-02,11
2022-05-02 12:00:00,84.9,57,68.1,0.0,1013.4,14.5,28.2,1,2022-05-02,12
2022-05-02 13:00:00,86.5,52,66.8,0.0,1013.0,15.0,29.1,0,2022-05-02,13
2022-05-02 14:00:00,87.7,48,65.6,0.0,1012.0,16.3,31.1,0,2022-05-02,14
2022-05-02 15:00:00,87.7,47,64.8,0.0,1011.1,17.5,33.1,1,2022-05-02,15
2022-05-02 16:00:00,85.8,50,65.3,0.0,1010.4,18.2,34.4,2,2022-05-02,16
2022-05-02 17:00:00,84.1,54,65.8,0.0,1009.6,17.7,34.0,1,2022-05-02,17
2022-05-02 18:00:00,82.3,57,65.6,0.0,1009.5,16.8,32.9,2,2022-05-02,18
2022-05-02 19:00:00,78.2,73,69.0,0.0,1010.6,11.6,30.6,1,2022-05-02,19
2022-05-02 20:00:00,77.3,76,69.0,0.0,1011.1,9.2,21.3,3,2022-05-02,20
2022-05-02 21:00:00,76.2,81,69.8,0.0,1011.2,12.0,20.8,2,2022-05-02,21
2022-05-02 22:00:00,74.8,87,70.6,0.0,1011.0,12.5,22.6,1,2022-05-02,22
2022-05-02 23:00:00,74.8,88,71.0,0.0,1010.7,12.3,22.4,3,2022-05-02,23
2022-05-03 00:00:00,75.5,86,71.1,0.0,1011.2,12.2,22.4,2,2022-05-03,0
2022-05-03 01:00:00,75.1,88,71.3,0.004,1011.5,11.7,21.5,51,2022-05-03,1
2022-05-03 02:00:00,75.3,88,71.6,0.004,1011.1,12.8,22.6,51,2022-05-03,2
2022-05-03 03:00:00,75.2,88,71.5,0.004,1010.5,13.4,23.9,51,2022-05-03,3
2022-05-03 04:00:00,74.8,89,71.3,0.004,1010.5,12.8,23.5,51,2022-05-03,4
2022-05-03 05:00:00,74.0,87,70.0,0.012,1011.1,11.7,21.9,51,2022-05-03,5
2022-05-03 06:00:00,73.9,91,71.1,0.0,1011.5,10.7,19.9,2,2022-05-03,6
2022-05-03 07:00:00,72.9,94,70.9,0.0,1012.2,7.2,18.6,0,2022-05-03,7
2022-05-03 08:00:00,75.2,86,70.6,0.0,1013.3,8.9,17.7,3,2022-05-03,8
2022-05-03 09:00:00,77.2,81,71.1,0.004,1014.4,5.5,17.7,51,2022-05-03,9
2022-05-03 10:00:00,78.3,77,70.4,0.008,1014.4,7.8,16.3,51,2022-05-03,10
2022-05-03 11:00:00,72.3,93,70.1,0.079,1015.7,6.5,19.5,61,2022-05-03,11
2022-05-03 12:00:00,76.9,80,70.2,0.012,1015.4,8.3,16.3,51,2022-05-03,12
2022-05-03 13:00:00,79.3,76,71.0,0.008,1015.0,8.8,20.6,51,2022-05-03,13
2022-05-03 14:00:00,83.8,66,71.2,0.008,1014.1,8.8,20.1,51,2022-05-03,14
2022-05-03 15:00:00,85.3,60,69.6,0.0,1013.4,10.6,21.0,3,2022-05-03,15
2022-05-03 16:00:00,85.2,60,69.8,0.008,1012.7,9.8,21.9,51,2022-05-03,16
2022-05-03 17:00:00,85.6,57,68.4,0.0,1011.6,10.0,20.4,1,2022-05-03,17
2022-05-03 18:00:00,84.7,58,68.2,0.0,1011.3,10.8,20.1,3,2022-05-03,18
2022-05-03 19:00:00,80.7,71,70.3,0.0,1011.6,10.8,20.1,2,2022-05-03,19
2022-05-03 20:00:00,78.6,75,70.2,0.0,1012.0,8.1,19.7,3,2022-05-03,20
2022-05-03 21:00:00,77.1,80,70.4,0.0,1012.6,8.4,14.5,1,2022-05-03,21
2022-05-03 22:00:00,75.7,85,71.1,0.0,1013.8,8.1,14.8,1,2022-05-03,22
2022-05-03 23:00:00,74.7,90,71.6,0.0,1014.6,6.4,13.9,3,2022-05-03,23
2022-05-04 00:00:00,74.5,92,72.0,0.0,1014.3,5.9,11.0,3,2022-05-04,0
2022-05-04 01:00:00,75.3,91,72.3,0.0,1013.8,7.0,11.9,3,2022-05-04,1
2022-05-04 02:00:00,73.8,96,72.6,0.004,1013.6,6.4,11.9,51,2022-05-04,2
2022-05-04 03:00:00,74.6,94,72.9,0.0,1013.1,7.4,13.2,3,2022-05-04,3
2022-05-04 04:00:00,75.1,92,72.8,0.0,1012.8,7.2,13.2,3,2022-05-04,4
2022-05-04 05:00:00,75.0,93,72.8,0.0,1012.9,7.8,13.4,3,2022-05-04,5
2022-05-04 06:00:00,74.8,93,72.8,0.0,1013.3,7.7,13.6,3,2022-05-04,6
2022-05-04 07:00:00,74.4,96,73.0,0.0,1013.5,7.4,14.8,3,2022-05-04,7
2022-05-04 08:00:00,76.1,90,72.9,0.008,1014.2,11.6,19.2,51,2022-05-04,8
2022-05-04 09:00:00,75.8,89,72.4,0.02,1014.9,9.6,21.5,53,2022-05-04,9
2022-05-04 10:00:00,79.3,82,73.2,0.004,1015.2,9.2,20.8,51,2022-05-04,10
2022-05-04 11:00:00,80.3,76,72.1,0.008,1015.3,11.5,23.9,51,2022-05-04,11
2022-05-04 12:00:00,83.7,66,71.0,0.008,1014.7,16.2,30.4,51,2022-05-04,12
2022-05-04 13:00:00,83.8,65,70.8,0.008,1014.1,17.2,32.0,51,2022-05-04,13
2022-05-04 14:00:00,86.3,58,69.7,0.012,1013.3,16.5,32.4,51,2022-05-04,14
2022-05-04 15:00:00,87.7,53,68.4,0.0,1012.7,17.2,33.1,1,2022-05-04,15
2022-05-04 16:00:00,87.1,55,68.7,0.0,1011.6,18.0,33.8,1,2022-05-04,16
2022-05-04 17:00:00,85.2,58,68.7,0.0,1010.5,18.5,35.1,1,2022-05-04,17
2022-05-04 18:00:00,82.8,63,69.2,0.0,1010.8,16.3,34.7,1,2022-05-04,18
2022-05-04 19:00:00,80.2,71,69.9,0.0,1012.3,13.0,30.0,2,2022-05-04,19
2022-05-04 20:00:00,78.0,78,70.4,0.0,1012.5,11.7,23.3,2,2022-05-04,20
2022-05-04 21:00:00,76.4,85,71.7,0.0,1012.6,11.1,20.8,3,2022-05-04,21
2022-05-04 22:00:00,75.5,89,72.1,0.0,1012.5,11.4,19.9,3,2022-05-04,22
2022-05-04 23:00:00,75.6,90,72.3,0.004,1012.8,10.0,19.9,51,2022-05-04,23
2022-05-05 00:00:00,75.7,90,72.6,0.004,1013.3,8.0,17.4,51,2022-05-05,0
2022-05-05 01:00:00,75.8,90,72.7,0.004,1013.3,8.6,14.5,51,2022-05-05,1
2022-05-05 02:00:00,75.7,90,72.7,0.008,1012.4,11.2,19.5,51,2022-05-05,2
2022-05-05 03:00:00,75.6,91,72.7,0.004,1011.5,10.7,19.2,51,2022-05-05,3
2022-05-05 04:00:00,75.7,91,72.7,0.004,1011.0,11.5,20.1,51,2022-05-05,4
2022-05-05 05:00:00,75.5,91,72.7,0.0,1011.3,12.0,20.8,3,2022-05-05,5
2022-05-05 06:00:00,75.4,91,72.5,0.0,1011.1,13.6,23.9,3,2022-05-05,6
2022-05-05 07:00:00,75.0,94,73.2,0.0,1011.7,14.1,24.2,3,2022-05-05,7
2022-05-05 08:00:00,76.0,91,73.1,0.0,1011.3,15.9,27.1,3,2022-05-05,8
2022-05-05 09:00:00,76.7,89,73.3,0.0,1010.9,17.1,30.4,3,2022-05-05,9
2022-05-05 10:00:00,78.1,85,73.0,0.0,1010.8,12.5,30.4,3,2022-05-05,10
2022-05-05 11:00:00,83.1,69,72.0,0.004,1011.2,17.2,32.0,51,2022-05-05,11
2022-05-05 12:00:00,86.0,60,70.5,0.0,1009.6,19.1,36.0,1,2022-05-05,12
2022-05-05 13:00:00,87.9,53,68.4,0.0,1009.1,19.5,38.9,3,2022-05-05,13
2022-05-05 14:00:00,88.8,49,67.4,0.0,1009.8,16.9,36.9,3,2022-05-05,14
2022-05-05 15:00:00,86.8,52,66.8,0.0,1010.0,16.7,31.8,3,2022-05-05,15
2022-05-05 16:00:00,84.9,58,68.4,0.0,1009.4,14.3,30.9,3,2022-05-05,16
2022-05-05 17:00:00,78.7,75,70.2,0.075,1010.3,7.9,26.4,61,2022-05-05,17
2022-05-05 18:00:00,71.7,94,69.9,0.228,1010.6,5.4,23.7,63,2022-05-05,18
2022-05-05 19:00:00,73.5,92,70.9,0.004,1009.0,9.4,10.1,51,2022-05-05,19
2022-05-05 20:00:00,70.3,99,70.2,0.441,1012.1,7.5,24.2,65,2022-05-05,20
2022-05-05 21:00:00,70.2,98,69.5,0.185,1010.8,6.5,16.1,63,2022-05-05,21
2022-05-05 22:00:00,69.2,98,68.7,0.008,1012.5,2.4,11.4,51,2022-05-05,22
2022-05-05 23:00:00,69.4,98,68.9,0.008,1012.0,5.5,9.4,51,2022-05-05,23
2022-05-06 00:00:00,68.7,98,68.1,0.0,1012.0,2.7,9.4,3,2022-05-06,0
2022-05-06 01:00:00,67.9,98,67.5,0.0,1012.5,2.9,4.7,1,2022-05-06,1
2022-05-06 02:00:00,66.7,100,66.7,0.0,1012.1,1.3,3.1,3,2022-05-06,2
2022-05-06 03:00:00,65.6,100,65.6,0.0,1011.5,2.2,3.8,3,2022-05-06,3
2022-05-06 04:00:00,66.3,100,66.3,0.0,1011.4,3.2,6.0,3,2022-05-06,4
2022-05-06 05:00:00,66.1,100,66.1,0.0,1011.7,3.2,6.5,3,2022-05-06,5
2022-05-06 06:00:00,66.3,100,66.3,0.0,1011.8,2.5,7.4,3,2022-05-06,6
2022-05-06 07:00:00,65.9,100,65.8,0.0,1012.0,1.6,6.5,3,2022-05-06,7
2022-05-06 08:00:00,66.0,98,65.6,0.0,1011.9,4.2,8.9,3,2022-05-06,8
2022-05-06 09:00:00,68.4,91,65.8,0.0,1013.1,2.0,9.4,3,2022-05-06,9
2022-05-06 10:00:00,72.8,85,68.1,0.0,1013.7,3.0,9.2,1,2022-05-06,10
2022-05-06 11:00:00,78.3,70,67.7,0.0,1013.8,5.1,13.4,0,2022-05-06,11
2022-05-06 12:00:00,83.0,56,65.6,0.0,1013.5,5.3,13.6,0,2022-05-06,12
2022-05-06 13:00:00,86.1,44,61.3,0.0,1012.7,3.9,13.6,0,2022-05-06,13
2022-05-06 14:00:00,88.0,40,60.3,0.0,1011.9,1.0,11.9,0,2022-05-06,14
2022-05-06 15:00:00,88.9,41,62.2,0.0,1011.2,1.1,7.8,0,2022-05-06,15
2022-05-06 16:00:00,89.2,42,63.0,0.0,1010.2,0.7,7.6,0,2022-05-06,16
2022-05-06 17:00:00,89.0,43,63.4,0.0,1009.3,0.3,6.7,0,2022-05-06,17
2022-05-06 18:00:00,88.7,43,63.3,0.0,1008.9,2.5,5.8,0,2022-05-06,18
2022-05-06 19:00:00,85.3,65,72.2,0.0,1008.3,5.4,12.8,0,2022-05-06,19
2022-05-06 20:00:00,81.6,72,71.9,0.0,1008.4,5.3,9.6,0,2022-05-06,20
2022-05-06 21:00:00,79.4,80,72.6,0.0,1008.9,9.2,15.0,0,2022-05-06,21
2022-05-06 22:00:00,77.2,89,73.8,0.0,1009.5,8.8,15.7,0,2022-05-06,22
2022-05-06 23:00:00,75.9,96,74.6,0.0,1009.6,8.1,15.2,0,2022-05-06,23
2022-05-07 00:00:00,74.9,97,74.1,0.0,1009.7,7.3,13.6,0,2022-05-07,0
2022-05-07 01:00:00,74.2,99,73.8,0.0,1009.6,6.1,12.3,3,2022-05-07,1
2022-05-07 02:00:00,74.1,99,73.9,0.0,1009.5,4.4,10.1,3,2022-05-07,2
2022-05-07 03:00:00,74.2,98,73.5,0.0,1009.1,5.6,10.5,3,2022-05-07,3
2022-05-07 04:00:00,73.5,98,73.0,0.0,1009.0,4.6,9.6,3,2022-05-07,4
2022-05-07 05:00:00,73.3,98,72.6,0.0,1009.0,4.9,9.2,3,2022-05-07,5
2022-05-07 06:00:00,73.0,97,72.1,0.0,1009.6,3.2,8.3,3,2022-05-07,6
2022-05-07 07:00:00,74.2,98,73.5,0.0,1009.9,4.0,5.8,3,2022-05-07,7
2022-05-07 08:00:00,76.3,89,72.9,0.0,1010.6,4.5,9.2,2,2022-05-07,8
2022-05-07 09:00:00,78.5,82,72.4,0.0,1011.0,6.3,13.2,1,2022-05-07,9
2022-05-07 10:00:00,81.8,71,71.6,0.004,1011.2,6.3,13.6,51,2022-05-07,10
2022-05-07 11:00:00,84.6,64,70.9,0.0,1010.8,7.4,16.1,3,2022-05-07,11
2022-05-07 12:00:00,86.6,59,70.5,0.0,1010.3,6.7,16.1,3,2022-05-07,12
2022-05-07 13:00:00,89.3,54,70.2,0.0,1009.6,6.0,15.7,0,2022-05-07,13
2022-05-07 14:00:00,91.4,51,70.8,0.0,1008.4,6.9,16.1,0,2022-05-07,14
2022-05-07 15:00:00,92.6,50,71.0,0.0,1007.9,7.2,16.6,0,2022-05-07,15
2022-05-07 16:00:00,93.1,49,71.2,0.0,1006.9,7.5,16.1,0,2022-05-07,16
2022-05-07 17:00:00,92.1,50,71.0,0.0,1006.1,8.9,18.1,1,2022-05-07,17
2022-05-07 18:00:00,88.4,60,72.6,0.0,1006.1,10.5,20.4,0,2022-05-07,18
2022-05-07 19:00:00,84.9,73,75.1,0.0,1006.2,10.2,21.5,0,2022-05-07,19
2022-05-07 20:00:00,81.1,80,74.5,0.0,1006.5,10.4,18.6,0,2022-05-07,20
2022-05-07 21:00:00,78.5,87,74.3,0.0,1007.3,11.3,19.9,0,2022-05-07,21
2022-05-07 22:00:00,77.4,90,74.3,0.0,1007.9,10.5,19.7,0,2022-05-07,22
2022-05-07 23:00:00,77.2,90,74.0,0.0,1008.1,9.9,18.3,3,2022-05-07,23
2022-05-08 00:00:00,77.8,88,73.8,0.0,1008.1,9.3,17.0,3,2022-05-08,0
2022-05-08 01:00:00,77.4,90,74.4,0.0,1008.1,9.8,17.0,2,2022-05-08,1
2022-05-08 02:00:00,76.4,93,74.2,0.0,1007.8,10.5,18.6,3,2022-05-08,2
2022-05-08 03:00:00,76.4,92,73.9,0.0,1007.0,10.6,18.8,3,2022-05-08,3
2022-05-08 04:00:00,76.9,90,73.8,0.0,1006.7,10.2,18.8,3,2022-05-08,4
2022-05-08 05:00:00,76.5,91,73.8,0.0,1006.9,8.6,17.7,3,2022-05-08,5
2022-05-08 06:00:00,75.4,95,73.8,0.0,1007.1,7.9,15.0,3,2022-05-08,6
2022-05-08 07:00:00,77.1,92,74.6,0.0,1007.5,7.4,14.5,3,2022-05-08,7
2022-05-08 08:00:00,78.0,87,73.8,0.0,1008.0,8.5,15.4,3,2022-05-08,8
2022-05-08 09:00:00,80.6,78,73.1,0.0,1008.3,10.8,19.9,1,2022-05-08,9
2022-05-08 10:00:00,83.9,70,73.1,0.0,1008.3,8.6,20.4,0,2022-05-08,10
2022-05-08 11:00:00,87.2,63,73.0,0.0,1008.5,9.6,20.1,0,2022-05-08,11
2022-05-08 12:00:00,90.1,56,72.1,0.0,1008.5,10.6,21.9,1,2022-05-08,12
2022-05-08 13:00:00,91.7,51,71.2,0.0,1008.2,11.1,22.6,0,2022-05-08,13
2022-05-08 14:00:00,92.7,49,70.4,0.0,1007.5,12.1,24.4,0,2022-05-08,14
2022-05-08 15:00:00,92.8,47,69.8,0.0,1006.7,13.5,26.4,0,2022-05-08,15
2022-05-08 16:00:00,91.8,49,69.8,0.0,1006.0,13.8,26.8,0,2022-05-08,16
2022-05-08 17:00:00,89.8,52,70.1,0.0,1005.5,14.2,27.3,0,2022-05-08,17
2022-05-08 18:00:00,86.9,59,70.7,0.0,1005.2,14.8,27.5,0,2022-05-08,18
2022-05-08 19:00:00,83.0,70,72.3,0.0,1005.9,14.1,27.7,0,2022-05-08,19
2022-05-08 20:00:00,80.2,75,71.5,0.0,1006.2,12.5,25.7,1,2022-05-08,20
2022-05-08 21:00:00,78.5,80,71.9,0.0,1006.9,11.4,21.9,1,2022-05-08,21
2022-05-08 22:00:00,77.4,87,73.2,0.0,1007.5,11.9,21.0,1,2022-05-08,22
2022-05-08 23:00:00,77.0,89,73.7,0.0,1007.9,11.3,20.8,1,2022-05-08,23
2022-05-09 00:00:00,76.5,91,73.7,0.0,1007.8,11.5,20.4,3,2022-05-09,0
2022-05-09 01:00:00,76.6,91,73.7,0.0,1007.9,11.1,20.8,3,2022-05-09,1
2022-05-09 02:00:00,76.6,90,73.6,0.0,1007.9,10.6,19.7,3,2022-05-09,2
2022-05-09 03:00:00,77.2,89,73.6,0.0,1007.5,10.4,19.2,3,2022-05-09,3
2022-05-09 04:00:00,77.2,89,73.7,0.0,1007.9,9.3,18.3,3,2022-05-09,4
2022-05-09 05:00:00,76.9,90,73.8,0.0,1008.3,9.3,16.6,3,2022-05-09,5
2022-05-09 06:00:00,77.1,89,73.6,0.0,1008.7,9.8,17.2,3,2022-05-09,6
2022-05-09 07:00:00,77.5,90,74.5,0.0,1009.1,8.5,17.2,0,2022-05-09,7
2022-05-09 08:00:00,78.8,86,74.2,0.004,1009.8,10.5,18.1,51,2022-05-09,8
2022-05-09 09:00:00,81.9,76,73.5,0.004,1010.5,12.5,23.3,51,2022-05-09,9
2022-05-09 10:00:00,85.1,66,72.5,0.0,1010.9,12.5,23.9,1,2022-05-09,10
2022-05-09 11:00:00,88.1,58,71.6,0.0,1011.2,13.3,25.5,1,2022-05-09,11
2022-05-09 12:00:00,90.1,54,71.0,0.0,1011.5,13.4,26.4,1,2022-05-09,12
2022-05-09 13:00:00,91.9,49,69.8,0.0,1011.3,13.8,27.1,1,2022-05-09,13
2022-05-09 14:00:00,92.7,47,69.5,0.0,1010.9,14.5,28.6,0,2022-05-09,14
2022-05-09 15:00:00,92.6,47,69.3,0.0,1010.6,14.6,28.9,1,2022-05-09,15
2022-05-09 16:00:00,91.3,49,69.5,0.0,1010.1,15.5,30.0,0,2022-05-09,16
2022-05-09 17:00:00,89.2,54,70.3,0.0,1010.0,15.4,30.2,0,2022-05-09,17
2022-05-09 18:00:00,87.0,59,70.7,0.0,1010.1,15.3,29.3,1,2022-05-09,18
2022-05-09 19:00:00,84.4,71,73.8,0.0,1010.9,13.2,28.4,0,2022-05-09,19
2022-05-09 20:00:00,81.2,79,74.2,0.0,1011.3,12.0,24.4,0,2022-05-09,20
2022-05-09 21:00:00,78.9,88,75.1,0.0,1012.4,10.8,21.3,0,2022-05-09,21
2022-05-09 22:00:00,78.2,91,75.3,0.0,1013.5,9.8,18.8,1,2022-05-09,22
2022-05-09 23:00:00,78.0,91,75.2,0.0,1014.1,10.4,18.1,3,2022-05-09,23
2022-05-10 00:00:00,78.7,88,74.8,0.0,1014.5,11.7,20.6,3,2022-05-10,0
2022-05-10 01:00:00,78.4,87,74.4,0.0,1014.3,12.5,22.1,3,2022-05-10,1
2022-05-10 02:00:00,78.3,86,73.7,0.0,1014.0,12.7,22.6,3,2022-05-10,2
2022-05-10 03:00:00,77.6,86,73.1,0.0,1013.9,11.9,22.6,3,2022-05-10,3
2022-05-10 04:00:00,76.9,87,72.6,0.0,1014.1,10.0,21.3,3,2022-05-10,4
2022-05-10 05:00:00,76.9,86,72.4,0.0,1014.9,8.3,17.4,3,2022-05-10,5
2022-05-10 06:00:00,76.9,84,71.9,0.0,1015.5,8.0,14.3,3,2022-05-10,6
2022-05-10 07:00:00,77.4,86,72.9,0.0,1015.9,8.1,14.3,3,2022-05-10,7
2022-05-10 08:00:00,78.6,81,72.3,0.0,1016.7,10.6,19.0,3,2022-05-10,8
2022-05-10 09:00:00,81.1,74,71.9,0.0,1017.4,11.7,22.1,1,2022-05-10,9
2022-05-10 10:00:00,84.1,65,71.1,0.0,1018.3,11.8,23.0,1,2022-05-10,10
2022-05-10 11:00:00,86.3,58,69.7,0.0,1018.7,11.8,23.9,1,2022-05-10,11
2022-05-10 12:00:00,87.9,55,69.9,0.0,1018.6,11.7,24.2,1,2022-05-10,12
2022-05-10 13:00:00,88.7,53,69.5,0.0,1018.5,12.4,25.1,1,2022-05-10,13
2022-05-10 14:00:00,89.2,50,68.4,0.0,1017.9,12.2,25.5,0,2022-05-10,14
2022-05-10 15:00:00,89.2,49,67.3,0.0,1017.5,11.9,25.1,0,2022-05-10,15
2022-05-10 16:00:00,88.7,48,66.7,0.0,1016.8,12.0,24.6,0,2022-05-10,16
2022-05-10 17:00:00,87.0,52,67.3,0.0,1016.0,13.0,25.5,0,2022-05-10,17
2022-05-10 18:00:00,84.6,58,68.4,0.0,1015.8,13.8,26.4,0,2022-05-10,18
2022-05-10 19:00:00,82.5,67,70.2,0.0,1016.6,12.0,26.2,0,2022-05-10,19
2022-05-10 20:00:00,79.9,74,71.0,0.0,1016.7,10.9,22.1,1,2022-05-10,20
2022-05-10 21:00:00,78.2,84,72.8,0.0,1018.2,9.7,19.2,3,2022-05-10,21
2022-05-10 22:00:00,77.6,86,73.2,0.0,1018.7,9.3,17.4,3,2022-05-10,22
2022-05-10 23:00:00,77.3,88,73.3,0.0,1019.4,7.2,16.3,3,2022-05-10,23
2022-05-11 00:00:00,76.9,88,73.2,0.004,1019.9,6.9,12.3,51,2022-05-11,0
2022-05-11 01:00:00,76.3,90,73.0,0.004,1019.9,6.0,12.1,51,2022-05-11,1
2022-05-11 02:00:00,75.3,93,73.0,0.0,1018.9,7.4,13.6,3,2022-05-11,2
2022-05-11 03:00:00,74.5,96,73.1,0.0,1018.8,5.9,12.5,3,2022-05-11,3
2022-05-11 04:00:00,73.8,97,72.9,0.0,1017.9,6.7,12.1,3,2022-05-11,4
2022-05-11 05:00:00,73.0,98,72.4,0.0,1018.2,4.6,11.2,3,2022-05-11,5
2022-05-11 06:00:00,72.7,98,72.1,0.0,1018.3,5.6,9.4,3,2022-05-11,6
2022-05-11 07:00:00,74.8,98,74.2,0.0,1019.3,4.2,10.1,3,2022-05-11,7
2022-05-11 08:00:00,76.9,89,73.4,0.0,1020.1,4.2,8.7,1,2022-05-11,8
2022-05-11 09:00:00,79.5,80,72.8,0.0,1020.3,5.4,12.3,1,2022-05-11,9
2022-05-11 10:00:00,82.6,70,71.7,0.0,1020.1,6.3,14.5,0,2022-05-11,10
2022-05-11 11:00:00,85.9,59,70.0,0.0,1020.1,7.8,17.4,1,2022-05-11,11
2022-05-11 12:00:00,88.5,51,68.2,0.0,1019.6,8.7,19.0,2,2022-05-11,12
2022-05-11 13:00:00,89.3,50,68.4,0.0,1019.1,11.1,23.0,2,2022-05-11,13
2022-05-11 14:00:00,88.7,52,68.9,0.0,1018.8,12.0,25.1,1,2022-05-11,14
2022-05-11 15:00:00,88.2,52,68.4,0.0,1018.5,11.2,24.8,1,2022-05-11,15
2022-05-11 16:00:00,87.5,50,66.6,0.0,1018.1,11.9,24.2,0,2022-05-11,16
2022-05-11 17:00:00,86.2,51,65.8,0.0,1017.6,11.9,24.4,0,2022-05-11,17
2022-05-11 18:00:00,84.4,53,65.6,0.0,1017.2,11.6,23.9,0,2022-05-11,18
2022-05-11 19:00:00,82.5,62,68.4,0.0,1017.8,9.0,22.6,0,2022-05-11,19
2022-05-11 20:00:00,79.2,70,68.7,0.0,1017.9,7.0,16.8,0,2022-05-11,20
2022-05-11 21:00:00,76.6,79,69.6,0.0,1018.2,7.1,12.1,0,2022-05-11,21
2022-05-11 22:00:00,74.8,88,70.9,0.0,1018.6,7.0,12.3,0,2022-05-11,22
2022-05-11 23:00:00,73.7,92,71.3,0.0,1019.0,5.8,11.9,0,2022-05-11,23
2022-05-12 00:00:00,72.6,96,71.2,0.0,1018.7,4.7,9.6,1,2022-05-12,0
2022-05-12 01:00:00,71.6,97,70.7,0.0,1018.7,4.2,7.6,1,2022-05-12,1
2022-05-12 02:00:00,70.8,98,70.2,0.0,1018.2,3.4,7.4,0,2022-05-12,2
2022-05-12 03:00:00,69.0,100,69.0,0.0,1017.6,3.7,5.4,0,2022-05-12,3
2022-05-12 04:00:00,68.8,100,68.8,0.0,1017.2,3.3,5.6,3,2022-05-12,4
2022-05-12 05:00:00,68.9,100,68.9,0.0,1017.2,2.9,5.8,3,2022-05-12,5
2022-05-12 06:00:00,68.5,100,68.5,0.0,1017.6,2.3,4.7,3,2022-05-12,6
2022-05-12 07:00:00,70.6,99,70.3,0.0,1018.4,3.2,6.5,3,2022-05-12,7
2022-05-12 08:00:00,71.3,98,70.6,0.0,1018.5,2.6,7.2,3,2022-05-12,8
2022-05-12 09:00:00,75.2,86,70.7,0.0,1018.6,3.4,9.4,1,2022-05-12,9
2022-05-12 10:00:00,80.2,70,69.3,0.0,1018.5,5.2,13.2,1,2022-05-12,10
2022-05-12 11:00:00,83.0,61,68.0,0.0,1018.4,5.3,13.9,0,2022-05-12,11
2022-05-12 12:00:00,86.0,53,66.9,0.0,1017.4,6.3,15.9,0,2022-05-12,12
2022-05-12 13:00:00,88.9,43,63.4,0.0,1016.4,8.2,18.8,0,2022-05-12,13
2022-05-12 14:00:00,90.2,35,59.3,0.0,1015.7,10.0,21.5,0,2022-05-12,14
2022-05-12 15:00:00,90.1,33,57.5,0.0,1015.1,10.7,22.8,0,2022-05-12,15
2022-05-12 16:00:00,89.7,33,56.7,0.0,1014.3,10.5,22.8,0,2022-05-12,16
2022-05-12 17:00:00,88.3,39,60.0,0.0,1013.6,11.0,22.1,0,2022-05-12,17
2022-05-12 18:00:00,86.2,44,61.8,0.0,1013.4,11.2,22.1,0,2022-05-12,18
2022-05-12 19:00:00,83.9,48,62.2,0.0,1013.7,9.1,21.7,0,2022-05-12,19
2022-05-12 20:00:00,80.1,57,63.4,0.0,1013.8,8.1,16.8,1,2022-05-12,20
2022-05-12 21:00:00,76.9,66,64.7,0.0,1014.4,8.1,14.1,0,2022-05-12,21
2022-05-12 22:00:00,74.5,77,66.9,0.0,1014.6,8.7,15.0,0,2022-05-12,22
2022-05-12 23:00:00,72.9,84,67.6,0.0,1014.8,7.9,14.8,0,2022-05-12,23
2022-05-13 00:00:00,71.8,87,67.6,0.0,1014.3,6.7,13.6,0,2022-05-13,0
2022-05-13 01:00:00,70.2,92,67.8,0.0,1013.8,4.9,11.4,0,2022-05-13,1
2022-05-13 02:00:00,69.3,95,67.7,0.0,1013.5,4.1,8.1,0,2022-05-13,2
2022-05-13 03:00:00,68.4,97,67.5,0.0,1013.0,3.8,6.5,0,2022-05-13,3
2022-05-13 04:00:00,67.0,98,66.6,0.0,1013.1,4.2,6.3,0,2022-05-13,4
2022-05-13 05:00:00,66.1,99,65.9,0.0,1013.0,4.7,5.8,0,2022-05-13,5
2022-05-13 06:00:00,65.7,100,65.7,0.0,1013.3,4.7,5.6,0,2022-05-13,6
2022-05-13 07:00:00,70.9,93,68.8,0.0,1013.5,4.6,5.8,3,2022-05-13,7
2022-05-13 08:00:00,74.0,85,69.2,0.0,1013.9,7.5,13.4,3,2022-05-13,8
2022-05-13 09:00:00,77.5,73,68.2,0.0,1014.2,8.2,17.2,1,2022-05-13,9
2022-05-13 10:00:00,81.4,63,67.6,0.0,1014.2,7.3,16.8,0,2022-05-13,10
2022-05-13 11:00:00,85.7,52,65.8,0.0,1014.3,7.7,17.2,2,2022-05-13,11
2022-05-13 12:00:00,88.2,46,64.9,0.0,1014.3,7.3,17.4,1,2022-05-13,12
2022-05-13 13:00:00,89.9,44,64.9,0.0,1013.9,7.3,17.4,1,2022-05-13,13
2022-05-13 14:00:00,90.9,42,64.8,0.0,1013.1,6.9,17.4,0,2022-05-13,14
2022-05-13 15:00:00,92.3,39,64.0,0.0,1011.9,7.2,17.2,0,2022-05-13,15
2022-05-13 16:00:00,92.9,38,63.7,0.0,1010.6,7.2,17.2,0,2022-05-13,16
2022-05-13 17:00:00,92.5,39,64.0,0.0,1009.7,9.3,19.2,0,2022-05-13,17
2022-05-13 18:00:00,89.6,45,65.6,0.0,1010.0,11.3,21.7,2,2022-05-13,18
2022-05-13 19:00:00,88.1,50,66.8,0.0,1010.4,4.9,21.9,3,2022-05-13,19
2022-05-13 20:00:00,84.0,59,67.9,0.0,1010.8,5.6,8.7,1,2022-05-13,20
2022-05-13 21:00:00,81.7,63,67.9,0.0,1011.4,11.5,19.2,0,2022-05-13,21
2022-05-13 22:00:00,78.5,70,68.1,0.0,1012.9,10.3,21.0,0,2022-05-13,22
2022-05-13 23:00:00,76.3,77,68.7,0.0,1014.2,9.3,17.9,0,2022-05-13,23
2022-05-14 00:00:00,75.1,82,69.1,0.0,1014.3,8.9,16.1,0,2022-05-14,0
2022-05-14 01:00:00,74.3,84,69.1,0.0,1014.0,7.1,15.4,0,2022-05-14,1
2022-05-14 02:00:00,73.4,85,68.6,0.0,1013.6,5.6,12.1,0,2022-05-14,2
2022-05-14 03:00:00,72.1,88,68.3,0.0,1013.4,3.8,9.4,0,2022-05-14,3
2022-05-14 04:00:00,71.5,89,68.0,0.0,1013.2,4.2,6.7,0,2022-05-14,4
2022-05-14 05:00:00,71.1,90,67.8,0.0,1012.9,5.2,8.3,0,2022-05-14,5
2022-05-14 06:00:00,70.5,91,67.8,0.0,1012.9,5.1,9.2,0,2022-05-14,6
2022-05-14 07:00:00,72.1,90,68.9,0.0,1012.8,4.7,8.3,0,2022-05-14,7
2022-05-14 08:00:00,74.7,83,69.3,0.0,1014.2,0.4,7.2,3,2022-05-14,8
2022-05-14 09:00:00,76.6,78,69.2,0.0,1014.9,2.9,7.4,3,2022-05-14,9
2022-05-14 10:00:00,77.3,75,68.8,0.0,1015.2,5.4,11.6,3,2022-05-14,10
2022-05-14 11:00:00,81.6,63,68.0,0.0,1015.7,7.4,18.1,3,2022-05-14,11
2022-05-14 12:00:00,85.3,54,66.7,0.0,1015.7,5.3,15.4,3,2022-05-14,12
2022-05-14 13:00:00,88.2,47,65.4,0.0,1014.9,6.1,16.1,2,2022-05-14,13
2022-05-14 14:00:00,89.9,44,64.8,0.0,1014.0,5.5,15.2,1,2022-05-14,14
2022-05-14 15:00:00,91.4,40,63.5,0.0,1012.7,5.4,15.7,0,2022-05-14,15
2022-05-14 16:00:00,91.8,39,63.3,0.0,1012.6,3.3,14.8,2,2022-05-14,16
2022-05-14 17:00:00,86.5,45,62.8,0.0,1012.9,9.6,20.1,3,2022-05-14,17
2022-05-14 18:00:00,81.8,61,67.2,0.028,1013.8,5.0,20.1,53,2022-05-14,18
2022-05-14 19:00:00,85.6,53,66.3,0.0,1012.0,8.8,11.0,3,2022-05-14,19
2022-05-14 20:00:00,82.7,58,66.2,0.0,1012.9,5.8,15.4,3,2022-05-14,20
2022-05-14 21:00:00,79.5,68,67.9,0.0,1013.1,10.2,17.9,3,2022-05-14,21
2022-05-14 22:00:00,77.7,73,68.3,0.0,1014.1,8.8,17.9,3,2022-05-14,22
2022-05-14 23:00:00,76.1,78,68.6,0.0,1014.2,9.7,17.2,3,2022-05-14,23
2022-05-15 00:00:00,74.7,82,68.6,0.0,1014.7,6.5,16.8,0,2022-05-15,0
2022-05-15 01:00:00,73.5,85,68.6,0.0,1015.2,4.6,10.7,0,2022-05-15,1
2022-05-15 02:00:00,72.8,87,68.5,0.0,1014.6,5.1,8.5,0,2022-05-15,2
2022-05-15 03:00:00,72.1,88,68.4,0.0,1014.3,4.9,8.7,0,2022-05-15,3
2022-05-15 04:00:00,71.3,90,68.4,0.0,1013.7,5.8,9.6,0,2022-05-15,4
2022-05-15 05:00:00,70.5,93,68.4,0.0,1013.6,5.2,9.6,0,2022-05-15,5
2022-05-15 06:00:00,69.8,95,68.2,0.0,1014.0,4.6,8.5,0,2022-05-15,6
2022-05-15 07:00:00,70.5,95,69.1,0.0,1014.6,3.8,7.8,0,2022-05-15,7
2022-05-15 08:00:00,74.4,86,69.8,0.0,1015.6,2.2,7.8,3,2022-05-15,8
2022-05-15 09:00:00,76.9,80,70.2,0.004,1015.9,4.3,9.2,51,2022-05-15,9
2022-05-15 10:00:00,80.6,69,69.3,0.004,1016.2,5.8,14.8,51,2022-05-15,10
2022-05-15 11:00:00,83.6,60,68.1,0.0,1016.3,3.2,13.9,1,2022-05-15,11
2022-05-15 12:00:00,86.4,52,66.9,0.0,1015.5,4.7,13.2,1,2022-05-15,12
2022-05-15 13:00:00,88.8,45,65.0,0.0,1014.9,5.1,14.5,1,2022-05-15,13
2022-05-15 14:00:00,90.1,43,64.6,0.0,1014.0,4.8,14.3,0,2022-05-15,14
2022-05-15 15:00:00,91.3,40,64.0,0.0,1012.8,5.6,14.8,0,2022-05-15,15
2022-05-15 16:00:00,92.4,38,63.0,0.0,1011.5,6.0,15.0,0,2022-05-15,16
2022-05-15 17:00:00,92.8,37,62.6,0.0,1010.4,6.4,15.0,0,2022-05-15,17
2022-05-15 18:00:00,92.4,36,61.9,0.0,1009.9,5.9,14.5,1,2022-05-15,18
2022-05-15 19:00:00,89.1,46,65.8,0.0,1010.9,7.9,12.3,2,2022-05-15,19
2022-05-15 20:00:00,86.0,51,66.0,0.0,1010.9,6.5,14.5,0,2022-05-15,20
2022-05-15 21:00:00,82.2,63,68.2,0.0,1012.0,11.3,18.8,3,2022-05-15,21
2022-05-15 22:00:00,79.1,73,69.6,0.0,1012.9,11.0,20.4,3,2022-05-15,22
2022-05-15 23:00:00,77.6,77,69.8,0.0,1013.7,9.5,19.5,3,2022-05-15,23
2022-05-16 00:00:00,76.3,81,70.1,0.0,1013.8,7.5,16.6,3,2022-05-16,0
2022-05-16 01:00:00,75.5,83,69.9,0.0,1013.1,8.8,15.0,3,2022-05-16,1
2022-05-16 02:00:00,74.7,85,69.7,0.0,1013.3,7.5,15.2,3,2022-05-16,2
2022-05-16 03:00:00,74.1,86,69.5,0.0,1012.9,9.1,15.4,3,2022-05-16,3
2022-05-16 04:00:00,73.6,86,69.3,0.0,1012.7,8.5,15.9,3,2022-05-16,4
2022-05-16 05:00:00,72.9,88,69.2,0.0,1012.7,7.0,14.5,0,2022-05-16,5
2022-05-16 06:00:00,70.5,95,68.9,0.0,1013.1,4.0,11.6,0,2022-05-16,6
2022-05-16 07:00:00,72.1,93,70.1,0.0,1013.6,5.8,5.8,0,2022-05-16,7
2022-05-16 08:00:00,75.5,85,70.5,0.0,1014.3,6.5,11.2,3,2022-05-16,8
2022-05-16 09:00:00,79.9,72,69.9,0.0,1014.7,9.3,18.1,1,2022-05-16,9
2022-05-16 10:00:00,83.0,63,69.0,0.0,1014.2,11.9,23.7,0,2022-05-16,10
2022-05-16 11:00:00,87.1,53,68.1,0.0,1014.4,10.8,23.7,0,2022-05-16,11
2022-05-16 12:00:00,89.7,49,67.7,0.0,1015.0,4.9,22.6,0,2022-05-16,12
2022-05-16 13:00:00,91.3,45,66.8,0.0,1014.4,2.9,13.9,0,2022-05-16,13
2022-05-16 14:00:00,92.8,42,66.4,0.0,1013.7,0.9,11.4,0,2022-05-16,14
2022-05-16 15:00:00,93.7,40,66.0,0.0,1012.9,0.7,8.7,0,2022-05-16,15
2022-05-16 16:00:00,94.2,39,65.3,0.0,1012.1,1.6,8.9,1,2022-05-16,16
2022-05-16 17:00:00,93.7,39,64.9,0.0,1011.4,1.4,8.7,0,2022-05-16,17
2022-05-16 18:00:00,92.8,38,63.7,0.0,1011.3,5.8,12.3,0,2022-05-16,18
2022-05-16 19:00:00,86.0,61,71.0,0.0,1012.1,6.1,14.8,1,2022-05-16,19
2022-05-16 20:00:00,84.3,69,73.0,0.0,1012.4,4.5,11.6,3,2022-05-16,20
2022-05-16 21:00:00,82.5,71,72.3,0.0,1013.1,7.7,11.9,1,2022-05-16,21
2022-05-16 22:00:00,80.5,73,71.2,0.0,1013.8,9.2,17.0,1,2022-05-16,22
2022-05-16 23:00:00,78.9,76,70.5,0.0,1014.1,8.2,15.9,3,2022-05-16,23
2022-05-17 00:00:00,77.4,79,70.4,0.0,1014.9,6.9,14.1,0,2022-05-17,0
2022-05-17 01:00:00,76.2,82,70.4,0.0,1014.9,6.6,11.9,2,2022-05-17,1
2022-05-17 02:00:00,75.0,86,70.5,0.0,1014.5,5.5,11.2,1,2022-05-17,2
2022-05-17 03:00:00,73.8,90,70.6,0.0,1014.1,5.0,9.2,0,2022-05-17,3
2022-05-17 04:00:00,72.8,93,70.7,0.0,1013.8,5.1,8.5,0,2022-05-17,4
2022-05-17 05:00:00,72.0,96,70.8,0.0,1013.9,4.8,8.5,0,2022-05-17,5
2022-05-17 06:00:00,71.4,97,70.5,0.0,1014.3,4.1,7.8,0,2022-05-17,6
2022-05-17 07:00:00,71.7,99,71.3,0.0,1014.7,3.8,7.2,0,2022-05-17,7
2022-05-17 08:00:00,75.4,88,71.7,0.0,1015.3,7.8,15.2,2,2022-05-17,8
2022-05-17 09:00:00,78.3,77,70.6,0.0,1016.0,6.6,15.2,1,2022-05-17,9
2022-05-17 10:00:00,81.6,67,69.4,0.0,1016.7,3.6,14.1,2,2022-05-17,10
2022-05-17 11:00:00,84.6,60,69.3,0.0,1016.7,4.2,12.1,1,2022-05-17,11
2022-05-17 12:00:00,87.4,53,68.4,0.0,1016.4,6.7,16.3,0,2022-05-17,12
2022-05-17 13:00:00,90.1,49,68.4,0.0,1015.7,8.0,18.8,0,2022-05-17,13
2022-05-17 14:00:00,92.4,45,67.7,0.0,1015.0,8.1,19.0,0,2022-05-17,14
2022-05-17 15:00:00,94.2,41,67.1,0.0,1014.0,8.1,18.6,0,2022-05-17,15
2022-05-17 16:00:00,94.6,39,65.6,0.0,1013.1,9.9,20.8,0,2022-05-17,16
2022-05-17 17:00:00,92.8,42,66.6,0.0,1012.6,12.1,23.9,0,2022-05-17,17
2022-05-17 18:00:00,90.1,47,66.9,0.0,1012.4,13.2,25.1,0,2022-05-17,18
2022-05-17 19:00:00,86.2,58,69.6,0.0,1013.1,11.9,25.1,0,2022-05-17,19
2022-05-17 20:00:00,83.3,62,69.1,0.0,1013.4,9.4,21.7,0,2022-05-17,20
2022-05-17 21:00:00,80.5,68,69.0,0.0,1013.8,9.4,16.8,0,2022-05-17,21
2022-05-17 22:00:00,78.2,74,69.3,0.0,1014.1,10.2,17.9,0,2022-05-17,22
2022-05-17 23:00:00,76.3,82,70.2,0.0,1014.5,8.8,17.7,0,2022-05-17,23
2022-05-18 00:00:00,75.1,87,70.9,0.0,1014.4,8.9,15.2,1,2022-05-18,0
2022-05-18 01:00:00,74.5,87,70.5,0.0,1014.0,9.0,16.3,1,2022-05-18,1
2022-05-18 02:00:00,73.8,90,70.6,0.0,1013.5,8.7,15.7,1,2022-05-18,2
2022-05-18 03:00:00,73.3,92,70.9,0.0,1013.1,8.8,15.2,0,2022-05-18,3
2022-05-18 04:00:00,73.0,94,71.2,0.0,1013.2,8.5,15.2,1,2022-05-18,4
2022-05-18 05:00:00,73.1,94,71.3,0.0,1013.5,7.8,14.5,1,2022-05-18,5
2022-05-18 06:00:00,72.9,94,71.2,0.0,1013.8,6.8,13.2,1,2022-05-18,6
2022-05-18 07:00:00,76.3,86,71.9,0.0,1014.4,8.0,11.6,3,2022-05-18,7
2022-05-18 08:00:00,77.9,80,71.3,0.0,1015.0,9.6,16.6,3,2022-05-18,8
2022-05-18 09:00:00,80.6,71,70.3,0.0,1015.2,10.3,20.1,3,2022-05-18,9
2022-05-18 10:00:00,84.6,61,69.4,0.0,1014.7,10.7,21.5,2,2022-05-18,10
2022-05-18 11:00:00,88.2,53,68.6,0.0,1014.3,11.4,23.3,3,2022-05-18,11
2022-05-18 12:00:00,91.3,44,66.4,0.0,1013.8,12.1,24.8,2,2022-05-18,12
2022-05-18 13:00:00,94.0,36,63.3,0.0,1013.5,12.3,25.3,0,2022-05-18,13
2022-05-18 14:00:00,95.4,33,61.7,0.0,1012.8,12.5,25.5,0,2022-05-18,14
2022-05-18 15:00:00,95.7,32,60.8,0.0,1012.1,13.4,26.6,0,2022-05-18,15
2022-05-18 16:00:00,94.9,33,61.1,0.0,1011.4,13.4,26.8,0,2022-05-18,16
2022-05-18 17:00:00,93.0,36,62.4,0.0,1010.8,13.9,27.1,0,2022-05-18,17
2022-05-18 18:00:00,90.1,43,64.8,0.0,1010.6,14.2,27.3,0,2022-05-18,18
2022-05-18 19:00:00,85.9,55,68.0,0.0,1011.0,12.1,26.6,0,2022-05-18,19
2022-05-18 20:00:00,82.9,61,68.1,0.0,1011.0,10.6,22.1,0,2022-05-18,20
2022-05-18 21:00:00,81.1,64,67.9,0.0,1011.2,10.9,18.8,0,2022-05-18,21
2022-05-18 22:00:00,78.7,77,70.9,0.0,1011.9,12.4,21.7,0,2022-05-18,22
2022-05-18 23:00:00,77.2,86,72.7,0.0,1012.6,10.8,21.9,0,2022-05-18,23
2022-05-19 00:00:00,76.6,89,73.2,0.0,1012.6,9.9,19.0,2,2022-05-19,0
2022-05-19 01:00:00,76.9,87,72.9,0.0,1012.2,9.6,17.4,1,2022-05-19,1
2022-05-19 02:00:00,76.4,87,72.3,0.0,1011.4,10.7,18.6,0,2022-05-19,2
2022-05-19 03:00:00,75.8,87,71.6,0.0,1011.0,9.6,18.8,0,2022-05-19,3
2022-05-19 04:00:00,75.1,87,71.1,0.0,1010.7,9.4,17.0,0,2022-05-19,4
2022-05-19 05:00:00,74.4,87,70.4,0.0,1011.1,7.4,16.3,1,2022-05-19,5
2022-05-19 06:00:00,74.0,87,70.0,0.0,1011.0,8.3,14.1,1,2022-05-19,6
2022-05-19 07:00:00,77.4,83,71.9,0.0,1011.0,9.8,15.7,0,2022-05-19,7
2022-05-19 08:00:00,78.7,79,71.6,0.0,1011.6,11.6,20.4,1,2022-05-19,8
2022-05-19 09:00:00,81.7,68,70.2,0.004,1011.9,13.5,24.6,51,2022-05-19,9
2022-05-19 10:00:00,84.7,60,69.1,0.0,1011.6,13.5,26.6,0,2022-05-19,10
2022-05-19 11:00:00,87.4,53,68.4,0.0,1011.1,11.4,26.2,1,2022-05-19,11
2022-05-19 12:00:00,90.1,47,66.9,0.0,1010.6,11.4,23.7,1,2022-05-19,12
2022-05-19 13:00:00,91.9,43,66.2,0.0,1009.6,12.6,25.9,1,2022-05-19,13
2022-05-19 14:00:00,92.7,41,65.4,0.0,1008.5,14.2,28.2,2,2022-05-19,14
2022-05-19 15:00:00,92.3,42,65.8,0.0,1007.5,15.2,30.0,0,2022-05-19,15
2022-05-19 16:00:00,91.0,45,66.5,0.0,1006.7,16.0,30.9,0,2022-05-19,16
2022-05-19 17:00:00,89.2,48,66.8,0.0,1006.0,16.6,31.5,2,2022-05-19,17
2022-05-19 18:00:00,86.6,51,66.1,0.0,1005.5,16.8,31.5,2,2022-05-19,18
2022-05-19 19:00:00,85.3,55,67.6,0.0,1005.9,14.0,31.3,0,2022-05-19,19
2022-05-19 20:00:00,80.8,72,70.9,0.0,1006.1,14.6,28.0,2,2022-05-19,20
2022-05-19 21:00:00,79.7,73,70.4,0.0,1006.4,12.8,25.5,1,2022-05-19,21
2022-05-19 22:00:00,78.1,80,71.5,0.0,1007.1,11.1,23.0,3,2022-05-19,22
2022-05-19 23:00:00,76.9,86,72.3,0.0,1007.5,9.7,19.5,3,2022-05-19,23
2022-05-20 00:00:00,77.2,87,72.9,0.0,1007.1,10.4,18.3,3,2022-05-20,0
2022-05-20 01:00:00,77.8,86,73.1,0.0,1006.8,11.6,21.0,3,2022-05-20,1
2022-05-20 02:00:00,77.4,86,72.9,0.0,1006.3,12.3,21.7,3,2022-05-20,2
2022-05-20 03:00:00,76.4,89,72.8,0.0,1006.0,11.0,21.7,3,2022-05-20,3
2022-05-20 04:00:00,76.4,88,72.5,0.0,1005.5,11.6,20.6,3,2022-05-20,4
2022-05-20 05:00:00,76.2,88,72.5,0.0,1005.4,11.7,20.6,1,2022-05-20,5
2022-05-20 06:00:00,76.2,88,72.3,0.0,1005.4,12.0,21.3,1,2022-05-20,6
2022-05-20 07:00:00,78.0,88,74.3,0.0,1005.8,10.8,21.9,1,2022-05-20,7
2022-05-20 08:00:00,79.8,81,73.4,0.0,1006.3,13.5,23.9,1,2022-05-20,8
2022-05-20 09:00:00,82.7,71,72.1,0.0,1006.5,13.9,26.6,1,2022-05-20,9
2022-05-20 10:00:00,86.4,59,70.3,0.0,1006.6,15.7,28.2,1,2022-05-20,10
2022-05-20 11:00:00,88.9,52,68.8,0.0,1006.5,17.7,34.7,1,2022-05-20,11
2022-05-20 12:00:00,91.6,47,68.6,0.0,1006.2,17.0,33.1,1,2022-05-20,12
2022-05-20 13:00:00,93.8,42,67.4,0.0,1005.9,17.9,36.5,1,2022-05-20,13
2022-05-20 14:00:00,94.4,41,66.9,0.0,1005.5,18.2,36.5,1,2022-05-20,14
2022-05-20 15:00:00,94.2,41,66.8,0.0,1005.1,17.6,35.1,1,2022-05-20,15
2022-05-20 16:00:00,92.8,41,65.8,0.0,1004.6,18.6,35.1,1,2022-05-20,16
2022-05-20 17:00:00,91.3,45,67.2,0.0,1004.3,17.7,35.1,0,2022-05-20,17
2022-05-20 18:00:00,88.7,54,69.7,0.0,1003.9,18.0,33.6,0,2022-05-20,18
2022-05-20 19:00:00,86.3,59,70.4,0.0,1005.5,15.8,34.0,0,2022-05-20,19
2022-05-20 20:00:00,82.9,70,72.3,0.0,1006.3,15.8,31.3,3,2022-05-20,20
2022-05-20 21:00:00,81.4,77,73.7,0.0,1006.7,15.3,28.4,3,2022-05-20,21
2022-05-20 22:00:00,80.5,82,74.6,0.0,1007.7,13.4,27.3,3,2022-05-20,22
2022-05-20 23:00:00,80.2,85,75.2,0.0,1007.3,13.6,24.2,3,2022-05-20,23
2022-05-21 00:00:00,79.5,88,75.6,0.0,1008.4,9.4,23.9,3,2022-05-21,0
2022-05-21 01:00:00,79.4,89,75.7,0.0,1008.6,7.6,16.3,3,2022-05-21,1
2022-05-21 02:00:00,79.8,86,75.4,0.0,1008.8,7.9,14.5,3,2022-05-21,2
2022-05-21 03:00:00,79.7,86,75.1,0.0,1008.4,8.8,15.4,3,2022-05-21,3
2022-05-21 04:00:00,79.2,86,74.8,0.0,1008.1,11.8,20.6,1,2022-05-21,4
2022-05-21 05:00:00,78.4,90,75.1,0.0,1008.4,12.0,21.7,3,2022-05-21,5
2022-05-21 06:00:00,78.6,89,75.0,0.0,1009.2,10.5,21.0,2,2022-05-21,6
2022-05-21 07:00:00,79.7,89,76.0,0.0,1009.5,10.6,18.3,1,2022-05-21,7
2022-05-21 08:00:00,81.7,81,75.4,0.004,1010.6,13.4,23.7,51,2022-05-21,8
2022-05-21 09:00:00,84.3,71,73.9,0.004,1011.4,14.1,26.2,51,2022-05-21,9
2022-05-21 10:00:00,87.0,64,73.2,0.0,1011.7,14.2,27.7,2,2022-05-21,10
2022-05-21 11:00:00,90.4,54,71.6,0.004,1012.1,13.8,27.1,51,2022-05-21,11
2022-05-21 12:00:00,91.8,51,71.2,0.008,1011.9,14.0,27.5,51,2022-05-21,12
2022-05-21 13:00:00,92.4,50,71.1,0.008,1011.5,13.4,27.5,51,2022-05-21,13
2022-05-21 14:00:00,90.0,57,72.6,0.024,1011.2,14.2,28.0,53,2022-05-21,14
2022-05-21 15:00:00,91.3,55,72.9,0.008,1010.3,13.8,28.2,51,2022-05-21,15
2022-05-21 16:00:00,90.6,57,73.2,0.028,1009.6,14.4,28.0,53,2022-05-21,16
2022-05-21 17:00:00,90.4,56,72.6,0.004,1009.4,15.1,28.0,51,2022-05-21,17
2022-05-21 18:00:00,87.3,64,73.8,0.008,1009.6,15.6,29.3,51,2022-05-21,18
2022-05-21 19:00:00,72.8,96,71.5,0.008,1012.4,12.0,28.6,51,2022-05-21,19
2022-05-21 20:00:00,75.6,90,72.5,0.0,1013.7,10.2,19.7,3,2022-05-21,20
2022-05-21 21:00:00,75.6,90,72.4,0.0,1013.8,8.5,19.2,3,2022-05-21,21
2022-05-21 22:00:00,72.7,92,70.3,0.087,1015.8,8.0,14.5,61,2022-05-21,22
2022-05-21 23:00:00,69.6,97,68.6,0.094,1015.0,9.3,21.7,61,2022-05-21,23
2022-05-22 00:00:00,71.4,95,69.9,0.008,1015.1,10.6,17.0,51,2022-05-22,0
2022-05-22 01:00:00,72.0,95,70.3,0.008,1014.9,12.2,22.4,51,2022-05-22,1
2022-05-22 02:00:00,72.1,95,70.5,0.0,1015.7,2.1,20.8,3,2022-05-22,2
2022-05-22 03:00:00,71.9,98,71.2,0.0,1016.5,4.5,10.3,3,2022-05-22,3
2022-05-22 04:00:00,72.2,97,71.2,0.0,1016.4,5.2,9.6,3,2022-05-22,4
2022-05-22 05:00:00,71.8,98,71.2,0.004,1017.0,6.3,10.3,51,2022-05-22,5
2022-05-22 06:00:00,71.9,98,71.2,0.0,1017.2,4.3,11.6,3,2022-05-22,6
2022-05-22 07:00:00,69.2,99,68.8,0.0,1021.6,10.2,7.6,3,2022-05-22,7
2022-05-22 08:00:00,69.3,97,68.4,0.051,1019.4,10.0,20.1,61,2022-05-22,8
2022-05-22 09:00:00,70.0,95,68.4,0.0,1018.8,8.3,17.0,3,2022-05-22,9
2022-05-22 10:00:00,72.9,87,68.9,0.0,1019.3,6.0,15.2,3,2022-05-22,10
2022-05-22 11:00:00,76.1,76,68.1,0.0,1020.2,5.0,13.6,3,2022-05-22,11
2022-05-22 12:00:00,79.9,63,66.4,0.0,1020.0,6.0,14.5,3,2022-05-22,12
2022-05-22 13:00:00,82.9,55,65.0,0.0,1019.1,7.6,17.4,2,2022-05-22,13
2022-05-22 14:00:00,83.9,53,64.9,0.0,1018.3,9.0,19.5,2,2022-05-22,14
2022-05-22 15:00:00,84.9,51,65.0,0.0,1017.7,6.9,19.2,3,2022-05-22,15
2022-05-22 16:00:00,85.1,51,64.9,0.0,1017.0,6.9,15.7,3,2022-05-22,16
2022-05-22 17:00:00,84.8,52,65.0,0.0,1016.7,7.3,15.7,3,2022-05-22,17
2022-05-22 18:00:00,83.3,54,65.0,0.0,1016.8,7.4,15.4,3,2022-05-22,18
2022-05-22 19:00:00,78.9,66,66.5,0.0,1017.2,9.0,15.9,3,2022-05-22,19
2022-05-22 20:00:00,77.0,70,66.5,0.0,1017.5,7.4,17.2,3,2022-05-22,20
2022-05-22 21:00:00,75.1,75,66.6,0.0,1017.5,7.7,13.9,3,2022-05-22,21
2022-05-22 22:00:00,73.6,77,65.9,0.0,1017.8,7.2,13.4,3,2022-05-22,22
2022-05-22 23:00:00,72.7,78,65.6,0.0,1018.5,6.9,12.3,3,2022-05-22,23
2022-05-23 00:00:00,72.1,80,65.4,0.0,1018.7,6.3,11.6,0,2022-05-23,0
2022-05-23 01:00:00,71.4,79,64.5,0.0,1018.3,7.2,12.1,0,2022-05-23,1
2022-05-23 02:00:00,70.7,79,63.8,0.0,1017.7,6.5,12.1,0,2022-05-23,2
2022-05-23 03:00:00,69.5,83,64.0,0.0,1017.2,5.2,11.0,0,2022-05-23,3
2022-05-23 04:00:00,68.5,87,64.6,0.0,1017.2,4.9,8.5,0,2022-05-23,4
2022-05-23 05:00:00,67.6,91,64.8,0.0,1017.5,4.1,8.1,1,2022-05-23,5
2022-05-23 06:00:00,66.8,93,64.7,0.0,1017.7,5.0,8.1,3,2022-05-23,6
2022-05-23 07:00:00,68.8,86,64.5,0.0,1017.9,7.0,10.5,3,2022-05-23,7
2022-05-23 08:00:00,69.3,84,64.4,0.0,1018.5,7.1,13.6,3,2022-05-23,8
2022-05-23 09:00:00,70.6,81,64.7,0.0,1019.2,6.0,13.9,3,2022-05-23,9
2022-05-23 10:00:00,71.5,81,65.2,0.0,1019.2,4.5,12.5,3,2022-05-23,10
2022-05-23 11:00:00,74.5,76,66.3,0.0,1018.4,4.3,11.4,3,2022-05-23,11
2022-05-23 12:00:00,76.6,72,67.0,0.0,1017.5,4.9,12.5,3,2022-05-23,12
2022-05-23 13:00:00,78.3,69,67.3,0.0,1016.5,5.6,13.9,3,2022-05-23,13
2022-05-23 14:00:00,79.6,66,67.1,0.0,1015.7,5.3,13.6,3,2022-05-23,14
2022-05-23 15:00:00,81.2,62,67.0,0.0,1014.5,6.4,14.1,3,2022-05-23,15
2022-05-23 16:00:00,82.3,59,66.6,0.0,1013.4,8.1,16.8,2,2022-05-23,16
2022-05-23 17:00:00,83.0,57,66.2,0.0,1012.3,8.1,17.4,3,2022-05-23,17
2022-05-23 18:00:00,82.2,58,65.8,0.0,1011.9,7.7,16.6,3,2022-05-23,18
2022-05-23 19:00:00,78.1,71,67.7,0.0,1012.8,7.2,14.8,2,2022-05-23,19
2022-05-23 20:00:00,75.7,76,67.6,0.0,1013.0,6.6,13.4,3,2022-05-23,20
2022-05-23 21:00:00,74.1,80,67.6,0.0,1013.6,4.9,11.9,3,2022-05-23,21
2022-05-23 22:00:00,73.1,83,67.6,0.0,1013.5,5.2,8.7,3,2022-05-23,22
2022-05-23 23:00:00,72.1,85,67.5,0.0,1013.4,4.2,8.7,3,2022-05-23,23
2022-05-24 00:00:00,71.6,86,67.2,0.0,1012.5,6.9,11.2,3,2022-05-24,0
2022-05-24 01:00:00,72.1,84,67.1,0.0,1011.2,10.3,17.9,3,2022-05-24,1
2022-05-24 02:00:00,72.9,83,67.3,0.0,1010.5,9.0,17.9,3,2022-05-24,2
2022-05-24 03:00:00,72.2,85,67.6,0.0,1010.6,7.0,15.7,3,2022-05-24,3
2022-05-24 04:00:00,71.9,87,67.6,0.0,1010.3,7.2,12.8,3,2022-05-24,4
2022-05-24 05:00:00,71.6,89,68.1,0.0,1010.2,6.1,12.3,3,2022-05-24,5
2022-05-24 06:00:00,71.6,92,69.3,0.0,1010.1,6.8,11.6,3,2022-05-24,6
2022-05-24 07:00:00,72.4,96,71.3,0.0,1009.3,5.1,12.3,3,2022-05-24,7
2022-05-24 08:00:00,68.5,99,68.2,0.402,1010.8,4.8,11.2,65,2022-05-24,8
2022-05-24 09:00:00,68.4,98,67.7,0.012,1010.4,12.2,21.3,51,2022-05-24,9
2022-05-24 10:00:00,70.9,96,69.8,0.043,1010.2,7.1,21.3,55,2022-05-24,10
2022-05-24 11:00:00,73.6,89,70.2,0.047,1010.1,7.1,14.3,55,2022-05-24,11
2022-05-24 12:00:00,72.6,95,71.0,0.142,1010.3,9.0,19.2,63,2022-05-24,12
2022-05-24 13:00:00,74.3,92,71.8,0.059,1009.6,8.4,18.3,61,2022-05-24,13
2022-05-24 14:00:00,76.8,84,71.6,0.012,1008.7,10.0,18.1,51,2022-05-24,14
2022-05-24 15:00:00,77.1,83,71.6,0.004,1007.5,11.3,20.8,51,2022-05-24,15
2022-05-24 16:00:00,78.8,81,72.5,0.016,1006.7,11.7,27.1,51,2022-05-24,16
2022-05-24 17:00:00,77.5,82,71.6,0.031,1006.2,11.2,28.0,53,2022-05-24,17
2022-05-24 18:00:00,77.6,86,73.1,0.012,1006.0,9.6,22.8,51,2022-05-24,18
2022-05-24 19:00:00,74.8,81,68.4,0.079,1005.2,8.0,21.0,61,2022-05-24,19
2022-05-24 20:00:00,72.9,84,68.0,0.0,1005.1,6.1,14.5,3,2022-05-24,20
2022-05-24 21:00:00,71.6,88,67.9,0.0,1006.4,5.3,9.8,2,2022-05-24,21
2022-05-24 22:00:00,71.3,90,68.1,0.0,1006.8,5.4,8.7,1,2022-05-24,22
2022-05-24 23:00:00,71.3,93,69.1,0.0,1007.3,6.9,11.2,0,2022-05-24,23
2022-05-25 00:00:00,71.6,95,70.1,0.0,1007.1,9.2,15.4,0,2022-05-25,0
2022-05-25 01:00:00,71.6,96,70.2,0.0,1007.5,5.6,15.4,2,2022-05-25,1
2022-05-25 02:00:00,70.0,98,69.4,0.0,1007.3,5.6,9.2,0,2022-05-25,2
2022-05-25 03:00:00,70.8,98,70.1,0.0,1007.8,4.3,6.0,3,2022-05-25,3
2022-05-25 04:00:00,70.4,95,69.0,0.051,1008.9,9.6,20.8,61,2022-05-25,4
2022-05-25 05:00:00,69.4,96,68.4,0.295,1010.3,9.0,25.5,63,2022-05-25,5
2022-05-25 06:00:00,69.5,94,67.7,0.185,1008.4,5.1,18.1,63,2022-05-25,6
2022-05-25 07:00:00,65.0,96,64.0,0.098,1007.5,10.4,18.1,63,2022-05-25,7
2022-05-25 08:00:00,66.6,93,64.6,0.0,1009.3,8.8,17.4,3,2022-05-25,8
2022-05-25 09:00:00,66.8,90,63.8,0.0,1009.4,7.2,17.9,3,2022-05-25,9
2022-05-25 10:00:00,69.3,82,63.8,0.0,1009.6,5.6,15.7,1,2022-05-25,10
2022-05-25 11:00:00,74.0,73,64.8,0.0,1010.0,5.4,14.3,1,2022-05-25,11
2022-05-25 12:00:00,77.4,64,64.4,0.0,1010.6,5.5,14.3,0,2022-05-25,12
2022-05-25 13:00:00,80.2,57,63.9,0.0,1011.0,7.4,16.8,1,2022-05-25,13
2022-05-25 14:00:00,82.1,52,62.8,0.0,1010.9,8.1,17.7,1,2022-05-25,14
2022-05-25 15:00:00,83.1,49,62.1,0.0,1010.4,8.7,18.1,2,2022-05-25,15
2022-05-25 16:00:00,83.0,48,61.4,0.0,1010.1,9.2,18.8,0,2022-05-25,16
2022-05-25 17:00:00,82.5,48,60.8,0.0,1010.0,7.8,19.0,0,2022-05-25,17
2022-05-25 18:00:00,82.1,47,60.0,0.0,1010.0,5.4,16.1,0,2022-05-25,18
2022-05-25 19:00:00,77.6,58,61.9,0.0,1010.3,6.6,11.0,0,2022-05-25,19
2022-05-25 20:00:00,73.2,66,61.2,0.0,1011.3,5.2,11.9,0,2022-05-25,20
2022-05-25 21:00:00,70.4,71,60.7,0.0,1012.4,4.5,8.7,0,2022-05-25,21
2022-05-25 22:00:00,69.0,75,60.6,0.0,1013.6,4.2,7.4,0,2022-05-25,22
2022-05-25 23:00:00,67.9,78,60.6,0.0,1014.4,4.5,6.9,0,2022-05-25,23
2022-05-26 00:00:00,64.8,85,60.3,0.0,1014.6,5.5,7.2,0,2022-05-26,0
2022-05-26 01:00:00,67.0,76,59.2,0.0,1014.4,2.8,6.3,0,2022-05-26,1
2022-05-26 02:00:00,64.9,81,59.0,0.0,1014.2,1.8,3.1,0,2022-05-26,2
2022-05-26 03:00:00,61.2,91,58.5,0.0,1013.8,4.0,5.1,0,2022-05-26,3
2022-05-26 04:00:00,60.5,92,58.2,0.0,1013.5,4.3,5.4,0,2022-05-26,4
2022-05-26 05:00:00,59.9,91,57.4,0.0,1013.4,5.5,6.5,0,2022-05-26,5
2022-05-26 06:00:00,60.1,90,57.2,0.0,1013.8,4.5,6.5,0,2022-05-26,6
2022-05-26 07:00:00,62.6,86,58.3,0.0,1014.5,6.2,6.9,0,2022-05-26,7
2022-05-26 08:00:00,68.4,73,59.6,0.0,1015.1,7.6,12.5,0,2022-05-26,8
2022-05-26 09:00:00,74.3,65,62.0,0.0,1015.5,6.3,12.8,0,2022-05-26,9
2022-05-26 10:00:00,78.9,54,60.8,0.0,1015.5,7.6,15.7,0,2022-05-26,10
2022-05-26 11:00:00,82.2,44,58.1,0.0,1015.3,8.7,17.7,0,2022-05-26,11
2022-05-26 12:00:00,84.5,39,56.7,0.0,1015.3,9.9,20.1,0,2022-05-26,12
2022-05-26 13:00:00,86.4,34,54.8,0.0,1015.0,9.6,20.4,0,2022-05-26,13
2022-05-26 14:00:00,87.5,36,57.0,0.0,1014.3,9.9,20.4,0,2022-05-26,14
2022-05-26 15:00:00,88.7,35,57.5,0.0,1013.6,9.0,20.4,0,2022-05-26,15
2022-05-26 16:00:00,89.6,33,57.0,0.0,1013.0,8.2,18.6,0,2022-05-26,16
2022-05-26 17:00:00,89.3,33,56.8,0.0,1012.5,7.9,17.0,0,2022-05-26,17
2022-05-26 18:00:00,88.3,36,57.8,0.0,1012.3,6.7,15.2,0,2022-05-26,18
2022-05-26 19:00:00,85.3,68,73.6,0.0,1011.8,3.1,12.3,0,2022-05-26,19
2022-05-26 20:00:00,84.2,47,61.6,0.0,1012.3,1.6,4.0,0,2022-05-26,20
2022-05-26 21:00:00,77.4,58,61.5,0.0,1013.1,6.0,8.9,0,2022-05-26,21
2022-05-26 22:00:00,74.8,69,64.0,0.0,1013.6,6.8,11.0,0,2022-05-26,22
2022-05-26 23:00:00,73.6,81,67.6,0.0,1014.4,7.2,12.1,0,2022-05-26,23
2022-05-27 00:00:00,72.9,85,68.2,0.0,1014.8,7.2,12.5,0,2022-05-27,0
2022-05-27 01:00:00,72.3,90,69.3,0.0,1014.8,7.1,12.3,0,2022-05-27,1
2022-05-27 02:00:00,71.8,94,69.9,0.0,1014.7,8.0,13.2,0,2022-05-27,2
2022-05-27 03:00:00,71.3,96,70.0,0.0,1014.8,6.2,13.2,0,2022-05-27,3
2022-05-27 04:00:00,71.2,96,69.9,0.0,1015.0,5.2,10.7,0,2022-05-27,4
2022-05-27 05:00:00,69.8,98,69.1,0.0,1015.6,3.1,8.7,0,2022-05-27,5
2022-05-27 06:00:00,69.2,98,68.5,0.0,1016.4,4.6,8.9,3,2022-05-27,6
2022-05-27 07:00:00,69.4,93,67.2,0.0,1016.8,4.0,7.4,1,2022-05-27,7
2022-05-27 08:00:00,73.6,83,68.1,0.0,1017.1,3.7,8.3,0,2022-05-27,8
2022-05-27 09:00:00,78.2,74,69.1,0.0,1017.3,5.7,12.3,0,2022-05-27,9
2022-05-27 10:00:00,81.5,68,69.8,0.0,1017.1,7.4,15.9,0,2022-05-27,10
2022-05-27 11:00:00,84.3,62,69.7,0.0,1017.0,7.9,17.2,0,2022-05-27,11
2022-05-27 12:00:00,87.2,55,69.1,0.0,1016.5,8.0,20.4,0,2022-05-27,12
2022-05-27 13:00:00,89.2,50,68.2,0.0,1016.2,7.7,20.6,1,2022-05-27,13
2022-05-27 14:00:00,90.4,45,66.3,0.0,1015.4,9.1,20.8,0,2022-05-27,14
2022-05-27 15:00:00,91.6,40,64.0,0.0,1014.6,10.4,21.5,0,2022-05-27,15
2022-05-27 16:00:00,92.9,36,62.0,0.0,1013.4,8.3,21.3,1,2022-05-27,16
2022-05-27 17:00:00,93.7,32,59.8,0.0,1012.5,6.3,17.4,0,2022-05-27,17
2022-05-27 18:00:00,93.0,29,56.0,0.0,1012.0,7.4,13.6,0,2022-05-27,18
2022-05-27 19:00:00,88.5,37,58.6,0.0,1012.5,7.2,14.8,0,2022-05-27,19
2022-05-27 20:00:00,84.1,40,57.3,0.0,1012.7,6.1,12.3,0,2022-05-27,20
2022-05-27 21:00:00,80.2,49,59.4,0.0,1013.2,6.5,10.5,1,2022-05-27,21
2022-05-27 22:00:00,75.8,58,59.9,0.0,1013.6,4.0,10.3,0,2022-05-27,22
2022-05-27 23:00:00,74.6,58,58.7,0.0,1014.0,5.1,7.8,0,2022-05-27,23
2022-05-28 00:00:00,72.7,58,57.2,0.0,1013.9,4.7,8.1,0,2022-05-28,0
2022-05-28 01:00:00,71.9,60,57.4,0.0,1013.9,5.2,8.5,0,2022-05-28,1
2022-05-28 02:00:00,70.2,66,58.2,0.0,1013.4,4.9,8.5,0,2022-05-28,2
2022-05-28 03:00:00,69.9,66,57.9,0.0,1013.1,6.3,10.1,0,2022-05-28,3
2022-05-28 04:00:00,68.9,67,57.3,0.0,1013.1,5.3,10.5,0,2022-05-28,4
2022-05-28 05:00:00,66.4,72,57.2,0.0,1013.7,5.1,8.1,0,2022-05-28,5
2022-05-28 06:00:00,66.3,71,56.7,0.0,1013.9,4.5,7.2,0,2022-05-28,6
2022-05-28 07:00:00,68.3,72,58.8,0.0,1014.1,5.5,9.6,0,2022-05-28,7
2022-05-28 08:00:00,72.7,67,61.2,0.0,1014.3,6.3,11.0,0,2022-05-28,8
2022-05-28 09:00:00,77.8,60,63.0,0.0,1014.6,5.5,12.1,0,2022-05-28,9
2022-05-28 10:00:00,81.9,66,69.5,0.0,1014.7,7.7,16.3,1,2022-05-28,10
2022-05-28 11:00:00,85.1,60,69.7,0.0,1014.3,7.2,17.2,1,2022-05-28,11
2022-05-28 12:00:00,87.0,57,70.1,0.0,1013.8,6.4,16.8,1,2022-05-28,12
2022-05-28 13:00:00,89.2,53,70.0,0.0,1013.1,5.1,15.7,0,2022-05-28,13
2022-05-28 14:00:00,91.6,47,68.8,0.0,1012.2,5.2,14.3,0,2022-05-28,14
2022-05-28 15:00:00,93.2,42,66.6,0.0,1011.0,5.7,14.8,0,2022-05-28,15
2022-05-28 16:00:00,93.6,40,65.7,0.0,1010.1,6.1,14.8,0,2022-05-28,16
2022-05-28 17:00:00,93.9,39,64.9,0.0,1009.1,7.2,15.2,0,2022-05-28,17
2022-05-28 18:00:00,89.2,58,72.4,0.0,1008.9,11.0,21.0,0,2022-05-28,18
2022-05-28 19:00:00,84.7,74,75.5,0.0,1009.0,11.9,23.0,0,2022-05-28,19
2022-05-28 20:00:00,81.0,79,73.8,0.0,1009.1,11.1,21.5,0,2022-05-28,20
2022-05-28 21:00:00,79.1,81,72.6,0.0,1009.5,11.0,19.9,0,2022-05-28,21
2022-05-28 22:00:00,77.5,86,72.9,0.0,1009.9,10.3,19.0,0,2022-05-28,22
2022-05-28 23:00:00,75.5,93,73.2,0.0,1010.4,9.8,17.9,0,2022-05-28,23
2022-05-29 00:00:00,73.9,98,73.2,0.0,1010.6,8.6,17.0,3,2022-05-29,0
2022-05-29 01:00:00,74.0,98,73.3,0.0,1010.1,8.4,14.8,3,2022-05-29,1
2022-05-29 02:00:00,74.5,96,73.1,0.0,1009.4,8.9,16.3,3,2022-05-29,2
2022-05-29 03:00:00,73.9,96,72.7,0.0,1009.1,8.7,15.7,3,2022-05-29,3
2022-05-29 04:00:00,73.5,96,72.2,0.0,1008.8,7.7,15.0,3,2022-05-29,4
2022-05-29 05:00:00,73.4,95,72.0,0.0,1008.9,7.4,13.6,3,2022-05-29,5
2022-05-29 06:00:00,73.4,96,72.1,0.0,1009.3,6.7,12.8,3,2022-05-29,6
2022-05-29 07:00:00,76.0,89,72.5,0.0,1009.7,8.7,13.9,3,2022-05-29,7
2022-05-29 08:00:00,77.6,84,72.4,0.004,1010.1,9.8,18.6,51,2022-05-29,8
2022-05-29 09:00:00,80.2,74,71.2,0.004,1010.3,11.2,21.0,51,2022-05-29,9
2022-05-29 10:00:00,84.2,63,70.2,0.0,1010.1,11.9,23.5,1,2022-05-29,10
2022-05-29 11:00:00,86.8,56,69.3,0.0,1009.9,11.7,23.7,1,2022-05-29,11
2022-05-29 12:00:00,89.5,48,67.1,0.0,1009.5,11.7,23.9,1,2022-05-29,12
2022-05-29 13:00:00,90.9,45,66.6,0.0,1008.9,12.3,24.8,1,2022-05-29,13
2022-05-29 14:00:00,92.0,42,65.8,0.0,1008.3,13.0,26.4,0,2022-05-29,14
2022-05-29 15:00:00,92.4,41,65.0,0.0,1007.6,14.4,28.4,0,2022-05-29,15
2022-05-29 16:00:00,91.4,41,64.7,0.0,1007.2,15.5,30.4,0,2022-05-29,16
2022-05-29 17:00:00,89.1,47,66.3,0.0,1007.0,15.5,30.4,0,2022-05-29,17
2022-05-29 18:00:00,87.1,50,66.1,0.0,1006.7,15.1,29.5,1,2022-05-29,18
2022-05-29 19:00:00,85.6,53,66.6,0.0,1007.0,13.7,28.4,1,2022-05-29,19
2022-05-29 20:00:00,82.6,64,69.3,0.0,1007.5,11.9,24.6,1,2022-05-29,20
2022-05-29 21:00:00,80.2,75,71.7,0.0,1008.3,10.4,21.3,1,2022-05-29,21
2022-05-29 22:00:00,78.5,82,72.6,0.0,1008.9,10.2,18.3,1,2022-05-29,22
2022-05-29 23:00:00,77.8,85,72.9,0.0,1009.3,10.3,18.3,1,2022-05-29,23
2022-05-30 00:00:00,77.2,87,73.0,0.0,1009.3,10.4,18.3,1,2022-05-30,0
2022-05-30 01:00:00,77.3,86,72.7,0.0,1009.0,11.6,20.4,0,2022-05-30,1
2022-05-30 02:00:00,77.2,84,72.0,0.0,1008.8,11.6,20.8,0,2022-05-30,2
2022-05-30 03:00:00,77.1,81,71.0,0.0,1008.6,12.0,21.3,0,2022-05-30,3
2022-05-30 04:00:00,76.9,81,70.7,0.0,1008.2,12.2,21.5,0,2022-05-30,4
2022-05-30 05:00:00,76.6,84,71.3,0.0,1007.9,11.5,21.5,0,2022-05-30,5
2022-05-30 06:00:00,76.2,88,72.4,0.0,1007.9,10.3,20.1,1,2022-05-30,6
2022-05-30 07:00:00,76.9,87,72.8,0.0,1009.0,10.3,18.1,1,2022-05-30,7
2022-05-30 08:00:00,80.0,78,72.4,0.0,1009.2,11.2,22.8,1,2022-05-30,8
2022-05-30 09:00:00,81.9,72,72.1,0.004,1009.5,16.1,29.5,51,2022-05-30,9
2022-05-30 10:00:00,84.0,64,70.6,0.004,1009.8,16.3,30.9,51,2022-05-30,10
2022-05-30 11:00:00,85.0,61,70.2,0.012,1010.0,16.7,31.1,51,2022-05-30,11
2022-05-30 12:00:00,87.8,54,69.3,0.0,1010.0,16.4,31.8,1,2022-05-30,12
2022-05-30 13:00:00,89.7,51,68.9,0.0,1010.0,15.7,31.8,0,2022-05-30,13
2022-05-30 14:00:00,91.3,47,68.2,0.0,1009.4,15.5,30.9,1,2022-05-30,14
2022-05-30 15:00:00,90.9,47,68.0,0.0,1009.2,15.4,30.4,1,2022-05-30,15
2022-05-30 16:00:00,89.2,50,68.4,0.0,1009.0,14.9,30.2,2,2022-05-30,16
2022-05-30 17:00:00,87.1,55,69.1,0.0,1008.7,15.0,29.1,2,2022-05-30,17
2022-05-30 18:00:00,85.6,59,69.8,0.0,1008.5,15.2,28.9,2,2022-05-30,18
2022-05-30 19:00:00,81.8,74,72.6,0.004,1009.2,13.1,28.4,51,2022-05-30,19
2022-05-30 20:00:00,79.6,78,72.2,0.0,1009.8,11.3,23.9,2,2022-05-30,20
2022-05-30 21:00:00,78.2,86,73.5,0.02,1010.6,8.2,19.7,53,2022-05-30,21
2022-05-30 22:00:00,77.0,90,73.8,0.016,1011.1,8.9,16.3,51,2022-05-30,22
2022-05-30 23:00:00,75.8,90,72.6,0.0,1011.4,9.2,16.3,1,2022-05-30,23
2022-05-31 00:00:00,76.2,91,73.3,0.0,1011.1,9.0,15.4,1,2022-05-31,0
2022-05-31 01:00:00,77.1,89,73.8,0.0,1011.1,9.5,16.1,1,2022-05-31,1
2022-05-31 02:00:00,77.3,90,74.0,0.0,1011.0,10.4,17.9,1,2022-05-31,2
2022-05-31 03:00:00,76.9,91,73.9,0.0,1010.8,9.7,17.7,0,2022-05-31,3
2022-05-31 04:00:00,76.6,92,73.9,0.0,1010.9,8.7,16.8,0,2022-05-31,4
2022-05-31 05:00:00,76.0,94,74.0,0.0,1010.8,8.1,14.8,1,2022-05-31,5
2022-05-31 06:00:00,75.7,94,73.9,0.0,1011.2,7.0,13.9,0,2022-05-31,6
2022-05-31 07:00:00,76.3,92,73.9,0.0,1011.9,6.7,12.1,0,2022-05-31,7
2022-05-31 08:00:00,79.8,80,73.1,0.0,1012.4,8.7,17.2,1,2022-05-31,8
2022-05-31 09:00:00,82.3,73,72.9,0.0,1012.7,10.0,21.9,1,2022-05-31,9
2022-05-31 10:00:00,84.7,67,72.7,0.012,1012.7,10.1,20.1,51,2022-05-31,10
2022-05-31 11:00:00,85.5,69,74.1,0.028,1012.8,10.1,23.0,53,2022-05-31,11
2022-05-31 12:00:00,87.0,64,73.4,0.012,1012.8,11.3,23.0,51,2022-05-31,12
2022-05-31 13:00:00,89.2,58,72.6,0.008,1012.6,11.9,24.6,51,2022-05-31,13
2022-05-31 14:00:00,91.0,52,70.9,0.004,1012.0,13.2,26.4,51,2022-05-31,14
2022-05-31 15:00:00,90.6,52,70.7,0.0,1011.6,13.9,28.0,0,2022-05-31,15
2022-05-31 16:00:00,89.4,55,70.9,0.0,1011.4,13.7,27.7,1,2022-05-31,16
2022-05-31 17:00:00,88.0,60,72.4,0.008,1010.9,13.9,27.3,51,2022-05-31,17
2022-05-31 18:00:00,86.3,65,73.0,0.0,1010.6,14.1,27.3,1,2022-05-31,18
2022-05-31 19:00:00,82.9,75,74.1,0.0,1012.0,10.8,26.6,0,2022-05-31,19
2022-05-31 20:00:00,79.4,81,72.9,0.008,1012.6,6.5,23.0,51,2022-05-31,20
2022-05-31 21:00:00,79.9,83,74.1,0.0,1012.5,7.1,12.3,1,2022-05-31,21
2022-05-31 22:00:00,78.6,88,74.8,0.0,1012.6,9.2,15.2,1,2022-05-31,22
2022-05-31 23:00:00,78.2,89,74.8,0.0,1013.5,8.2,15.4,1,2022-05-31,23
2022-06-01 00:00:00,77.7,91,74.8,0.004,1014.0,8.1,14.5,51,2022-06-01,0
2022-06-01 01:00:00,77.4,90,74.4,0.004,1014.2,8.7,15.0,51,2022-06-01,1
2022-06-01 02:00:00,77.0,91,74.1,0.0,1014.0,8.9,15.2,1,2022-06-01,2
2022-06-01 03:00:00,76.6,91,73.7,0.0,1013.6,9.4,16.1,3,2022-06-01,3
2022-06-01 04:00:00,75.9,92,73.3,0.0,1013.0,9.1,16.1,3,2022-06-01,4
2022-06-01 05:00:00,75.5,92,73.1,0.0,1012.8,8.3,15.7,3,2022-06-01,5
2022-06-01 06:00:00,75.2,93,73.0,0.0,1012.9,6.4,14.3,3,2022-06-01,6
2022-06-01 07:00:00,76.0,93,73.9,0.0,1014.0,5.3,10.7,3,2022-06-01,7
2022-06-01 08:00:00,77.6,91,74.8,0.0,1014.5,4.5,9.6,3,2022-06-01,8
2022-06-01 09:00:00,81.1,81,74.8,0.0,1014.9,6.0,13.4,3,2022-06-01,9
2022-06-01 10:00:00,84.0,71,73.7,0.0,1014.8,6.7,16.3,2,2022-06-01,10
2022-06-01 11:00:00,87.2,62,72.8,0.0,1014.7,7.0,17.9,2,2022-06-01,11
2022-06-01 12:00:00,89.5,57,72.1,0.0,1014.3,7.6,18.6,3,2022-06-01,12
2022-06-01 13:00:00,87.4,59,71.4,0.024,1014.2,10.1,20.8,53,2022-06-01,13
2022-06-01 14:00:00,84.0,69,72.7,0.098,1013.9,6.2,21.9,63,2022-06-01,14
2022-06-01 15:00:00,87.8,60,72.2,0.008,1012.9,8.1,17.9,51,2022-06-01,15
2022-06-01 16:00:00,88.7,58,71.8,0.004,1012.6,8.8,19.5,51,2022-06-01,16
2022-06-01 17:00:00,85.0,63,70.8,0.016,1012.1,9.5,21.0,51,2022-06-01,17
2022-06-01 18:00:00,84.7,63,70.6,0.0,1011.6,9.0,19.0,3,2022-06-01,18
2022-06-01 19:00:00,82.0,71,71.6,0.0,1012.1,5.0,17.7,3,2022-06-01,19
2022-06-01 20:00:00,81.9,72,72.1,0.0,1012.3,3.7,8.7,3,2022-06-01,20
2022-06-01 21:00:00,80.6,76,72.3,0.0,1012.9,6.9,11.0,3,2022-06-01,21
2022-06-01 22:00:00,78.9,82,72.8,0.0,1013.6,7.4,12.8,3,2022-06-01,22
2022-06-01 23:00:00,77.7,85,72.9,0.0,1013.6,8.1,13.9,0,2022-06-01,23
2022-06-02 00:00:00,76.4,89,73.0,0.0,1013.8,5.2,13.6,2,2022-06-02,0
2022-06-02 01:00:00,74.3,96,73.0,0.0,1014.0,4.0,8.5,3,2022-06-02,1
2022-06-02 02:00:00,73.8,97,72.8,0.0,1013.7,4.0,4.5,3,2022-06-02,2
2022-06-02 03:00:00,73.8,97,72.9,0.0,1013.6,3.0,4.7,3,2022-06-02,3
2022-06-02 04:00:00,73.2,98,72.6,0.0,1013.4,2.8,4.5,3,2022-06-02,4
2022-06-02 05:00:00,72.4,99,72.1,0.0,1013.4,4.0,4.9,3,2022-06-02,5
2022-06-02 06:00:00,72.4,99,72.1,0.0,1013.5,2.8,4.7,3,2022-06-02,6
2022-06-02 07:00:00,74.3,96,73.0,0.0,1013.8,3.6,6.0,1,2022-06-02,7
2022-06-02 08:00:00,77.7,87,73.6,0.0,1014.5,5.9,11.4,3,2022-06-02,8
2022-06-02 09:00:00,81.1,75,72.6,0.0,1014.5,7.9,15.9,1,2022-06-02,9
2022-06-02 10:00:00,83.8,67,71.5,0.004,1014.9,10.0,21.0,51,2022-06-02,10
2022-06-02 11:00:00,84.9,61,70.0,0.0,1014.9,9.0,21.5,3,2022-06-02,11
2022-06-02 12:00:00,85.4,58,68.9,0.0,1014.7,7.7,19.2,3,2022-06-02,12
2022-06-02 13:00:00,88.2,50,67.5,0.0,1013.7,5.4,17.0,2,2022-06-02,13
2022-06-02 14:00:00,91.3,43,65.5,0.0,1012.6,4.8,15.9,2,2022-06-02,14
2022-06-02 15:00:00,93.0,39,64.5,0.0,1011.5,4.0,15.0,1,2022-06-02,15
2022-06-02 16:00:00,93.8,36,62.9,0.0,1010.3,2.5,13.4,2,2022-06-02,16
2022-06-02 17:00:00,93.9,35,62.0,0.0,1009.4,2.0,10.7,2,2022-06-02,17
2022-06-02 18:00:00,94.2,34,61.9,0.0,1008.8,3.0,9.4,3,2022-06-02,18
2022-06-02 19:00:00,86.0,55,67.7,0.0,1010.8,2.7,9.4,2,2022-06-02,19
2022-06-02 20:00:00,83.1,63,69.3,0.0,1010.6,2.7,7.8,0,2022-06-02,20
2022-06-02 21:00:00,79.6,75,70.8,0.0,1011.2,2.3,4.7,0,2022-06-02,21
2022-06-02 22:00:00,77.5,79,70.5,0.0,1011.8,4.6,4.5,0,2022-06-02,22
2022-06-02 23:00:00,75.8,76,67.6,0.0,1012.6,2.7,5.1,0,2022-06-02,23
2022-06-03 00:00:00,76.9,72,67.4,0.0,1013.1,1.8,3.4,0,2022-06-03,0
2022-06-03 01:00:00,73.1,77,65.7,0.0,1013.0,3.3,3.6,2,2022-06-03,1
2022-06-03 02:00:00,72.9,68,61.7,0.0,1012.6,3.1,5.1,2,2022-06-03,2
2022-06-03 03:00:00,72.0,69,61.2,0.0,1012.3,4.0,6.3,1,2022-06-03,3
2022-06-03 04:00:00,71.3,72,62.0,0.0,1012.3,5.1,8.5,1,2022-06-03,4
2022-06-03 05:00:00,70.5,76,62.5,0.0,1012.2,5.5,8.9,1,2022-06-03,5
2022-06-03 06:00:00,69.8,77,62.4,0.0,1012.5,6.1,9.8,1,2022-06-03,6
2022-06-03 07:00:00,70.3,86,66.1,0.0,1012.6,7.4,11.2,1,2022-06-03,7
2022-06-03 08:00:00,73.8,82,68.2,0.0,1012.7,6.6,13.4,3,2022-06-03,8
2022-06-03 09:00:00,77.9,74,68.8,0.0,1012.8,10.1,20.1,3,2022-06-03,9
2022-06-03 10:00:00,80.5,66,68.1,0.0,1012.8,8.1,20.1,2,2022-06-03,10
2022-06-03 11:00:00,84.0,56,66.8,0.0,1013.2,6.3,17.7,1,2022-06-03,11
2022-06-03 12:00:00,86.7,50,65.8,0.0,1012.6,6.5,16.1,1,2022-06-03,12
2022-06-03 13:00:00,89.4,45,65.0,0.0,1012.0,7.8,18.6,0,2022-06-03,13
2022-06-03 14:00:00,91.1,41,63.9,0.0,1011.1,8.3,20.1,0,2022-06-03,14
2022-06-03 15:00:00,92.7,39,64.2,0.0,1010.3,7.2,19.2,0,2022-06-03,15
2022-06-03 16:00:00,91.5,40,64.1,0.004,1009.8,9.1,19.9,51,2022-06-03,16
2022-06-03 17:00:00,90.9,39,62.8,0.0,1009.1,9.1,19.9,1,2022-06-03,17
2022-06-03 18:00:00,90.1,40,62.4,0.0,1008.7,8.9,19.2,0,2022-06-03,18
2022-06-03 19:00:00,84.3,52,64.9,0.0,1010.4,8.9,17.7,0,2022-06-03,19
2022-06-03 20:00:00,81.9,57,65.2,0.0,1010.2,5.9,16.3,0,2022-06-03,20
2022-06-03 21:00:00,78.5,66,66.1,0.0,1010.2,3.4,9.6,0,2022-06-03,21
2022-06-03 22:00:00,77.7,66,65.4,0.0,1010.4,3.5,4.9,1,2022-06-03,22
2022-06-03 23:00:00,77.6,67,65.7,0.0,1010.6,4.0,6.5,2,2022-06-03,23
2022-06-04 00:00:00,76.6,73,67.2,0.0,1011.2,2.7,6.0,1,2022-06-04,0
2022-06-04 01:00:00,75.7,75,67.0,0.0,1011.6,2.6,4.3,1,2022-06-04,1
2022-06-04 02:00:00,74.7,76,66.6,0.0,1011.7,2.8,6.5,0,2022-06-04,2
2022-06-04 03:00:00,73.3,79,66.4,0.0,1011.3,2.3,4.3,0,2022-06-04,3
2022-06-04 04:00:00,72.9,79,66.2,0.0,1011.2,4.3,6.9,1,2022-06-04,4
2022-06-04 05:00:00,72.5,81,66.5,0.0,1011.3,2.6,6.7,1,2022-06-04,5
2022-06-04 06:00:00,72.3,82,66.4,0.0,1011.6,6.0,10.5,1,2022-06-04,6
2022-06-04 07:00:00,72.6,90,69.3,0.0,1011.9,4.7,10.1,1,2022-06-04,7
2022-06-04 08:00:00,75.0,83,69.4,0.0,1012.0,3.3,8.7,2,2022-06-04,8
2022-06-04 09:00:00,74.8,85,70.1,0.13,1012.7,4.9,11.4,63,2022-06-04,9
2022-06-04 10:00:00,74.1,89,70.7,0.071,1013.0,3.8,12.5,61,2022-06-04,10
2022-06-04 11:00:00,77.6,79,70.4,0.004,1012.1,2.5,10.5,51,2022-06-04,11
2022-06-04 12:00:00,82.7,67,70.6,0.0,1011.4,1.5,9.6,0,2022-06-04,12
2022-06-04 13:00:00,86.1,59,69.9,0.0,1010.4,3.4,11.4,0,2022-06-04,13
2022-06-04 14:00:00,88.1,54,69.3,0.0,1009.7,3.7,13.0,0,2022-06-04,14
2022-06-04 15:00:00,89.7,51,69.2,0.0,1009.2,2.9,12.1,0,2022-06-04,15
2022-06-04 16:00:00,90.1,49,68.2,0.0,1008.4,0.3,10.7,2,2022-06-04,16
2022-06-04 17:00:00,89.2,46,66.0,0.0,1007.6,2.5,7.6,3,2022-06-04,17
2022-06-04 18:00:00,84.3,58,67.7,0.004,1007.9,2.4,11.6,51,2022-06-04,18
2022-06-04 19:00:00,75.9,86,71.3,0.0,1008.7,3.6,19.5,3,2022-06-04,19
2022-06-04 20:00:00,76.8,88,72.9,0.004,1008.1,1.2,9.2,51,2022-06-04,20
2022-06-04 21:00:00,75.8,92,73.4,0.0,1008.3,2.9,5.4,2,2022-06-04,21
2022-06-04 22:00:00,74.9,95,73.5,0.0,1008.9,3.1,5.1,2,2022-06-04,22
2022-06-04 23:00:00,74.1,97,73.1,0.0,1009.7,2.6,5.4,3,2022-06-04,23
2022-06-05 00:00:00,74.1,96,73.0,0.0,1009.6,5.2,8.7,0,2022-06-05,0
2022-06-05 01:00:00,73.7,97,72.7,0.0,1009.4,4.7,9.2,3,2022-06-05,1
2022-06-05 02:00:00,73.1,96,72.1,0.0,1008.6,4.8,8.3,2,2022-06-05,2
2022-06-05 03:00:00,72.1,98,71.4,0.0,1008.1,2.9,7.8,0,2022-06-05,3
2022-06-05 04:00:00,72.6,98,72.0,0.0,1007.7,5.4,8.7,0,2022-06-05,4
2022-06-05 05:00:00,72.2,98,71.6,0.0,1007.8,3.3,8.7,0,2022-06-05,5
2022-06-05 06:00:00,70.7,99,70.3,0.0,1008.4,4.3,5.4,0,2022-06-05,6
2022-06-05 07:00:00,72.6,99,72.4,0.0,1008.6,2.6,5.4,0,2022-06-05,7
2022-06-05 08:00:00,76.7,89,73.1,0.0,1009.1,1.1,5.4,0,2022-06-05,8
2022-06-05 09:00:00,81.1,78,73.4,0.004,1009.2,5.0,11.2,51,2022-06-05,9
2022-06-05 10:00:00,83.4,70,72.4,0.0,1009.3,5.6,13.2,1,2022-06-05,10
2022-06-05 11:00:00,86.6,60,71.2,0.004,1009.2,5.5,14.5,51,2022-06-05,11
2022-06-05 12:00:00,89.2,54,70.3,0.004,1008.9,4.8,14.5,51,2022-06-05,12
2022-06-05 13:00:00,90.3,51,69.9,0.004,1008.3,5.0,14.1,51,2022-06-05,13
2022-06-05 14:00:00,91.8,48,69.1,0.0,1007.7,5.5,14.8,2,2022-06-05,14
2022-06-05 15:00:00,92.3,47,69.1,0.0,1007.3,6.4,15.7,2,2022-06-05,15
2022-06-05 16:00:00,90.9,49,69.0,0.0,1006.8,8.2,17.9,2,2022-06-05,16
2022-06-05 17:00:00,89.5,53,69.9,0.0,1006.2,10.0,20.4,3,2022-06-05,17
2022-06-05 18:00:00,88.5,54,70.0,0.0,1006.0,9.2,20.6,2,2022-06-05,18
2022-06-05 19:00:00,87.6,56,69.9,0.0,1006.0,10.5,19.5,3,2022-06-05,19
2022-06-05 20:00:00,85.7,59,69.8,0.0,1006.8,7.8,18.8,3,2022-06-05,20
2022-06-05 21:00:00,82.7,69,71.5,0.0,1007.5,8.1,13.9,3,2022-06-05,21
2022-06-05 22:00:00,80.7,77,72.9,0.0,1007.2,12.1,20.8,3,2022-06-05,22
2022-06-05 23:00:00,79.8,81,73.6,0.0,1007.2,12.0,22.1,3,2022-06-05,23
2022-06-06 00:00:00,78.7,84,73.4,0.0,1008.7,6.4,21.5,3,2022-06-06,0
2022-06-06 01:00:00,78.7,83,73.2,0.0,1008.0,9.0,15.2,3,2022-06-06,1
2022-06-06 02:00:00,78.7,82,72.9,0.0,1007.5,10.4,17.9,3,2022-06-06,2
2022-06-06 03:00:00,78.2,82,72.3,0.0,1007.1,8.9,17.9,3,2022-06-06,3
2022-06-06 04:00:00,77.4,83,71.8,0.0,1006.9,10.1,17.2,3,2022-06-06,4
2022-06-06 05:00:00,76.9,83,71.3,0.0,1007.0,9.2,18.1,0,2022-06-06,5
2022-06-06 06:00:00,76.5,84,71.2,0.0,1007.2,8.7,15.9,0,2022-06-06,6
2022-06-06 07:00:00,76.9,88,73.2,0.0,1007.1,10.1,15.4,1,2022-06-06,7
2022-06-06 08:00:00,81.0,77,73.0,0.004,1007.7,12.2,23.5,51,2022-06-06,8
2022-06-06 09:00:00,82.8,73,73.1,0.004,1008.5,14.2,26.2,51,2022-06-06,9
2022-06-06 10:00:00,86.4,62,71.9,0.0,1008.4,13.6,26.8,3,2022-06-06,10
2022-06-06 11:00:00,89.4,54,70.6,0.0,1008.3,13.2,26.4,3,2022-06-06,11
2022-06-06 12:00:00,91.4,50,70.0,0.0,1008.2,12.2,26.2,3,2022-06-06,12
2022-06-06 13:00:00,92.9,46,69.3,0.0,1007.8,11.9,25.1,3,2022-06-06,13
2022-06-06 14:00:00,93.6,45,69.3,0.0,1007.3,13.2,26.8,2,2022-06-06,14
2022-06-06 15:00:00,94.2,44,68.8,0.0,1006.9,13.3,27.3,2,2022-06-06,15
2022-06-06 16:00:00,93.7,44,68.3,0.0,1006.6,13.8,27.3,3,2022-06-06,16
2022-06-06 17:00:00,91.8,46,68.0,0.0,1006.3,14.6,28.2,3,2022-06-06,17
2022-06-06 18:00:00,89.2,51,68.4,0.0,1006.0,15.1,29.1,1,2022-06-06,18
2022-06-06 19:00:00,86.4,61,71.2,0.0,1006.9,13.7,28.6,0,2022-06-06,19
2022-06-06 20:00:00,84.0,66,71.5,0.0,1007.3,12.9,25.3,1,2022-06-06,20
2022-06-06 21:00:00,81.5,71,71.2,0.0,1007.5,11.0,23.5,0,2022-06-06,21
2022-06-06 22:00:00,80.4,74,71.4,0.0,1007.9,10.7,19.2,0,2022-06-06,22
2022-06-06 23:00:00,79.2,78,71.7,0.0,1008.3,10.1,19.0,0,2022-06-06,23
2022-06-07 00:00:00,78.3,80,71.7,0.0,1008.4,9.7,17.9,0,2022-06-07,0
2022-06-07 01:00:00,77.9,81,71.6,0.0,1008.4,9.9,17.7,0,2022-06-07,1
2022-06-07 02:00:00,77.3,82,71.4,0.0,1008.6,8.5,17.4,1,2022-06-07,2
2022-06-07 03:00:00,77.4,82,71.5,0.0,1008.8,8.2,15.0,1,2022-06-07,3
2022-06-07 04:00:00,77.2,83,71.5,0.0,1009.0,7.6,14.3,3,2022-06-07,4
2022-06-07 05:00:00,77.8,81,71.4,0.0,1009.3,8.1,13.9,3,2022-06-07,5
2022-06-07 06:00:00,78.6,78,71.3,0.0,1009.8,7.8,14.3,3,2022-06-07,6
2022-06-07 07:00:00,79.2,81,72.8,0.0,1010.3,8.1,13.6,3,2022-06-07,7
2022-06-07 08:00:00,80.7,77,72.7,0.0,1010.9,8.3,16.8,3,2022-06-07,8
2022-06-07 09:00:00,82.2,72,72.1,0.0,1011.2,11.2,20.6,1,2022-06-07,9
2022-06-07 10:00:00,86.2,61,71.2,0.0,1011.5,12.2,23.7,2,2022-06-07,10
2022-06-07 11:00:00,89.2,53,69.9,0.0,1011.9,11.4,23.9,2,2022-06-07,11
2022-06-07 12:00:00,91.2,48,68.8,0.0,1011.8,11.3,23.3,2,2022-06-07,12
2022-06-07 13:00:00,92.8,46,68.6,0.0,1011.5,10.8,23.5,0,2022-06-07,13
2022-06-07 14:00:00,94.5,44,69.0,0.0,1010.7,9.9,22.6,0,2022-06-07,14
2022-06-07 15:00:00,94.6,44,69.4,0.0,1009.9,10.9,23.3,0,2022-06-07,15
2022-06-07 16:00:00,94.5,44,69.3,0.0,1009.7,10.5,23.0,0,2022-06-07,16
2022-06-07 17:00:00,93.0,47,69.9,0.0,1009.3,12.1,24.2,0,2022-06-07,17
2022-06-07 18:00:00,89.6,53,70.3,0.0,1009.1,14.0,26.8,0,2022-06-07,18
2022-06-07 19:00:00,88.1,58,71.6,0.0,1010.3,12.4,26.8,0,2022-06-07,19
2022-06-07 20:00:00,85.1,64,71.8,0.0,1010.5,12.5,23.5,0,2022-06-07,20
2022-06-07 21:00:00,82.3,73,72.9,0.0,1010.8,12.4,22.8,1,2022-06-07,21
2022-06-07 22:00:00,81.6,77,73.8,0.0,1011.2,10.8,22.1,0,2022-06-07,22
2022-06-07 23:00:00,80.2,84,74.8,0.0,1011.8,8.8,19.0,1,2022-06-07,23
2022-06-08 00:00:00,79.8,86,75.3,0.0,1011.8,8.2,15.7,1,2022-06-08,0
2022-06-08 01:00:00,79.5,85,74.5,0.0,1012.0,8.3,14.8,1,2022-06-08,1
2022-06-08 02:00:00,79.3,82,73.4,0.0,1012.1,8.2,14.5,3,2022-06-08,2
2022-06-08 03:00:00,79.2,83,73.7,0.0,1011.9,8.3,14.5,1,2022-06-08,3
2022-06-08 04:00:00,78.7,86,74.0,0.0,1011.7,8.7,15.0,0,2022-06-08,4
2022-06-08 05:00:00,78.0,88,74.1,0.0,1012.0,8.1,15.0,1,2022-06-08,5
2022-06-08 06:00:00,77.6,88,73.9,0.0,1012.4,6.7,13.9,1,2022-06-08,6
2022-06-08 07:00:00,80.0,88,76.1,0.0,1012.8,9.0,13.2,0,2022-06-08,7
2022-06-08 08:00:00,81.3,81,75.1,0.0,1013.0,10.2,19.0,1,2022-06-08,8
2022-06-08 09:00:00,84.1,70,73.4,0.004,1012.9,11.9,22.6,51,2022-06-08,9
2022-06-08 10:00:00,86.4,64,72.7,0.0,1012.8,13.4,26.2,1,2022-06-08,10
2022-06-08 11:00:00,89.2,57,71.8,0.0,1012.1,12.7,25.7,1,2022-06-08,11
2022-06-08 12:00:00,92.1,50,70.6,0.0,1012.1,10.2,25.3,1,2022-06-08,12
2022-06-08 13:00:00,94.8,43,69.2,0.0,1013.6,4.8,21.3,1,2022-06-08,13
2022-06-08 14:00:00,96.7,40,68.4,0.0,1012.9,4.9,13.6,1,2022-06-08,14
2022-06-08 15:00:00,97.0,39,67.8,0.0,1012.1,7.1,17.0,0,2022-06-08,15
2022-06-08 16:00:00,97.2,38,67.3,0.0,1011.5,6.7,17.2,0,2022-06-08,16
2022-06-08 17:00:00,95.6,42,69.1,0.0,1011.0,9.1,18.3,3,2022-06-08,17
2022-06-08 18:00:00,91.0,56,73.3,0.0,1011.5,12.6,24.6,3,2022-06-08,18
2022-06-08 19:00:00,88.1,68,76.2,0.0,1011.9,10.6,25.3,3,2022-06-08,19
2022-06-08 20:00:00,86.5,70,75.4,0.0,1012.1,10.6,20.6,1,2022-06-08,20
2022-06-08 21:00:00,84.7,73,75.3,0.0,1012.0,10.5,18.8,0,2022-06-08,21
2022-06-08 22:00:00,82.8,78,75.4,0.0,1012.5,10.6,19.5,3,2022-06-08,22
2022-06-08 23:00:00,81.1,85,76.3,0.0,1013.2,9.7,18.6,0,2022-06-08,23
2022-06-09 00:00:00,79.9,90,76.6,0.0,1013.6,8.3,17.0,0,2022-06-09,0
2022-06-09 01:00:00,79.0,93,76.6,0.0,1013.6,7.9,14.5,0,2022-06-09,1
2022-06-09 02:00:00,78.3,94,76.5,0.0,1013.8,5.2,13.4,0,2022-06-09,2
2022-06-09 03:00:00,77.3,97,76.4,0.0,1014.3,3.0,8.7,1,2022-06-09,3
2022-06-09 04:00:00,76.8,98,76.3,0.0,1014.8,1.4,3.4,3,2022-06-09,4
2022-06-09 05:00:00,78.2,94,76.4,0.0,1015.3,1.1,3.6,3,2022-06-09,5
2022-06-09 06:00:00,78.4,91,75.5,0.0,1015.6,2.6,4.9,3,2022-06-09,6
2022-06-09 07:00:00,78.2,95,76.6,0.0,1016.0,4.2,5.8,2,2022-06-09,7
2022-06-09 08:00:00,80.5,86,75.8,0.004,1016.6,4.3,9.2,51,2022-06-09,8
2022-06-09 09:00:00,82.8,77,74.8,0.0,1016.7,3.7,10.3,0,2022-06-09,9
2022-06-09 10:00:00,85.8,67,73.5,0.0,1016.6,4.3,12.1,0,2022-06-09,10
2022-06-09 11:00:00,88.7,58,71.9,0.0,1016.6,4.3,12.8,0,2022-06-09,11
2022-06-09 12:00:00,91.1,52,70.8,0.0,1016.1,4.4,13.4,0,2022-06-09,12
2022-06-09 13:00:00,93.6,45,69.2,0.0,1015.6,4.7,14.1,0,2022-06-09,13
2022-06-09 14:00:00,95.2,41,67.8,0.0,1014.7,5.5,15.0,0,2022-06-09,14
2022-06-09 15:00:00,96.1,38,66.2,0.0,1013.8,5.6,15.2,0,2022-06-09,15
2022-06-09 16:00:00,96.6,36,65.0,0.0,1012.9,4.7,14.8,0,2022-06-09,16
2022-06-09 17:00:00,96.5,36,64.8,0.0,1012.1,4.5,13.2,0,2022-06-09,17
2022-06-09 18:00:00,95.6,37,65.3,0.0,1011.5,5.3,12.1,0,2022-06-09,18
2022-06-09 19:00:00,92.7,50,71.2,0.0,1011.4,7.3,18.1,1,2022-06-09,19
2022-06-09 20:00:00,88.8,59,72.9,0.0,1012.2,11.1,19.5,3,2022-06-09,20
2022-06-09 21:00:00,85.6,66,72.9,0.0,1013.6,8.5,21.3,3,2022-06-09,21
2022-06-09 22:00:00,84.7,68,73.0,0.0,1013.5,9.2,15.9,3,2022-06-09,22
2022-06-09 23:00:00,82.8,76,74.5,0.0,1013.9,9.2,16.1,1,2022-06-09,23
2022-06-10 00:00:00,81.7,79,74.7,0.0,1014.3,7.8,16.1,2,2022-06-10,0
2022-06-10 01:00:00,80.6,83,74.9,0.0,1014.4,5.6,13.4,2,2022-06-10,1
2022-06-10 02:00:00,79.5,86,75.1,0.0,1013.8,7.2,11.9,1,2022-06-10,2
2022-06-10 03:00:00,78.6,90,75.4,0.0,1012.8,9.2,16.1,1,2022-06-10,3
2022-06-10 04:00:00,77.7,93,75.6,0.0,1012.6,8.2,16.1,0,2022-06-10,4
2022-06-10 05:00:00,77.1,93,74.9,0.0,1012.4,7.9,14.3,0,2022-06-10,5
2022-06-10 06:00:00,76.4,94,74.6,0.0,1012.3,7.9,14.3,0,2022-06-10,6
2022-06-10 07:00:00,78.3,93,76.1,0.0,1013.0,8.5,13.6,0,2022-06-10,7
2022-06-10 08:00:00,80.4,85,75.4,0.0,1013.7,9.2,17.2,1,2022-06-10,8
2022-06-10 09:00:00,83.3,75,74.5,0.008,1014.5,8.9,17.9,51,2022-06-10,9
2022-06-10 10:00:00,85.6,67,73.4,0.012,1014.3,9.2,19.0,51,2022-06-10,10
2022-06-10 11:00:00,88.5,58,72.1,0.004,1014.2,8.5,19.5,51,2022-06-10,11
2022-06-10 12:00:00,91.6,50,70.3,0.0,1014.2,6.7,19.0,0,2022-06-10,12
2022-06-10 13:00:00,94.5,43,68.5,0.0,1013.4,6.4,16.3,0,2022-06-10,13
2022-06-10 14:00:00,96.3,40,68.3,0.0,1012.2,6.4,17.2,0,2022-06-10,14
2022-06-10 15:00:00,97.5,39,68.2,0.0,1011.3,6.0,16.1,0,2022-06-10,15
2022-06-10 16:00:00,97.9,37,67.4,0.0,1010.1,7.2,17.4,0,2022-06-10,16
2022-06-10 17:00:00,97.7,38,67.7,0.0,1009.1,9.0,18.8,1,2022-06-10,17
2022-06-10 18:00:00,96.7,39,67.8,0.0,1009.2,8.8,19.2,1,2022-06-10,18
2022-06-10 19:00:00,94.6,44,69.3,0.0,1009.2,4.7,17.7,3,2022-06-10,19
2022-06-10 20:00:00,91.5,53,71.7,0.0,1009.7,9.2,14.5,3,2022-06-10,20
2022-06-10 21:00:00,86.3,68,74.6,0.0,1010.7,11.7,22.8,3,2022-06-10,21
2022-06-10 22:00:00,84.9,70,74.2,0.0,1011.2,10.0,20.6,3,2022-06-10,22
2022-06-10 23:00:00,83.5,74,74.1,0.0,1011.5,9.3,17.4,3,2022-06-10,23
2022-06-11 00:00:00,81.9,77,74.1,0.0,1011.4,9.0,16.3,3,2022-06-11,0
2022-06-11 01:00:00,80.6,82,74.8,0.0,1011.5,8.4,15.7,3,2022-06-11,1
2022-06-11 02:00:00,79.5,88,75.6,0.0,1011.0,8.6,15.2,0,2022-06-11,2
2022-06-11 03:00:00,78.7,92,76.2,0.0,1011.1,8.1,15.2,0,2022-06-11,3
2022-06-11 04:00:00,78.1,94,76.4,0.0,1010.6,8.6,15.0,0,2022-06-11,4
2022-06-11 05:00:00,77.6,95,76.2,0.0,1010.9,7.9,14.8,1,2022-06-11,5
2022-06-11 06:00:00,77.3,95,75.8,0.0,1011.3,6.5,13.4,2,2022-06-11,6
2022-06-11 07:00:00,80.5,88,76.6,0.0,1011.7,7.8,11.2,0,2022-06-11,7
2022-06-11 08:00:00,81.8,83,76.2,0.0,1012.2,7.7,14.8,1,2022-06-11,8
2022-06-11 09:00:00,84.9,73,75.2,0.0,1012.5,8.7,17.9,1,2022-06-11,9
2022-06-11 10:00:00,87.7,64,74.2,0.0,1012.7,8.2,18.3,0,2022-06-11,10
2022-06-11 11:00:00,90.6,57,73.0,0.0,1012.5,7.6,18.1,0,2022-06-11,11
2022-06-11 12:00:00,93.4,49,71.6,0.0,1011.9,7.3,17.7,0,2022-06-11,12
2022-06-11 13:00:00,95.4,44,70.0,0.0,1011.1,7.4,17.9,1,2022-06-11,13
2022-06-11 14:00:00,97.3,40,68.7,0.0,1010.4,7.0,17.9,3,2022-06-11,14
2022-06-11 15:00:00,98.4,38,68.1,0.0,1009.4,5.6,17.0,2,2022-06-11,15
2022-06-11 16:00:00,98.7,37,67.9,0.0,1008.9,5.3,15.0,2,2022-06-11,16
2022-06-11 17:00:00,98.4,36,67.2,0.0,1008.1,5.5,14.1,3,2022-06-11,17
2022-06-11 18:00:00,98.2,36,66.7,0.0,1007.5,4.4,13.2,3,2022-06-11,18
2022-06-11 19:00:00,94.2,44,69.2,0.0,1008.0,7.6,14.1,3,2022-06-11,19
2022-06-11 20:00:00,91.3,51,70.4,0.0,1008.5,2.8,14.1,3,2022-06-11,20
2022-06-11 21:00:00,88.4,55,70.2,0.0,1008.9,8.4,11.9,3,2022-06-11,21
2022-06-11 22:00:00,84.2,68,72.7,0.0,1009.8,11.9,22.4,3,2022-06-11,22
2022-06-11 23:00:00,82.2,73,72.5,0.0,1010.5,10.3,20.8,3,2022-06-11,23
2022-06-12 00:00:00,80.3,80,73.7,0.0,1010.6,8.1,17.9,3,2022-06-12,0
2022-06-12 01:00:00,79.2,86,74.8,0.0,1010.9,7.5,13.9,3,2022-06-12,1
2022-06-12 02:00:00,78.6,89,75.0,0.0,1010.7,9.1,15.7,3,2022-06-12,2
2022-06-12 03:00:00,78.4,90,75.1,0.0,1010.3,9.7,17.2,3,2022-06-12,3
2022-06-12 04:00:00,78.2,90,75.0,0.0,1010.5,8.7,17.0,1,2022-06-12,4
2022-06-12 05:00:00,78.0,90,74.8,0.0,1010.4,8.7,15.2,1,2022-06-12,5
2022-06-12 06:00:00,77.8,90,74.8,0.0,1010.9,7.6,15.2,0,2022-06-12,6
2022-06-12 07:00:00,80.8,85,75.7,0.0,1011.5,11.3,13.2,0,2022-06-12,7
2022-06-12 08:00:00,81.8,80,75.1,0.0,1012.1,11.9,21.9,2,2022-06-12,8
2022-06-12 09:00:00,84.5,72,74.4,0.0,1012.7,12.0,22.8,1,2022-06-12,9
2022-06-12 10:00:00,87.6,62,73.2,0.0,1013.0,12.4,24.4,2,2022-06-12,10
2022-06-12 11:00:00,90.9,54,71.7,0.0,1013.1,11.6,24.4,2,2022-06-12,11
2022-06-12 12:00:00,93.4,48,70.5,0.0,1012.7,10.3,23.5,1,2022-06-12,12
2022-06-12 13:00:00,96.0,43,69.7,0.0,1012.3,9.6,21.7,1,2022-06-12,13
2022-06-12 14:00:00,97.4,41,69.7,0.0,1011.4,9.0,20.8,0,2022-06-12,14
2022-06-12 15:00:00,98.6,39,69.3,0.0,1010.5,9.5,20.8,0,2022-06-12,15
2022-06-12 16:00:00,98.8,39,69.2,0.0,1009.8,9.9,21.0,0,2022-06-12,16
2022-06-12 17:00:00,98.2,39,68.6,0.0,1009.4,9.2,21.0,0,2022-06-12,17
2022-06-12 18:00:00,97.4,39,68.3,0.0,1009.2,8.5,19.2,0,2022-06-12,18
2022-06-12 19:00:00,94.7,44,69.7,0.0,1009.9,8.9,18.6,0,2022-06-12,19
2022-06-12 20:00:00,90.7,51,70.0,0.0,1010.6,10.7,18.3,0,2022-06-12,20
2022-06-12 21:00:00,85.9,62,71.6,0.0,1011.2,13.1,23.3,0,2022-06-12,21
2022-06-12 22:00:00,82.5,76,74.1,0.0,1012.3,12.4,23.3,0,2022-06-12,22
2022-06-12 23:00:00,81.1,81,74.8,0.0,1012.8,11.0,21.7,0,2022-06-12,23
2022-06-13 00:00:00,80.3,85,75.4,0.0,1013.1,9.9,19.5,0,2022-06-13,0
2022-06-13 01:00:00,79.9,86,75.4,0.0,1013.6,9.0,17.2,0,2022-06-13,1
2022-06-13 02:00:00,79.3,86,74.8,0.0,1013.5,8.1,15.7,0,2022-06-13,2
2022-06-13 03:00:00,78.7,88,74.8,0.0,1013.4,8.5,14.5,0,2022-06-13,3
2022-06-13 04:00:00,78.3,91,75.4,0.0,1013.2,8.4,14.8,3,2022-06-13,4
2022-06-13 05:00:00,78.5,91,75.7,0.0,1013.4,8.6,15.0,3,2022-06-13,5
2022-06-13 06:00:00,78.7,90,75.7,0.0,1013.7,7.3,14.8,1,2022-06-13,6
2022-06-13 07:00:00,81.1,87,76.7,0.0,1014.4,8.9,12.8,0,2022-06-13,7
2022-06-13 08:00:00,82.2,82,76.2,0.0,1015.0,9.8,18.1,2,2022-06-13,8
2022-06-13 09:00:00,85.3,72,75.4,0.0,1015.3,9.4,20.6,3,2022-06-13,9
2022-06-13 10:00:00,88.9,62,74.0,0.0,1015.4,8.7,18.8,2,2022-06-13,10
2022-06-13 11:00:00,92.1,51,71.5,0.0,1015.3,9.3,24.2,0,2022-06-13,11
2022-06-13 12:00:00,94.9,43,68.6,0.0,1014.9,10.9,25.1,0,2022-06-13,12
2022-06-13 13:00:00,96.9,36,65.5,0.0,1014.5,11.4,24.4,1,2022-06-13,13
2022-06-13 14:00:00,97.8,33,63.6,0.0,1013.8,11.7,24.4,1,2022-06-13,14
2022-06-13 15:00:00,98.1,29,60.7,0.0,1013.2,12.1,24.6,0,2022-06-13,15
2022-06-13 16:00:00,97.7,30,61.2,0.0,1012.8,13.0,25.9,0,2022-06-13,16
2022-06-13 17:00:00,96.6,33,62.6,0.0,1012.6,13.0,25.9,3,2022-06-13,17
2022-06-13 18:00:00,93.6,40,65.6,0.0,1012.5,13.3,25.5,3,2022-06-13,18
2022-06-13 19:00:00,89.7,53,70.3,0.0,1013.0,11.6,25.5,3,2022-06-13,19
2022-06-13 20:00:00,87.6,59,71.7,0.0,1013.0,11.0,22.1,3,2022-06-13,20
2022-06-13 21:00:00,85.3,69,73.9,0.0,1013.4,11.1,19.7,1,2022-06-13,21
2022-06-13 22:00:00,82.9,78,75.4,0.0,1014.1,10.6,19.9,2,2022-06-13,22
2022-06-13 23:00:00,81.2,84,76.1,0.0,1014.5,9.8,18.6,0,2022-06-13,23
2022-06-14 00:00:00,80.3,88,76.6,0.0,1014.6,8.9,17.2,1,2022-06-14,0
2022-06-14 01:00:00,79.9,90,76.6,0.0,1014.9,8.8,15.7,3,2022-06-14,1
2022-06-14 02:00:00,79.6,91,76.6,0.0,1014.8,8.2,15.7,3,2022-06-14,2
2022-06-14 03:00:00,79.6,91,76.7,0.0,1014.7,7.9,14.5,3,2022-06-14,3
2022-06-14 04:00:00,79.3,91,76.6,0.0,1014.6,7.2,13.6,1,2022-06-14,4
2022-06-14 05:00:00,79.2,91,76.5,0.0,1014.8,7.0,12.8,2,2022-06-14,5
2022-06-14 06:00:00,78.7,92,76.3,0.0,1015.1,6.5,12.1,3,2022-06-14,6
2022-06-14 07:00:00,78.4,95,77.0,0.0,1015.3,4.3,12.1,3,2022-06-14,7
2022-06-14 08:00:00,80.2,87,76.0,0.028,1015.9,6.1,14.1,53,2022-06-14,8
2022-06-14 09:00:00,82.8,80,76.1,0.004,1016.2,5.4,14.3,51,2022-06-14,9
2022-06-14 10:00:00,85.5,73,75.7,0.024,1016.4,8.1,20.1,53,2022-06-14,10
2022-06-14 11:00:00,84.7,71,74.4,0.043,1016.8,10.0,23.5,55,2022-06-14,11
2022-06-14 12:00:00,88.5,63,74.2,0.004,1016.1,10.0,23.5,51,2022-06-14,12
2022-06-14 13:00:00,93.3,50,71.9,0.0,1015.6,11.5,25.3,1,2022-06-14,13
2022-06-14 14:00:00,95.8,34,63.2,0.0,1014.8,12.8,25.7,1,2022-06-14,14
2022-06-14 15:00:00,96.3,32,62.1,0.0,1014.2,13.6,26.8,1,2022-06-14,15
2022-06-14 16:00:00,95.2,36,64.4,0.0,1013.7,13.9,27.1,0,2022-06-14,16
2022-06-14 17:00:00,93.8,38,64.2,0.0,1013.2,13.9,27.3,0,2022-06-14,17
2022-06-14 18:00:00,90.6,50,69.4,0.0,1012.9,14.7,28.0,1,2022-06-14,18
2022-06-14 19:00:00,88.1,59,71.9,0.0,1013.4,11.7,27.7,0,2022-06-14,19
2022-06-14 20:00:00,86.4,63,72.2,0.0,1013.5,11.2,21.7,3,2022-06-14,20
2022-06-14 21:00:00,83.2,76,75.0,0.0,1013.9,11.2,20.1,1,2022-06-14,21
2022-06-14 22:00:00,81.9,81,75.6,0.0,1014.6,11.4,20.1,2,2022-06-14,22
2022-06-14 23:00:00,81.2,83,75.6,0.0,1015.2,11.4,20.4,3,2022-06-14,23
2022-06-15 00:00:00,80.9,84,75.7,0.0,1015.7,9.9,19.9,3,2022-06-15,0
2022-06-15 01:00:00,80.4,85,75.7,0.0,1015.7,10.8,18.8,3,2022-06-15,1
2022-06-15 02:00:00,80.4,85,75.5,0.0,1015.2,11.4,20.6,3,2022-06-15,2
2022-06-15 03:00:00,80.2,85,75.1,0.0,1015.1,10.0,20.1,1,2022-06-15,3
2022-06-15 04:00:00,79.5,86,74.8,0.0,1015.0,7.6,17.7,1,2022-06-15,4
2022-06-15 05:00:00,78.8,87,74.8,0.0,1015.1,6.7,13.2,0,2022-06-15,5
2022-06-15 06:00:00,78.2,89,74.7,0.0,1015.2,5.9,11.4,0,2022-06-15,6
2022-06-15 07:00:00,79.2,90,76.2,0.0,1015.5,5.8,9.6,0,2022-06-15,7
2022-06-15 08:00:00,81.6,83,76.0,0.012,1015.9,8.8,15.7,51,2022-06-15,8
2022-06-15 09:00:00,83.9,76,75.7,0.016,1016.5,9.0,17.2,51,2022-06-15,9
2022-06-15 10:00:00,86.2,69,74.9,0.016,1016.7,9.7,19.5,51,2022-06-15,10
2022-06-15 11:00:00,89.1,61,73.8,0.0,1016.6,9.3,19.5,1,2022-06-15,11
2022-06-15 12:00:00,92.4,53,72.8,0.0,1016.4,8.6,19.9,1,2022-06-15,12
2022-06-15 13:00:00,94.9,47,71.7,0.0,1016.1,7.5,19.9,3,2022-06-15,13
2022-06-15 14:00:00,96.3,44,70.5,0.0,1015.4,7.6,18.6,3,2022-06-15,14
2022-06-15 15:00:00,98.2,39,69.3,0.0,1014.8,8.1,19.0,3,2022-06-15,15
2022-06-15 16:00:00,94.4,45,69.8,0.004,1014.9,11.8,23.9,51,2022-06-15,16
2022-06-15 17:00:00,93.2,47,70.0,0.0,1014.3,12.0,24.4,1,2022-06-15,17
2022-06-15 18:00:00,92.0,49,70.3,0.0,1013.7,12.2,24.4,0,2022-06-15,18
2022-06-15 19:00:00,89.3,58,72.7,0.0,1015.1,11.3,23.7,0,2022-06-15,19
2022-06-15 20:00:00,86.8,63,72.9,0.0,1015.3,11.2,21.7,0,2022-06-15,20
2022-06-15 21:00:00,84.6,69,73.1,0.0,1015.9,10.3,20.4,1,2022-06-15,21
2022-06-15 22:00:00,82.6,74,73.6,0.0,1016.3,9.4,18.1,0,2022-06-15,22
2022-06-15 23:00:00,81.0,79,73.9,0.0,1016.9,8.0,16.3,0,2022-06-15,23
2022-06-16 00:00:00,79.7,84,74.6,0.0,1017.2,7.0,13.9,0,2022-06-16,0
2022-06-16 01:00:00,78.7,89,75.1,0.0,1017.4,7.1,12.3,0,2022-06-16,1
2022-06-16 02:00:00,78.1,91,75.3,0.0,1017.1,7.4,12.8,0,2022-06-16,2
2022-06-16 03:00:00,77.4,93,75.4,0.0,1017.2,6.1,12.8,0,2022-06-16,3
2022-06-16 04:00:00,76.6,96,75.4,0.0,1017.3,3.1,10.3,0,2022-06-16,4
2022-06-16 05:00:00,75.8,98,75.1,0.0,1017.4,2.8,4.7,0,2022-06-16,5
2022-06-16 06:00:00,74.8,99,74.5,0.0,1017.7,3.9,4.7,0,2022-06-16,6
2022-06-16 07:00:00,80.1,91,77.2,0.0,1018.4,4.9,4.5,2,2022-06-16,7
2022-06-16 08:00:00,81.3,85,76.3,0.0,1018.8,5.1,11.0,2,2022-06-16,8
2022-06-16 09:00:00,84.0,75,75.3,0.0,1019.3,4.3,11.4,2,2022-06-16,9
2022-06-16 10:00:00,86.9,67,74.5,0.0,1019.6,3.2,11.4,1,2022-06-16,10
2022-06-16 11:00:00,89.5,60,73.6,0.0,1019.1,2.5,10.7,3,2022-06-16,11
2022-06-16 12:00:00,91.9,52,71.9,0.0,1018.7,2.0,10.7,3,2022-06-16,12
2022-06-16 13:00:00,94.4,45,69.8,0.0,1018.2,1.2,10.3,3,2022-06-16,13
2022-06-16 14:00:00,96.6,39,67.5,0.0,1017.2,0.7,9.8,3,2022-06-16,14
2022-06-16 15:00:00,97.8,35,65.7,0.0,1016.5,1.0,9.6,3,2022-06-16,15
2022-06-16 16:00:00,98.2,34,64.6,0.0,1015.6,2.3,9.6,3,2022-06-16,16
2022-06-16 17:00:00,98.2,33,64.0,0.0,1015.0,3.1,9.8,2,2022-06-16,17
2022-06-16 18:00:00,97.4,33,63.3,0.0,1014.5,5.7,12.1,2,2022-06-16,18
2022-06-16 19:00:00,93.1,46,69.5,0.0,1015.1,9.2,19.7,2,2022-06-16,19
2022-06-16 20:00:00,90.1,53,70.7,0.0,1015.5,6.7,17.4,1,2022-06-16,20
2022-06-16 21:00:00,87.4,63,73.5,0.0,1016.2,7.7,13.2,1,2022-06-16,21
2022-06-16 22:00:00,85.7,68,73.9,0.0,1016.9,7.4,13.2,1,2022-06-16,22
2022-06-16 23:00:00,84.0,72,74.2,0.0,1017.3,6.9,12.5,0,2022-06-16,23
2022-06-17 00:00:00,82.3,78,74.6,0.0,1017.4,6.5,12.1,0,2022-06-17,0
2022-06-17 01:00:00,81.1,81,74.8,0.0,1017.4,5.1,11.0,0,2022-06-17,1
2022-06-17 02:00:00,80.0,85,75.1,0.0,1017.1,4.5,8.9,0,2022-06-17,2
2022-06-17 03:00:00,79.1,88,75.2,0.0,1016.9,4.2,7.6,0,2022-06-17,3
2022-06-17 04:00:00,78.3,90,75.2,0.0,1016.9,4.3,6.9,0,2022-06-17,4
2022-06-17 05:00:00,77.7,92,75.3,0.0,1017.2,4.9,8.3,0,2022-06-17,5
2022-06-17 06:00:00,77.1,95,75.5,0.0,1017.3,3.8,8.3,0,2022-06-17,6
2022-06-17 07:00:00,76.8,99,76.6,0.0,1017.8,2.2,6.0,0,2022-06-17,7
2022-06-17 08:00:00,78.6,93,76.6,0.008,1018.0,1.4,7.6,51,2022-06-17,8
2022-06-17 09:00:00,80.8,88,76.7,0.0,1018.1,2.6,9.2,1,2022-06-17,9
2022-06-17 10:00:00,84.1,76,75.7,0.004,1018.3,1.7,10.5,51,2022-06-17,10
2022-06-17 11:00:00,87.3,65,74.3,0.004,1018.2,0.2,8.7,51,2022-06-17,11
2022-06-17 12:00:00,89.8,58,73.1,0.008,1018.0,1.9,10.1,51,2022-06-17,12
2022-06-17 13:00:00,90.9,55,72.4,0.0,1017.5,3.2,11.6,1,2022-06-17,13
2022-06-17 14:00:00,92.6,51,71.7,0.004,1016.3,3.5,12.3,51,2022-06-17,14
2022-06-17 15:00:00,93.9,48,71.2,0.0,1015.6,4.6,13.4,0,2022-06-17,15
2022-06-17 16:00:00,94.2,47,70.8,0.0,1014.7,4.4,14.3,1,2022-06-17,16
2022-06-17 17:00:00,90.1,55,71.8,0.008,1014.3,10.4,21.3,51,2022-06-17,17
2022-06-17 18:00:00,90.7,51,70.3,0.004,1014.0,6.1,21.9,51,2022-06-17,18
2022-06-17 19:00:00,81.6,80,74.8,0.008,1014.7,0.7,14.3,51,2022-06-17,19
2022-06-17 20:00:00,84.4,73,74.7,0.0,1014.5,3.0,7.2,2,2022-06-17,20
2022-06-17 21:00:00,83.3,76,75.1,0.0,1014.6,4.5,7.2,1,2022-06-17,21
2022-06-17 22:00:00,83.4,74,74.3,0.0,1015.0,4.9,7.8,0,2022-06-17,22
2022-06-17 23:00:00,83.0,73,73.7,0.0,1015.9,5.9,9.6,0,2022-06-17,23
2022-06-18 00:00:00,81.6,78,74.1,0.0,1015.6,5.9,10.1,0,2022-06-18,0
2022-06-18 01:00:00,80.2,83,74.7,0.0,1015.4,5.6,9.8,0,2022-06-18,1
2022-06-18 02:00:00,79.2,87,74.9,0.0,1015.2,4.5,9.4,0,2022-06-18,2
2022-06-18 03:00:00,78.3,90,75.1,0.0,1015.1,4.3,7.4,0,2022-06-18,3
2022-06-18 04:00:00,77.7,92,75.3,0.0,1015.0,3.8,7.2,1,2022-06-18,4
2022-06-18 05:00:00,76.6,96,75.5,0.0,1015.3,2.4,6.3,0,2022-06-18,5
2022-06-18 06:00:00,77.0,95,75.6,0.0,1015.9,2.1,4.3,0,2022-06-18,6
2022-06-18 07:00:00,77.8,97,76.9,0.0,1016.5,2.4,2.5,0,2022-06-18,7
2022-06-18 08:00:00,79.5,91,76.8,0.0,1016.9,2.6,6.9,3,2022-06-18,8
2022-06-18 09:00:00,81.7,83,76.0,0.004,1017.1,2.7,8.3,51,2022-06-18,9
2022-06-18 10:00:00,83.0,77,75.2,0.008,1017.2,1.7,8.3,51,2022-06-18,10
2022-06-18 11:00:00,85.6,70,74.6,0.012,1017.4,0.9,7.8,51,2022-06-18,11
2022-06-18 12:00:00,87.3,64,73.8,0.012,1017.3,2.5,9.8,51,2022-06-18,12
2022-06-18 13:00:00,90.0,59,73.8,0.004,1016.9,2.6,11.2,51,2022-06-18,13
2022-06-18 14:00:00,92.4,53,72.6,0.0,1016.1,3.7,12.1,1,2022-06-18,14
2022-06-18 15:00:00,94.1,48,71.3,0.0,1015.3,4.7,13.9,0,2022-06-18,15
2022-06-18 16:00:00,94.7,45,70.2,0.0,1014.5,4.9,13.6,0,2022-06-18,16
2022-06-18 17:00:00,94.8,42,68.2,0.0,1013.9,5.5,13.9,1,2022-06-18,17
2022-06-18 18:00:00,93.9,42,67.1,0.0,1013.6,7.1,15.2,0,2022-06-18,18
2022-06-18 19:00:00,92.9,42,66.5,0.0,1013.3,6.5,16.6,0,2022-06-18,19
2022-06-18 20:00:00,90.1,47,67.2,0.0,1013.4,7.8,14.8,3,2022-06-18,20
2022-06-18 21:00:00,87.6,50,66.5,0.0,1013.6,7.0,13.6,3,2022-06-18,21
2022-06-18 22:00:00,85.8,56,68.4,0.0,1014.8,7.0,12.1,1,2022-06-18,22
2022-06-18 23:00:00,83.9,63,70.0,0.0,1015.6,7.6,13.0,0,2022-06-18,23
2022-06-19 00:00:00,82.3,67,70.3,0.0,1015.8,7.0,13.0,0,2022-06-19,0
2022-06-19 01:00:00,81.0,72,71.0,0.0,1015.8,6.5,11.9,0,2022-06-19,1
2022-06-19 02:00:00,79.9,76,71.6,0.0,1015.7,6.0,11.2,0,2022-06-19,2
2022-06-19 03:00:00,79.0,80,72.2,0.0,1015.5,5.1,10.3,0,2022-06-19,3
2022-06-19 04:00:00,78.1,84,72.8,0.0,1015.4,4.3,8.3,0,2022-06-19,4
2022-06-19 05:00:00,77.2,88,73.2,0.0,1015.8,3.0,6.7,0,2022-06-19,5
2022-06-19 06:00:00,76.3,91,73.5,0.0,1016.4,3.0,4.9,0,2022-06-19,6
2022-06-19 07:00:00,77.6,89,74.2,0.0,1016.8,4.6,6.5,0,2022-06-19,7
2022-06-19 08:00:00,81.1,81,74.8,0.0,1017.6,3.8,8.7,0,2022-06-19,8
2022-06-19 09:00:00,84.8,71,74.2,0.0,1017.8,4.4,11.6,0,2022-06-19,9
2022-06-19 10:00:00,88.6,58,71.8,0.0,1017.8,3.0,11.9,0,2022-06-19,10
2022-06-19 11:00:00,92.1,48,69.6,0.0,1017.5,1.8,10.5,0,2022-06-19,11
2022-06-19 12:00:00,95.2,40,66.9,0.0,1017.0,3.1,12.3,0,2022-06-19,12
2022-06-19 13:00:00,97.4,35,64.8,0.0,1016.5,4.4,13.6,0,2022-06-19,13
2022-06-19 14:00:00,98.9,32,63.8,0.0,1015.8,5.3,14.8,0,2022-06-19,14
2022-06-19 15:00:00,99.7,31,63.2,0.0,1015.0,5.4,15.0,0,2022-06-19,15
2022-06-19 16:00:00,99.9,30,63.0,0.0,1014.2,5.6,14.8,0,2022-06-19,16
2022-06-19 17:00:00,99.6,29,61.5,0.0,1013.5,6.5,15.2,0,2022-06-19,17
2022-06-19 18:00:00,98.3,29,61.0,0.0,1013.2,7.2,15.4,0,2022-06-19,18
2022-06-19 19:00:00,94.7,37,64.4,0.0,1014.4,9.8,15.2,0,2022-06-19,19
2022-06-19 20:00:00,90.0,50,69.0,0.0,1014.1,6.5,18.1,0,2022-06-19,20
2022-06-19 21:00:00,86.8,57,69.7,0.0,1014.4,5.8,10.1,0,2022-06-19,21
2022-06-19 22:00:00,86.0,57,68.9,0.0,1014.8,6.0,9.8,0,2022-06-19,22
2022-06-19 23:00:00,84.8,56,67.3,0.0,1015.5,3.9,10.1,0,2022-06-19,23
2022-06-20 00:00:00,83.3,60,68.0,0.0,1015.9,3.2,6.5,0,2022-06-20,0
2022-06-20 01:00:00,82.0,64,68.8,0.0,1016.3,3.2,5.4,0,2022-06-20,1
2022-06-20 02:00:00,81.2,68,69.8,0.0,1016.5,3.4,5.6,1,2022-06-20,2
2022-06-20 03:00:00,80.4,72,70.4,0.0,1016.2,3.4,5.6,1,2022-06-20,3
2022-06-20 04:00:00,80.0,74,70.8,0.0,1016.4,2.9,5.6,0,2022-06-20,4
2022-06-20 05:00:00,79.2,77,71.2,0.0,1016.6,2.7,4.7,0,2022-06-20,5
2022-06-20 06:00:00,78.3,80,71.5,0.0,1017.1,2.3,4.3,0,2022-06-20,6
2022-06-20 07:00:00,78.8,83,73.2,0.0,1017.9,3.6,6.3,0,2022-06-20,7
2022-06-20 08:00:00,81.5,76,73.3,0.0,1018.4,3.8,8.7,1,2022-06-20,8
2022-06-20 09:00:00,85.7,65,72.5,0.0,1018.7,4.4,11.2,0,2022-06-20,9
2022-06-20 10:00:00,89.2,57,71.7,0.0,1018.9,1.6,11.2,0,2022-06-20,10
2022-06-20 11:00:00,92.3,52,71.9,0.0,1018.7,0.8,9.2,0,2022-06-20,11
2022-06-20 12:00:00,94.6,48,71.8,0.0,1018.4,0.5,9.4,1,2022-06-20,12
2022-06-20 13:00:00,95.5,46,71.4,0.0,1017.9,1.8,9.6,1,2022-06-20,13
2022-06-20 14:00:00,97.2,43,70.8,0.0,1017.1,2.8,11.2,1,2022-06-20,14
2022-06-20 15:00:00,98.2,40,69.5,0.0,1016.3,4.1,12.8,1,2022-06-20,15
2022-06-20 16:00:00,98.8,37,68.0,0.0,1015.6,4.8,13.0,0,2022-06-20,16
2022-06-20 17:00:00,98.5,36,67.2,0.0,1015.0,7.3,15.9,1,2022-06-20,17
2022-06-20 18:00:00,94.4,44,69.3,0.004,1015.0,10.0,20.1,51,2022-06-20,18
2022-06-20 19:00:00,94.3,47,71.2,0.0,1015.2,9.5,20.6,0,2022-06-20,19
2022-06-20 20:00:00,89.9,61,74.8,0.0,1015.6,10.0,20.1,0,2022-06-20,20
2022-06-20 21:00:00,87.6,70,76.6,0.0,1016.2,10.1,17.9,0,2022-06-20,21
2022-06-20 22:00:00,86.1,77,78.1,0.0,1016.7,9.8,17.9,0,2022-06-20,22
2022-06-20 23:00:00,85.2,79,77.9,0.0,1017.5,7.1,17.0,0,2022-06-20,23
2022-06-21 00:00:00,84.3,81,78.0,0.0,1017.8,6.2,12.3,0,2022-06-21,0
2022-06-21 01:00:00,83.3,84,77.9,0.0,1017.9,6.0,10.7,0,2022-06-21,1
2022-06-21 02:00:00,82.3,86,77.8,0.0,1017.9,5.0,9.8,0,2022-06-21,2
2022-06-21 03:00:00,80.9,90,77.8,0.0,1018.0,3.7,8.5,0,2022-06-21,3
2022-06-21 04:00:00,80.2,91,77.4,0.0,1018.4,3.5,5.8,1,2022-06-21,4
2022-06-21 05:00:00,79.7,93,77.4,0.0,1018.7,2.5,5.8,0,2022-06-21,5
2022-06-21 06:00:00,79.0,93,76.9,0.0,1019.1,3.3,4.7,0,2022-06-21,6
2022-06-21 07:00:00,76.7,96,75.4,0.0,1019.4,4.7,4.9,0,2022-06-21,7
2022-06-21 08:00:00,78.3,92,75.7,0.004,1020.0,4.8,10.5,51,2022-06-21,8
2022-06-21 09:00:00,80.0,85,75.0,0.016,1020.9,8.9,16.1,51,2022-06-21,9
2022-06-21 10:00:00,75.0,94,73.0,0.126,1021.3,2.3,21.0,63,2022-06-21,10
2022-06-21 11:00:00,80.9,83,75.3,0.008,1021.3,3.6,11.6,51,2022-06-21,11
2022-06-21 12:00:00,86.6,68,74.8,0.0,1020.8,3.2,11.2,2,2022-06-21,12
2022-06-21 13:00:00,91.4,56,73.3,0.0,1020.3,3.7,13.2,0,2022-06-21,13
2022-06-21 14:00:00,93.7,49,71.8,0.0,1019.4,6.3,15.9,0,2022-06-21,14
2022-06-21 15:00:00,95.3,45,70.3,0.0,1018.8,8.1,18.1,1,2022-06-21,15
2022-06-21 16:00:00,94.6,42,68.3,0.0,1018.3,9.8,20.8,0,2022-06-21,16
2022-06-21 17:00:00,93.7,43,67.8,0.0,1018.0,10.9,21.9,0,2022-06-21,17
2022-06-21 18:00:00,91.5,48,69.0,0.0,1017.9,12.2,23.5,2,2022-06-21,18
2022-06-21 19:00:00,90.1,53,70.8,0.0,1018.3,9.8,23.7,2,2022-06-21,19
2022-06-21 20:00:00,87.4,65,74.3,0.0,1018.6,10.0,18.6,3,2022-06-21,20
2022-06-21 21:00:00,85.5,72,75.2,0.0,1018.8,8.9,18.1,1,2022-06-21,21
2022-06-21 22:00:00,83.8,76,75.2,0.0,1019.4,8.2,15.9,0,2022-06-21,22
2022-06-21 23:00:00,82.1,80,75.3,0.0,1019.9,6.4,14.1,0,2022-06-21,23
2022-06-22 00:00:00,80.9,83,75.1,0.0,1020.1,5.4,11.2,1,2022-06-22,0
2022-06-22 01:00:00,79.9,85,74.9,0.0,1020.0,4.3,8.9,0,2022-06-22,1
2022-06-22 02:00:00,79.0,88,75.0,0.0,1019.7,3.2,7.2,0,2022-06-22,2
2022-06-22 03:00:00,78.2,90,75.1,0.0,1019.3,2.1,5.4,0,2022-06-22,3
2022-06-22 04:00:00,77.3,93,75.2,0.0,1019.2,2.0,3.4,0,2022-06-22,4
2022-06-22 05:00:00,77.2,93,75.0,0.0,1019.4,1.9,3.1,0,2022-06-22,5
2022-06-22 06:00:00,76.6,95,75.0,0.0,1019.8,0.5,2.2,0,2022-06-22,6
2022-06-22 07:00:00,77.1,94,75.2,0.0,1020.0,3.1,2.7,0,2022-06-22,7
2022-06-22 08:00:00,81.2,83,75.5,0.0,1020.3,2.1,6.5,0,2022-06-22,8
2022-06-22 09:00:00,84.7,70,73.9,0.0,1020.6,0.9,6.9,0,2022-06-22,9
2022-06-22 10:00:00,87.6,59,71.6,0.0,1020.6,1.3,9.2,0,2022-06-22,10
2022-06-22 11:00:00,90.3,54,71.3,0.0,1020.4,1.6,10.1,1,2022-06-22,11
2022-06-22 12:00:00,92.2,50,71.1,0.0,1019.9,1.8,10.1,1,2022-06-22,12
2022-06-22 13:00:00,94.6,46,70.3,0.0,1019.2,3.4,12.1,1,2022-06-22,13
2022-06-22 14:00:00,95.9,43,69.8,0.0,1018.2,4.7,13.9,3,2022-06-22,14
2022-06-22 15:00:00,95.9,43,70.0,0.0,1017.2,5.9,15.2,3,2022-06-22,15
2022-06-22 16:00:00,96.0,43,69.8,0.0,1016.6,5.9,15.2,2,2022-06-22,16
2022-06-22 17:00:00,95.3,43,69.3,0.0,1015.8,6.3,15.0,1,2022-06-22,17
2022-06-22 18:00:00,94.3,44,68.9,0.0,1015.5,5.7,14.8,1,2022-06-22,18
2022-06-22 19:00:00,79.5,94,77.6,0.0,1016.8,3.7,13.0,1,2022-06-22,19
2022-06-22 20:00:00,82.0,84,76.8,0.0,1016.6,3.4,9.8,3,2022-06-22,20
2022-06-22 21:00:00,81.9,85,76.8,0.0,1016.5,3.9,8.1,3,2022-06-22,21
2022-06-22 22:00:00,81.6,84,76.4,0.0,1016.6,4.3,6.5,0,2022-06-22,22
2022-06-22 23:00:00,81.1,82,75.1,0.0,1016.8,5.3,8.5,0,2022-06-22,23
2022-06-23 00:00:00,80.8,80,74.1,0.0,1016.9,4.3,8.5,1,2022-06-23,0
2022-06-23 01:00:00,80.2,81,73.8,0.0,1016.5,4.2,6.9,0,2022-06-23,1
2022-06-23 02:00:00,79.6,82,73.5,0.0,1016.5,4.9,8.1,0,2022-06-23,2
2022-06-23 03:00:00,79.0,82,73.0,0.0,1016.3,5.2,8.3,0,2022-06-23,3
2022-06-23 04:00:00,78.4,82,72.3,0.0,1016.2,4.6,8.5,2,2022-06-23,4
2022-06-23 05:00:00,77.7,82,72.0,0.0,1016.2,4.1,7.4,1,2022-06-23,5
2022-06-23 06:00:00,76.8,85,72.1,0.0,1016.4,3.5,6.5,0,2022-06-23,6
2022-06-23 07:00:00,77.7,85,72.9,0.0,1016.8,4.9,6.5,0,2022-06-23,7
2022-06-23 08:00:00,80.9,78,73.3,0.0,1017.0,4.3,9.2,0,2022-06-23,8
2022-06-23 09:00:00,84.5,68,72.9,0.0,1017.1,4.8,11.9,0,2022-06-23,9
2022-06-23 10:00:00,88.2,57,71.2,0.0,1016.9,5.0,13.2,0,2022-06-23,10
2022-06-23 11:00:00,91.3,50,69.8,0.0,1016.4,4.1,13.2,0,2022-06-23,11
2022-06-23 12:00:00,93.9,43,68.0,0.0,1015.8,2.5,13.2,0,2022-06-23,12
2022-06-23 13:00:00,95.9,39,66.7,0.0,1015.1,2.3,11.6,0,2022-06-23,13
2022-06-23 14:00:00,97.7,35,65.2,0.0,1014.1,3.6,11.9,0,2022-06-23,14
2022-06-23 15:00:00,98.7,32,63.8,0.0,1013.1,5.1,13.9,0,2022-06-23,15
2022-06-23 16:00:00,98.9,31,62.6,0.0,1012.4,6.1,14.8,0,2022-06-23,16
2022-06-23 17:00:00,98.7,30,62.1,0.0,1011.7,6.2,15.0,0,2022-06-23,17
2022-06-23 18:00:00,98.1,30,61.4,0.0,1011.2,6.1,14.3,0,2022-06-23,18
2022-06-23 19:00:00,95.4,37,64.8,0.0,1011.7,7.8,13.2,0,2022-06-23,19
2022-06-23 20:00:00,91.1,48,68.5,0.0,1012.1,10.6,18.6,3,2022-06-23,20
2022-06-23 21:00:00,89.1,47,66.1,0.0,1012.4,9.5,18.8,3,2022-06-23,21
2022-06-23 22:00:00,87.4,49,66.2,0.0,1012.9,8.3,16.6,3,2022-06-23,22
2022-06-23 23:00:00,85.2,55,67.1,0.0,1013.4,7.0,14.3,1,2022-06-23,23
2022-06-24 00:00:00,83.3,61,68.6,0.0,1013.7,6.7,11.9,1,2022-06-24,0
2022-06-24 01:00:00,81.5,66,69.0,0.0,1013.6,7.0,11.9,1,2022-06-24,1
2022-06-24 02:00:00,80.0,73,70.7,0.0,1013.6,6.8,12.1,1,2022-06-24,2
2022-06-24 03:00:00,78.9,80,72.2,0.0,1013.3,6.7,11.6,0,2022-06-24,3
2022-06-24 04:00:00,78.2,84,72.9,0.0,1013.4,6.2,11.4,0,2022-06-24,4
2022-06-24 05:00:00,77.4,87,73.3,0.0,1013.5,5.4,10.5,0,2022-06-24,5
2022-06-24 06:00:00,76.9,89,73.6,0.0,1013.9,5.1,8.9,3,2022-06-24,6
2022-06-24 07:00:00,78.3,90,75.1,0.0,1014.0,6.3,8.5,0,2022-06-24,7
2022-06-24 08:00:00,81.1,82,75.2,0.0,1014.7,8.1,17.0,1,2022-06-24,8
2022-06-24 09:00:00,83.9,73,74.5,0.0,1015.3,6.7,15.9,1,2022-06-24,9
2022-06-24 10:00:00,86.7,64,73.3,0.0,1015.3,6.0,14.8,0,2022-06-24,10
2022-06-24 11:00:00,90.0,55,71.4,0.0,1015.0,6.0,15.2,0,2022-06-24,11
2022-06-24 12:00:00,93.1,46,69.0,0.0,1014.7,5.1,15.0,0,2022-06-24,12
2022-06-24 13:00:00,95.5,39,66.9,0.0,1014.2,4.7,15.2,0,2022-06-24,13
2022-06-24 14:00:00,97.2,36,65.6,0.0,1013.2,5.6,14.8,0,2022-06-24,14
2022-06-24 15:00:00,97.9,34,64.4,0.0,1012.4,6.3,15.9,0,2022-06-24,15
2022-06-24 16:00:00,98.3,32,63.3,0.0,1011.6,6.4,15.9,0,2022-06-24,16
2022-06-24 17:00:00,98.0,32,62.8,0.0,1011.1,6.7,15.4,1,2022-06-24,17
2022-06-24 18:00:00,95.9,36,64.7,0.0,1010.8,8.9,17.7,1,2022-06-24,18
2022-06-24 19:00:00,92.7,46,69.0,0.0,1011.3,10.0,19.7,1,2022-06-24,19
2022-06-24 20:00:00,90.7,50,69.5,0.0,1011.5,7.7,17.9,0,2022-06-24,20
2022-06-24 21:00:00,88.2,55,70.1,0.0,1012.2,8.8,15.2,0,2022-06-24,21
2022-06-24 22:00:00,85.4,61,70.6,0.0,1013.1,9.8,17.2,0,2022-06-24,22
2022-06-24 23:00:00,82.8,70,72.1,0.0,1013.8,8.8,17.2,0,2022-06-24,23
2022-06-25 00:00:00,81.1,75,72.4,0.0,1014.0,7.9,15.2,0,2022-06-25,0
2022-06-25 01:00:00,79.6,81,73.1,0.0,1014.1,7.4,13.4,0,2022-06-25,1
2022-06-25 02:00:00,78.4,85,73.7,0.0,1014.2,6.9,12.8,0,2022-06-25,2
2022-06-25 03:00:00,77.4,89,73.9,0.0,1014.1,6.2,11.6,0,2022-06-25,3
2022-06-25 04:00:00,76.6,92,74.1,0.0,1014.1,5.0,10.5,0,2022-06-25,4
2022-06-25 05:00:00,75.7,95,74.2,0.0,1014.2,4.5,8.3,0,2022-06-25,5
2022-06-25 06:00:00,75.1,97,74.1,0.0,1014.9,4.0,7.2,0,2022-06-25,6
2022-06-25 07:00:00,78.3,91,75.7,0.0,1015.4,7.7,6.5,0,2022-06-25,7
2022-06-25 08:00:00,80.6,83,74.8,0.0,1016.0,7.9,16.3,1,2022-06-25,8
2022-06-25 09:00:00,83.2,74,73.9,0.0,1016.5,7.1,15.7,1,2022-06-25,9
2022-06-25 10:00:00,86.3,63,72.4,0.0,1016.6,6.1,15.4,0,2022-06-25,10
2022-06-25 11:00:00,89.3,54,70.6,0.0,1016.5,4.9,14.8,0,2022-06-25,11
2022-06-25 12:00:00,92.2,45,68.0,0.0,1016.2,4.5,13.6,0,2022-06-25,12
2022-06-25 13:00:00,94.6,40,66.7,0.0,1015.7,3.8,13.2,0,2022-06-25,13
2022-06-25 14:00:00,96.4,36,65.2,0.0,1014.9,4.1,12.8,0,2022-06-25,14
2022-06-25 15:00:00,97.3,33,63.7,0.0,1014.3,5.1,14.1,0,2022-06-25,15
2022-06-25 16:00:00,98.1,32,63.0,0.0,1013.5,5.8,14.5,0,2022-06-25,16
2022-06-25 17:00:00,98.2,31,62.8,0.0,1012.9,7.8,16.8,0,2022-06-25,17
2022-06-25 18:00:00,96.2,36,65.2,0.0,1012.5,9.9,19.5,0,2022-06-25,18
2022-06-25 19:00:00,93.6,42,67.3,0.0,1013.4,8.7,19.9,0,2022-06-25,19
2022-06-25 20:00:00,91.1,45,67.1,0.0,1014.2,9.8,17.2,0,2022-06-25,20
2022-06-25 21:00:00,88.2,49,66.4,0.0,1014.8,9.1,17.7,0,2022-06-25,21
2022-06-25 22:00:00,85.6,56,68.1,0.0,1015.6,8.5,15.9,0,2022-06-25,22
2022-06-25 23:00:00,83.4,64,70.2,0.0,1016.3,7.8,14.8,0,2022-06-25,23
2022-06-26 00:00:00,81.3,72,71.3,0.0,1016.4,7.6,13.4,0,2022-06-26,0
2022-06-26 01:00:00,79.8,78,72.4,0.0,1016.7,7.4,13.0,0,2022-06-26,1
2022-06-26 02:00:00,78.8,83,73.3,0.0,1016.7,6.5,12.8,0,2022-06-26,2
2022-06-26 03:00:00,78.2,86,73.8,0.0,1016.8,5.2,11.2,0,2022-06-26,3
2022-06-26 04:00:00,77.4,89,73.9,0.0,1016.9,4.3,8.9,0,2022-06-26,4
2022-06-26 05:00:00,76.8,91,74.0,0.0,1017.0,4.4,7.4,0,2022-06-26,5
2022-06-26 06:00:00,76.2,93,74.0,0.0,1017.3,3.9,7.2,0,2022-06-26,6
2022-06-26 07:00:00,76.4,94,74.6,0.0,1017.8,4.9,6.3,0,2022-06-26,7
2022-06-26 08:00:00,79.8,85,74.9,0.0,1018.4,4.0,8.9,0,2022-06-26,8
2022-06-26 09:00:00,83.4,75,74.8,0.0,1018.6,5.0,12.3,1,2022-06-26,9
2022-06-26 10:00:00,86.8,63,72.6,0.0,1019.0,4.3,12.5,1,2022-06-26,10
2022-06-26 11:00:00,90.1,51,69.7,0.0,1019.0,3.6,11.9,0,2022-06-26,11
2022-06-26 12:00:00,93.2,41,66.1,0.0,1018.2,3.2,11.9,0,2022-06-26,12
2022-06-26 13:00:00,95.6,35,63.6,0.0,1017.6,1.6,11.2,0,2022-06-26,13
2022-06-26 14:00:00,97.2,33,63.0,0.0,1016.9,0.2,9.4,0,2022-06-26,14
2022-06-26 15:00:00,98.7,30,62.3,0.0,1016.0,2.6,10.3,0,2022-06-26,15
2022-06-26 16:00:00,98.9,30,62.0,0.0,1015.4,4.3,12.3,1,2022-06-26,16
2022-06-26 17:00:00,97.9,32,62.7,0.0,1014.9,3.8,12.1,1,2022-06-26,17
2022-06-26 18:00:00,94.9,37,64.8,0.004,1015.5,12.8,21.9,51,2022-06-26,18
2022-06-26 19:00:00,86.8,64,73.0,0.0,1016.3,5.4,30.4,2,2022-06-26,19
2022-06-26 20:00:00,86.4,61,71.3,0.0,1016.1,6.0,15.4,3,2022-06-26,20
2022-06-26 21:00:00,84.9,63,70.9,0.0,1016.5,4.1,10.7,3,2022-06-26,21
2022-06-26 22:00:00,84.0,66,71.3,0.0,1017.4,8.4,12.1,3,2022-06-26,22
2022-06-26 23:00:00,81.1,67,69.0,0.0,1017.9,11.4,27.1,3,2022-06-26,23
2022-06-27 00:00:00,79.5,68,68.1,0.0,1018.2,4.3,19.2,3,2022-06-27,0
2022-06-27 01:00:00,79.2,70,68.4,0.0,1018.1,4.0,7.2,2,2022-06-27,1
2022-06-27 02:00:00,78.5,73,69.2,0.0,1018.0,2.5,6.7,1,2022-06-27,2
2022-06-27 03:00:00,78.3,74,69.3,0.0,1018.0,2.5,4.3,2,2022-06-27,3
2022-06-27 04:00:00,76.7,79,69.6,0.0,1017.9,3.8,4.5,3,2022-06-27,4
2022-06-27 05:00:00,77.4,75,68.9,0.0,1017.9,3.2,4.9,0,2022-06-27,5
2022-06-27 06:00:00,76.6,77,68.9,0.0,1018.4,4.3,6.0,0,2022-06-27,6
2022-06-27 07:00:00,77.3,87,73.1,0.0,1017.4,9.0,9.2,0,2022-06-27,7
2022-06-27 08:00:00,75.5,89,72.0,0.185,1020.4,16.6,30.2,63,2022-06-27,8
2022-06-27 09:00:00,75.0,93,72.9,0.079,1019.4,6.2,28.4,61,2022-06-27,9
2022-06-27 10:00:00,79.5,83,73.9,0.0,1019.8,3.8,13.9,3,2022-06-27,10
2022-06-27 11:00:00,84.0,71,73.5,0.0,1019.7,6.8,15.9,2,2022-06-27,11
2022-06-27 12:00:00,88.7,58,71.9,0.0,1019.2,7.4,17.0,0,2022-06-27,12
2022-06-27 13:00:00,91.9,52,71.9,0.0,1018.5,7.2,17.7,1,2022-06-27,13
2022-06-27 14:00:00,93.8,48,71.2,0.0,1017.5,5.9,17.0,2,2022-06-27,14
2022-06-27 15:00:00,95.4,41,67.8,0.0,1016.5,5.5,15.7,1,2022-06-27,15
2022-06-27 16:00:00,96.4,37,65.8,0.0,1015.5,8.0,16.3,1,2022-06-27,16
2022-06-27 17:00:00,92.9,43,67.0,0.004,1015.0,8.5,19.0,51,2022-06-27,17
2022-06-27 18:00:00,94.0,42,67.2,0.0,1014.7,7.2,17.0,2,2022-06-27,18
2022-06-27 19:00:00,84.2,62,69.8,0.004,1016.3,14.1,20.1,51,2022-06-27,19
2022-06-27 20:00:00,77.4,81,71.2,0.197,1017.6,6.9,28.2,63,2022-06-27,20
2022-06-27 21:00:00,75.7,91,73.0,0.11,1017.7,3.2,13.6,63,2022-06-27,21
2022-06-27 22:00:00,75.6,96,74.5,0.012,1018.2,2.9,6.9,51,2022-06-27,22
2022-06-27 23:00:00,73.4,95,71.9,0.0,1019.6,12.3,21.5,3,2022-06-27,23
2022-06-28 00:00:00,73.6,94,71.7,0.0,1019.4,9.3,21.9,3,2022-06-28,0
2022-06-28 01:00:00,74.0,91,71.3,0.0,1019.0,7.5,17.4,3,2022-06-28,1
2022-06-28 02:00:00,73.7,92,71.2,0.0,1018.4,6.0,12.1,3,2022-06-28,2
2022-06-28 03:00:00,72.8,95,71.2,0.0,1017.8,6.2,10.7,2,2022-06-28,3
2022-06-28 04:00:00,72.4,96,71.1,0.0,1017.5,5.5,10.5,3,2022-06-28,4
2022-06-28 05:00:00,72.7,95,71.2,0.0,1017.4,5.6,9.6,3,2022-06-28,5
2022-06-28 06:00:00,73.0,95,71.5,0.0,1017.8,6.0,10.3,3,2022-06-28,6
2022-06-28 07:00:00,77.0,92,74.4,0.0,1018.8,3.6,10.5,3,2022-06-28,7
2022-06-28 08:00:00,77.9,90,74.8,0.051,1019.0,4.5,9.6,61,2022-06-28,8
2022-06-28 09:00:00,80.0,82,74.0,0.004,1019.4,6.8,14.5,51,2022-06-28,9
2022-06-28 10:00:00,81.1,75,72.3,0.051,1020.0,6.4,16.6,61,2022-06-28,10
2022-06-28 11:00:00,80.5,78,73.0,0.004,1019.9,3.9,16.8,51,2022-06-28,11
2022-06-28 12:00:00,84.7,67,72.6,0.0,1019.2,5.2,16.1,3,2022-06-28,12
2022-06-28 13:00:00,89.4,50,68.6,0.0,1018.5,6.9,17.2,3,2022-06-28,13
2022-06-28 14:00:00,93.1,38,63.6,0.0,1017.3,6.7,19.2,3,2022-06-28,14
2022-06-28 15:00:00,94.4,33,61.2,0.0,1016.6,8.0,17.9,3,2022-06-28,15
2022-06-28 16:00:00,95.4,29,58.1,0.0,1015.5,6.9,18.1,3,2022-06-28,16
2022-06-28 17:00:00,95.9,26,55.9,0.0,1014.9,5.5,15.7,1,2022-06-28,17
2022-06-28 18:00:00,95.9,25,54.0,0.0,1014.5,5.3,12.5,1,2022-06-28,18
2022-06-28 19:00:00,90.9,35,59.2,0.0,1016.3,3.8,12.8,2,2022-06-28,19
2022-06-28 20:00:00,87.3,43,62.4,0.0,1016.8,2.0,7.6,2,2022-06-28,20
2022-06-28 21:00:00,82.8,62,68.6,0.0,1017.3,3.6,5.8,3,2022-06-28,21
2022-06-28 22:00:00,80.8,73,71.2,0.0,1017.6,4.2,7.4,3,2022-06-28,22
2022-06-28 23:00:00,79.4,75,71.0,0.0,1018.0,3.2,6.9,2,2022-06-28,23
2022-06-29 00:00:00,78.1,79,70.9,0.0,1018.0,2.7,5.1,3,2022-06-29,0
2022-06-29 01:00:00,77.6,80,71.0,0.0,1017.9,3.7,6.0,3,2022-06-29,1
2022-06-29 02:00:00,77.1,82,71.2,0.0,1017.6,3.9,6.5,0,2022-06-29,2
2022-06-29 03:00:00,76.3,85,71.5,0.0,1017.6,3.1,6.3,0,2022-06-29,3
2022-06-29 04:00:00,75.7,84,70.3,0.0,1017.5,2.3,8.3,0,2022-06-29,4
2022-06-29 05:00:00,74.9,85,70.2,0.0,1017.5,2.7,3.6,0,2022-06-29,5
2022-06-29 06:00:00,75.1,83,69.5,0.0,1017.8,4.0,6.3,0,2022-06-29,6
2022-06-29 07:00:00,74.0,96,72.8,0.0,1018.8,4.6,8.9,1,2022-06-29,7
2022-06-29 08:00:00,74.3,96,73.0,0.13,1019.4,1.0,10.5,63,2022-06-29,8
2022-06-29 09:00:00,77.3,92,74.7,0.039,1020.4,4.5,10.1,55,2022-06-29,9
2022-06-29 10:00:00,79.2,83,73.4,0.008,1020.3,5.4,11.9,51,2022-06-29,10
2022-06-29 11:00:00,82.1,75,73.6,0.0,1020.3,5.7,13.9,3,2022-06-29,11
2022-06-29 12:00:00,86.1,66,73.4,0.0,1019.7,6.5,18.3,3,2022-06-29,12
2022-06-29 13:00:00,88.9,60,73.3,0.0,1019.0,6.9,19.9,3,2022-06-29,13
2022-06-29 14:00:00,90.3,55,72.1,0.0,1018.2,6.6,19.9,3,2022-06-29,14
2022-06-29 15:00:00,90.5,50,69.5,0.0,1017.6,6.8,16.8,3,2022-06-29,15
2022-06-29 16:00:00,90.7,48,68.3,0.0,1016.9,8.5,17.2,3,2022-06-29,16
2022-06-29 17:00:00,86.4,63,72.3,0.012,1016.9,10.9,21.9,51,2022-06-29,17
2022-06-29 18:00:00,85.3,66,72.8,0.004,1016.5,8.2,21.3,51,2022-06-29,18
2022-06-29 19:00:00,77.7,94,75.7,0.0,1017.1,7.3,16.6,3,2022-06-29,19
2022-06-29 20:00:00,78.2,98,77.6,0.012,1017.2,6.8,12.3,51,2022-06-29,20
2022-06-29 21:00:00,77.6,99,77.4,0.012,1017.6,2.5,11.2,51,2022-06-29,21
2022-06-29 22:00:00,77.9,96,76.6,0.008,1017.9,3.2,7.2,51,2022-06-29,22
2022-06-29 23:00:00,77.4,96,76.4,0.0,1018.3,4.7,7.6,3,2022-06-29,23
2022-06-30 00:00:00,77.2,98,76.5,0.0,1018.2,5.0,8.5,3,2022-06-30,0
2022-06-30 01:00:00,76.9,98,76.3,0.0,1018.1,5.2,8.9,3,2022-06-30,1
2022-06-30 02:00:00,76.5,97,75.7,0.0,1017.7,3.7,8.7,3,2022-06-30,2
2022-06-30 03:00:00,76.3,97,75.3,0.0,1017.4,4.1,6.7,3,2022-06-30,3
2022-06-30 04:00:00,76.1,96,75.0,0.0,1017.3,4.5,7.8,3,2022-06-30,4
2022-06-30 05:00:00,75.7,98,74.9,0.0,1017.1,3.7,7.4,3,2022-06-30,5
2022-06-30 06:00:00,75.5,98,74.9,0.0,1017.4,4.7,7.8,3,2022-06-30,6
2022-06-30 07:00:00,75.3,100,75.3,0.0,1017.7,5.7,7.8,3,2022-06-30,7
2022-06-30 08:00:00,74.3,100,74.3,0.094,1018.3,5.4,10.3,61,2022-06-30,8
2022-06-30 09:00:00,74.8,97,73.9,0.059,1018.2,5.9,12.3,61,2022-06-30,9
2022-06-30 10:00:00,75.5,94,73.6,0.016,1017.9,8.0,14.3,51,2022-06-30,10
2022-06-30 11:00:00,76.5,91,73.7,0.012,1017.6,7.8,17.2,51,2022-06-30,11
2022-06-30 12:00:00,79.2,84,73.8,0.008,1017.1,9.7,18.1,51,2022-06-30,12
2022-06-30 13:00:00,79.3,83,73.6,0.008,1016.9,9.2,19.5,51,2022-06-30,13
2022-06-30 14:00:00,81.0,79,73.7,0.008,1016.2,9.5,19.0,51,2022-06-30,14
2022-06-30 15:00:00,81.9,76,73.6,0.012,1015.5,11.3,21.7,51,2022-06-30,15
2022-06-30 16:00:00,80.1,80,73.5,0.051,1015.0,11.4,23.3,61,2022-06-30,16
2022-06-30 17:00:00,80.3,80,73.6,0.004,1014.2,10.7,21.7,51,2022-06-30,17
2022-06-30 18:00:00,79.5,81,73.3,0.0,1013.9,9.9,20.4,3,2022-06-30,18
2022-06-30 19:00:00,78.7,79,71.8,0.0,1014.8,12.2,18.3,3,2022-06-30,19
2022-06-30 20:00:00,77.9,82,72.1,0.0,1014.8,10.7,22.1,3,2022-06-30,20
2022-06-30 21:00:00,77.1,86,72.7,0.0,1014.8,9.7,19.5,3,2022-06-30,21
2022-06-30 22:00:00,76.7,88,72.8,0.0,1015.3,8.0,17.4,3,2022-06-30,22
2022-06-30 23:00:00,77.0,86,72.4,0.0,1015.4,8.5,15.7,3,2022-06-30,23
2022-07-01 00:00:00,76.5,87,72.2,0.0,1015.4,7.6,15.4,3,2022-07-01,0
2022-07-01 01:00:00,75.7,89,72.3,0.0,1015.3,6.1,13.4,3,2022-07-01,1
2022-07-01 02:00:00,75.4,91,72.5,0.0,1015.0,5.4,10.3,2,2022-07-01,2
2022-07-01 03:00:00,75.0,92,72.6,0.0,1014.4,4.3,8.9,3,2022-07-01,3
2022-07-01 04:00:00,74.7,94,72.8,0.012,1014.2,6.9,11.2,51,2022-07-01,4
2022-07-01 05:00:00,74.0,95,72.4,0.008,1014.1,6.0,14.3,51,2022-07-01,5
2022-07-01 06:00:00,72.8,97,72.0,0.008,1014.5,7.2,12.8,51,2022-07-01,6
2022-07-01 07:00:00,74.5,98,73.8,0.012,1014.1,2.3,13.6,51,2022-07-01,7
2022-07-01 08:00:00,73.3,99,73.1,0.11,1014.9,0.9,7.6,63,2022-07-01,8
2022-07-01 09:00:00,74.0,94,72.3,0.189,1015.0,3.2,8.1,63,2022-07-01,9
2022-07-01 10:00:00,75.5,90,72.3,0.004,1014.8,4.6,8.1,51,2022-07-01,10
2022-07-01 11:00:00,79.2,81,72.9,0.0,1014.9,4.9,15.0,3,2022-07-01,11
2022-07-01 12:00:00,79.8,80,72.9,0.0,1015.2,6.1,12.8,3,2022-07-01,12
2022-07-01 13:00:00,82.0,75,73.4,0.004,1014.7,5.0,13.0,51,2022-07-01,13
2022-07-01 14:00:00,83.8,72,73.8,0.004,1014.1,4.0,12.5,51,2022-07-01,14
2022-07-01 15:00:00,85.2,70,74.4,0.0,1013.2,4.7,12.1,3,2022-07-01,15
2022-07-01 16:00:00,86.4,69,74.9,0.0,1012.6,6.6,14.5,3,2022-07-01,16
2022-07-01 17:00:00,87.1,67,74.8,0.004,1012.1,7.0,15.4,51,2022-07-01,17
2022-07-01 18:00:00,84.3,75,75.5,0.051,1011.6,6.9,15.0,61,2022-07-01,18
2022-07-01 19:00:00,83.1,78,75.5,0.004,1012.3,5.7,12.8,51,2022-07-01,19
2022-07-01 20:00:00,80.3,86,75.7,0.063,1012.8,3.6,11.0,61,2022-07-01,20
2022-07-01 21:00:00,78.8,93,76.5,0.004,1012.6,5.4,9.4,51,2022-07-01,21
2022-07-01 22:00:00,77.5,96,76.2,0.008,1013.2,3.4,8.5,51,2022-07-01,22
2022-07-01 23:00:00,76.9,97,75.9,0.012,1013.5,3.3,6.7,51,2022-07-01,23
2022-07-02 00:00:00,76.7,97,75.7,0.0,1014.0,3.1,5.6,1,2022-07-02,0
2022-07-02 01:00:00,76.9,96,75.6,0.0,1014.0,4.6,6.9,1,2022-07-02,1
2022-07-02 02:00:00,76.8,96,75.6,0.0,1013.7,5.9,9.4,1,2022-07-02,2
2022-07-02 03:00:00,76.6,96,75.4,0.0,1013.3,4.9,9.4,1,2022-07-02,3
2022-07-02 04:00:00,76.4,96,75.3,0.0,1013.4,5.0,7.8,1,2022-07-02,4
2022-07-02 05:00:00,76.4,96,75.3,0.0,1013.5,4.8,8.3,3,2022-07-02,5
2022-07-02 06:00:00,75.7,98,74.9,0.0,1014.0,3.5,7.4,3,2022-07-02,6
2022-07-02 07:00:00,71.8,90,68.8,0.0,1014.7,5.2,5.6,3,2022-07-02,7
2022-07-02 08:00:00,73.9,87,69.9,0.016,1015.1,5.2,9.4,51,2022-07-02,8
2022-07-02 09:00:00,74.5,89,71.0,0.079,1015.5,1.4,10.7,61,2022-07-02,9
2022-07-02 10:00:00,78.5,84,73.1,0.0,1015.6,1.9,8.1,3,2022-07-02,10
2022-07-02 11:00:00,83.5,75,74.8,0.0,1015.5,4.3,11.6,1,2022-07-02,11
2022-07-02 12:00:00,86.9,70,75.9,0.004,1015.2,6.9,18.3,51,2022-07-02,12
2022-07-02 13:00:00,88.6,67,76.3,0.004,1014.8,8.1,19.9,51,2022-07-02,13
2022-07-02 14:00:00,90.1,61,75.1,0.004,1014.1,7.4,19.7,51,2022-07-02,14
2022-07-02 15:00:00,91.7,54,72.5,0.004,1013.1,7.4,17.0,51,2022-07-02,15
2022-07-02 16:00:00,82.9,79,75.7,0.142,1013.7,6.3,16.1,63,2022-07-02,16
2022-07-02 17:00:00,84.0,78,76.5,0.043,1013.0,6.5,12.3,55,2022-07-02,17
2022-07-02 18:00:00,84.3,74,75.0,0.0,1012.7,7.8,14.8,1,2022-07-02,18
2022-07-02 19:00:00,82.6,80,75.9,0.0,1012.2,7.4,15.9,0,2022-07-02,19
2022-07-02 20:00:00,82.9,81,76.6,0.004,1012.5,6.3,15.0,51,2022-07-02,20
2022-07-02 21:00:00,81.8,84,76.6,0.0,1012.7,8.4,13.9,1,2022-07-02,21
2022-07-02 22:00:00,81.3,86,76.7,0.0,1013.4,6.9,14.5,1,2022-07-02,22
2022-07-02 23:00:00,80.9,88,76.9,0.0,1014.3,7.2,12.1,1,2022-07-02,23
2022-07-03 00:00:00,80.4,89,76.7,0.0,1014.9,6.7,12.8,0,2022-07-03,0
2022-07-03 01:00:00,79.6,90,76.6,0.0,1015.3,6.7,11.4,0,2022-07-03,1
2022-07-03 02:00:00,78.9,92,76.5,0.0,1015.4,6.1,11.4,0,2022-07-03,2
2022-07-03 03:00:00,78.3,94,76.3,0.0,1015.5,5.3,10.3,0,2022-07-03,3
2022-07-03 04:00:00,77.7,95,76.1,0.0,1015.7,4.8,8.9,0,2022-07-03,4
2022-07-03 05:00:00,77.1,96,75.8,0.0,1015.7,3.4,7.6,0,2022-07-03,5
2022-07-03 06:00:00,76.6,96,75.5,0.0,1015.8,3.2,5.4,0,2022-07-03,6
2022-07-03 07:00:00,77.9,95,76.3,0.0,1016.4,2.5,6.0,0,2022-07-03,7
2022-07-03 08:00:00,80.3,89,76.9,0.004,1017.1,2.3,5.8,51,2022-07-03,8
2022-07-03 09:00:00,82.6,83,76.8,0.02,1017.4,4.8,10.5,53,2022-07-03,9
2022-07-03 10:00:00,84.5,79,77.1,0.0,1017.6,3.2,12.3,1,2022-07-03,10
2022-07-03 11:00:00,86.3,73,76.5,0.004,1017.4,3.5,11.9,51,2022-07-03,11
2022-07-03 12:00:00,88.5,66,75.8,0.004,1017.4,3.8,11.2,51,2022-07-03,12
2022-07-03 13:00:00,91.0,58,74.0,0.0,1016.9,4.6,12.5,0,2022-07-03,13
2022-07-03 14:00:00,92.8,54,73.5,0.0,1016.2,5.5,13.6,0,2022-07-03,14
2022-07-03 15:00:00,93.4,50,72.0,0.0,1015.5,6.4,15.0,0,2022-07-03,15
2022-07-03 16:00:00,92.8,51,72.0,0.0,1015.0,8.4,17.4,0,2022-07-03,16
2022-07-03 17:00:00,91.8,53,72.1,0.0,1014.5,9.9,19.5,0,2022-07-03,17
2022-07-03 18:00:00,90.5,56,72.4,0.0,1014.2,10.3,19.9,0,2022-07-03,18
2022-07-03 19:00:00,87.6,66,75.0,0.0,1014.8,11.4,19.7,0,2022-07-03,19
2022-07-03 20:00:00,86.3,68,74.7,0.0,1015.4,9.3,20.1,1,2022-07-03,20
2022-07-03 21:00:00,84.4,73,74.8,0.0,1016.0,8.0,16.3,0,2022-07-03,21
2022-07-03 22:00:00,82.5,80,75.6,0.0,1016.5,8.0,13.9,0,2022-07-03,22
2022-07-03 23:00:00,81.2,84,75.8,0.0,1017.1,7.4,13.9,0,2022-07-03,23
2022-07-04 00:00:00,80.0,88,76.0,0.0,1017.5,5.8,13.0,0,2022-07-04,0
2022-07-04 01:00:00,78.4,93,76.1,0.0,1017.3,4.3,9.8,0,2022-07-04,1
2022-07-04 02:00:00,77.4,96,76.1,0.0,1017.0,3.4,7.2,0,2022-07-04,2
2022-07-04 03:00:00,76.6,97,75.8,0.0,1017.0,2.9,5.4,0,2022-07-04,3
2022-07-04 04:00:00,76.0,99,75.6,0.0,1017.0,4.0,4.9,1,2022-07-04,4
2022-07-04 05:00:00,76.6,99,76.1,0.0,1017.1,3.0,4.7,1,2022-07-04,5
2022-07-04 06:00:00,76.5,99,76.0,0.0,1017.2,3.2,5.1,1,2022-07-04,6
2022-07-04 07:00:00,79.4,99,79.0,0.0,1017.1,3.7,4.9,1,2022-07-04,7
2022-07-04 08:00:00,80.8,92,78.3,0.008,1017.6,6.6,11.4,51,2022-07-04,8
2022-07-04 09:00:00,82.3,86,77.5,0.012,1018.1,7.9,15.4,51,2022-07-04,9
2022-07-04 10:00:00,85.2,76,76.8,0.008,1018.5,7.0,15.7,51,2022-07-04,10
2022-07-04 11:00:00,87.3,70,76.1,0.004,1018.4,4.0,14.5,51,2022-07-04,11
2022-07-04 12:00:00,89.2,65,76.0,0.012,1018.2,3.9,11.4,51,2022-07-04,12
2022-07-04 13:00:00,90.0,64,76.2,0.004,1017.9,6.0,15.2,51,2022-07-04,13
2022-07-04 14:00:00,91.0,62,76.0,0.0,1017.3,6.3,15.4,1,2022-07-04,14
2022-07-04 15:00:00,92.7,58,75.6,0.004,1016.5,8.6,18.6,51,2022-07-04,15
2022-07-04 16:00:00,92.4,56,74.4,0.0,1015.9,9.8,20.1,0,2022-07-04,16
2022-07-04 17:00:00,92.6,52,72.6,0.0,1015.3,9.7,20.1,1,2022-07-04,17
2022-07-04 18:00:00,91.6,53,72.1,0.0,1015.2,9.8,19.7,2,2022-07-04,18
2022-07-04 19:00:00,87.9,66,75.1,0.0,1015.4,5.9,19.0,1,2022-07-04,19
2022-07-04 20:00:00,87.3,67,75.1,0.0,1015.6,7.8,13.2,1,2022-07-04,20
2022-07-04 21:00:00,85.1,74,75.7,0.0,1015.9,8.0,13.6,0,2022-07-04,21
2022-07-04 22:00:00,83.1,80,76.5,0.0,1016.6,8.3,14.5,0,2022-07-04,22
2022-07-04 23:00:00,81.3,87,76.9,0.0,1017.3,7.7,14.5,0,2022-07-04,23
2022-07-05 00:00:00,80.1,90,77.0,0.0,1017.5,7.2,13.2,0,2022-07-05,0
2022-07-05 01:00:00,79.2,93,76.9,0.0,1017.4,6.1,12.1,0,2022-07-05,1
2022-07-05 02:00:00,78.5,95,76.8,0.0,1016.9,5.6,10.3,0,2022-07-05,2
2022-07-05 03:00:00,78.1,95,76.6,0.0,1016.6,5.4,9.6,0,2022-07-05,3
2022-07-05 04:00:00,77.5,96,76.4,0.0,1016.6,4.7,8.9,0,2022-07-05,4
2022-07-05 05:00:00,77.0,96,75.9,0.0,1016.6,3.8,7.8,0,2022-07-05,5
2022-07-05 06:00:00,76.6,97,75.6,0.0,1016.6,3.6,6.3,0,2022-07-05,6
2022-07-05 07:00:00,77.8,96,76.6,0.0,1017.0,3.7,6.3,1,2022-07-05,7
2022-07-05 08:00:00,81.1,86,76.6,0.0,1017.6,6.2,11.0,3,2022-07-05,8
2022-07-05 09:00:00,83.8,78,76.2,0.004,1017.8,7.3,14.8,51,2022-07-05,9
2022-07-05 10:00:00,86.6,68,74.8,0.0,1017.5,6.7,15.2,3,2022-07-05,10
2022-07-05 11:00:00,88.8,61,73.8,0.0,1017.2,5.7,14.8,1,2022-07-05,11
2022-07-05 12:00:00,90.2,58,73.3,0.0,1017.0,5.0,14.1,1,2022-07-05,12
2022-07-05 13:00:00,92.6,53,72.8,0.0,1016.4,5.0,13.6,0,2022-07-05,13
2022-07-05 14:00:00,93.6,49,71.8,0.0,1015.7,6.3,15.4,3,2022-07-05,14
2022-07-05 15:00:00,93.8,48,71.4,0.0,1014.9,6.7,15.7,3,2022-07-05,15
2022-07-05 16:00:00,94.4,46,70.7,0.0,1014.2,8.1,17.4,3,2022-07-05,16
2022-07-05 17:00:00,93.9,47,70.8,0.0,1013.5,9.3,19.2,0,2022-07-05,17
2022-07-05 18:00:00,93.4,48,70.7,0.0,1013.1,9.4,19.2,0,2022-07-05,18
2022-07-05 19:00:00,89.5,60,73.8,0.0,1013.5,12.2,18.6,0,2022-07-05,19
2022-07-05 20:00:00,87.5,64,73.8,0.0,1013.6,10.2,22.4,0,2022-07-05,20
2022-07-05 21:00:00,85.5,70,74.8,0.0,1013.8,8.8,17.7,3,2022-07-05,21
2022-07-05 22:00:00,83.5,77,75.7,0.0,1014.4,9.1,16.1,3,2022-07-05,22
2022-07-05 23:00:00,81.9,83,76.2,0.0,1015.2,8.5,16.1,3,2022-07-05,23
2022-07-06 00:00:00,80.7,87,76.4,0.0,1014.9,7.1,14.8,3,2022-07-06,0
2022-07-06 01:00:00,79.6,90,76.5,0.0,1014.9,6.0,12.1,0,2022-07-06,1
2022-07-06 02:00:00,79.0,92,76.4,0.0,1015.2,5.6,10.1,1,2022-07-06,2
2022-07-06 03:00:00,78.7,92,76.3,0.0,1015.3,5.4,9.4,1,2022-07-06,3
2022-07-06 04:00:00,78.3,93,76.3,0.0,1015.4,4.8,9.2,1,2022-07-06,4
2022-07-06 05:00:00,77.8,95,76.2,0.0,1015.2,3.7,8.1,0,2022-07-06,5
2022-07-06 06:00:00,77.3,96,76.1,0.0,1015.2,3.0,6.3,0,2022-07-06,6
2022-07-06 07:00:00,78.4,95,76.9,0.0,1015.2,2.7,4.7,0,2022-07-06,7
2022-07-06 08:00:00,81.7,86,77.2,0.0,1015.9,2.7,6.5,3,2022-07-06,8
2022-07-06 09:00:00,84.8,76,76.4,0.004,1016.1,5.4,12.1,51,2022-07-06,9
2022-07-06 10:00:00,88.0,65,74.6,0.0,1016.3,6.2,14.5,3,2022-07-06,10
2022-07-06 11:00:00,90.4,58,73.5,0.0,1016.1,5.8,14.5,3,2022-07-06,11
2022-07-06 12:00:00,89.4,59,73.0,0.02,1016.1,7.4,17.2,53,2022-07-06,12
2022-07-06 13:00:00,84.8,74,75.6,0.008,1016.1,9.1,18.6,51,2022-07-06,13
2022-07-06 14:00:00,87.0,68,75.1,0.039,1015.4,8.7,18.8,55,2022-07-06,14
2022-07-06 15:00:00,85.6,73,76.1,0.0,1014.8,8.2,19.2,3,2022-07-06,15
2022-07-06 16:00:00,87.5,68,75.7,0.0,1014.2,9.5,19.0,3,2022-07-06,16
2022-07-06 17:00:00,88.3,65,75.3,0.0,1013.9,9.2,20.1,3,2022-07-06,17
2022-07-06 18:00:00,87.1,69,75.7,0.0,1013.5,9.5,19.2,3,2022-07-06,18
2022-07-06 19:00:00,79.1,97,78.1,0.0,1014.0,2.3,19.2,3,2022-07-06,19
2022-07-06 20:00:00,80.5,97,79.6,0.02,1013.7,3.0,5.4,53,2022-07-06,20
2022-07-06 21:00:00,80.4,97,79.6,0.0,1013.9,4.1,7.2,3,2022-07-06,21
2022-07-06 22:00:00,81.1,92,78.5,0.0,1014.4,6.7,10.3,3,2022-07-06,22
2022-07-06 23:00:00,80.5,88,76.5,0.0,1014.7,8.6,14.3,3,2022-07-06,23
2022-07-07 00:00:00,79.8,89,76.4,0.0,1015.0,6.7,13.9,3,2022-07-07,0
2022-07-07 01:00:00,79.0,92,76.4,0.0,1015.1,4.9,10.7,3,2022-07-07,1
2022-07-07 02:00:00,78.2,94,76.3,0.0,1014.9,4.0,7.8,3,2022-07-07,2
2022-07-07 03:00:00,77.7,95,76.1,0.0,1015.0,3.9,6.3,3,2022-07-07,3
2022-07-07 04:00:00,77.4,95,75.9,0.0,1015.1,3.8,6.3,3,2022-07-07,4
2022-07-07 05:00:00,77.0,96,75.7,0.0,1015.3,3.5,5.8,3,2022-07-07,5
2022-07-07 06:00:00,76.7,96,75.5,0.0,1015.3,3.5,6.0,3,2022-07-07,6
2022-07-07 07:00:00,78.0,96,76.7,0.0,1015.5,2.8,5.6,0,2022-07-07,7
2022-07-07 08:00:00,80.8,90,77.4,0.0,1016.1,2.4,6.3,0,2022-07-07,8
2022-07-07 09:00:00,84.1,79,76.9,0.004,1016.4,5.9,12.3,51,2022-07-07,9
2022-07-07 10:00:00,86.6,70,75.7,0.004,1016.6,6.8,15.9,51,2022-07-07,10
2022-07-07 11:00:00,87.4,66,74.7,0.008,1016.5,7.9,17.4,51,2022-07-07,11
2022-07-07 12:00:00,87.3,67,75.1,0.055,1016.3,6.3,18.1,61,2022-07-07,12
2022-07-07 13:00:00,90.6,60,74.6,0.0,1015.8,5.2,14.8,1,2022-07-07,13
2022-07-07 14:00:00,93.3,53,73.8,0.0,1015.1,5.1,14.3,1,2022-07-07,14
2022-07-07 15:00:00,94.2,51,73.4,0.0,1014.5,6.1,15.0,2,2022-07-07,15
2022-07-07 16:00:00,92.2,54,73.1,0.024,1014.2,8.9,18.1,53,2022-07-07,16
2022-07-07 17:00:00,86.2,73,76.6,0.004,1014.3,9.2,18.8,51,2022-07-07,17
2022-07-07 18:00:00,88.9,67,76.6,0.0,1013.8,9.8,18.6,2,2022-07-07,18
2022-07-07 19:00:00,82.8,81,76.4,0.0,1013.8,3.5,20.4,1,2022-07-07,19
2022-07-07 20:00:00,83.6,81,77.2,0.0,1013.5,5.6,11.0,1,2022-07-07,20
2022-07-07 21:00:00,83.2,83,77.5,0.0,1013.7,5.4,9.8,0,2022-07-07,21
2022-07-07 22:00:00,83.8,76,75.5,0.0,1014.1,9.1,15.4,0,2022-07-07,22
2022-07-07 23:00:00,82.6,78,74.9,0.0,1014.9,7.7,15.7,0,2022-07-07,23
2022-07-08 00:00:00,81.2,81,74.9,0.0,1015.3,7.4,13.0,0,2022-07-08,0
2022-07-08 01:00:00,80.2,85,75.4,0.0,1015.6,6.5,12.5,0,2022-07-08,1
2022-07-08 02:00:00,79.4,90,76.2,0.0,1015.8,5.5,11.2,0,2022-07-08,2
2022-07-08 03:00:00,78.7,93,76.6,0.0,1015.9,4.8,8.9,0,2022-07-08,3
2022-07-08 04:00:00,78.2,95,76.7,0.0,1016.0,4.6,8.1,0,2022-07-08,4
2022-07-08 05:00:00,77.7,96,76.6,0.0,1016.1,4.4,7.8,0,2022-07-08,5
2022-07-08 06:00:00,77.4,97,76.5,0.0,1016.4,4.1,6.9,0,2022-07-08,6
2022-07-08 07:00:00,79.4,95,77.8,0.0,1016.8,4.1,6.5,0,2022-07-08,7
2022-07-08 08:00:00,82.3,86,77.7,0.004,1017.3,5.6,10.3,51,2022-07-08,8
2022-07-08 09:00:00,84.9,78,77.4,0.016,1017.9,6.0,12.8,51,2022-07-08,9
2022-07-08 10:00:00,86.3,74,77.1,0.016,1018.2,7.2,15.9,51,2022-07-08,10
2022-07-08 11:00:00,89.5,62,74.6,0.0,1017.7,5.9,15.7,0,2022-07-08,11
2022-07-08 12:00:00,92.8,52,72.8,0.0,1017.3,5.1,14.5,0,2022-07-08,12
2022-07-08 13:00:00,94.6,48,71.7,0.0,1016.9,4.5,13.9,0,2022-07-08,13
2022-07-08 14:00:00,95.9,45,71.2,0.0,1016.0,5.1,13.9,0,2022-07-08,14
2022-07-08 15:00:00,96.9,44,71.7,0.0,1015.6,5.1,13.9,0,2022-07-08,15
2022-07-08 16:00:00,97.2,45,72.1,0.0,1015.0,6.8,15.7,0,2022-07-08,16
2022-07-08 17:00:00,95.7,48,72.8,0.0,1014.7,8.1,17.7,1,2022-07-08,17
2022-07-08 18:00:00,93.7,52,73.6,0.012,1014.3,8.4,17.9,51,2022-07-08,18
2022-07-08 19:00:00,91.3,57,74.0,0.0,1015.1,10.6,17.7,1,2022-07-08,19
2022-07-08 20:00:00,91.2,54,72.5,0.0,1015.0,7.5,19.5,0,2022-07-08,20
2022-07-08 21:00:00,89.2,55,71.1,0.0,1015.0,9.3,16.6,0,2022-07-08,21
2022-07-08 22:00:00,87.1,60,71.4,0.0,1015.6,9.8,16.8,0,2022-07-08,22
2022-07-08 23:00:00,85.3,64,71.7,0.0,1016.3,9.6,17.2,0,2022-07-08,23
2022-07-09 00:00:00,83.8,69,72.8,0.0,1016.8,7.6,16.6,0,2022-07-09,0
2022-07-09 01:00:00,82.7,74,73.5,0.0,1017.2,6.1,13.0,0,2022-07-09,1
2022-07-09 02:00:00,81.9,77,73.8,0.0,1017.1,5.6,10.3,0,2022-07-09,2
2022-07-09 03:00:00,81.1,80,74.2,0.0,1016.7,5.8,9.8,0,2022-07-09,3
2022-07-09 04:00:00,80.5,82,74.5,0.0,1016.5,5.6,9.8,0,2022-07-09,4
2022-07-09 05:00:00,80.0,84,74.7,0.0,1016.7,5.4,9.6,0,2022-07-09,5
2022-07-09 06:00:00,79.4,86,74.9,0.0,1017.2,5.3,8.9,0,2022-07-09,6
2022-07-09 07:00:00,80.0,87,75.7,0.0,1017.9,6.3,9.4,0,2022-07-09,7
2022-07-09 08:00:00,83.2,79,75.9,0.0,1018.4,10.0,17.7,2,2022-07-09,8
2022-07-09 09:00:00,85.8,71,75.4,0.0,1018.6,9.2,19.2,0,2022-07-09,9
2022-07-09 10:00:00,88.8,63,74.8,0.0,1018.6,7.5,18.6,0,2022-07-09,10
2022-07-09 11:00:00,91.8,54,72.8,0.0,1018.4,6.6,16.8,0,2022-07-09,11
2022-07-09 12:00:00,95.1,46,71.1,0.0,1018.0,5.5,16.1,0,2022-07-09,12
2022-07-09 13:00:00,97.2,42,70.3,0.0,1017.5,2.9,14.8,0,2022-07-09,13
2022-07-09 14:00:00,99.0,39,69.7,0.0,1016.3,1.6,11.2,1,2022-07-09,14
2022-07-09 15:00:00,99.9,38,69.8,0.0,1015.3,0.4,9.4,0,2022-07-09,15
2022-07-09 16:00:00,100.5,37,69.3,0.0,1014.4,1.5,8.9,0,2022-07-09,16
2022-07-09 17:00:00,100.5,37,69.3,0.0,1013.7,2.6,9.8,3,2022-07-09,17
2022-07-09 18:00:00,99.6,38,69.3,0.0,1013.5,4.7,11.4,0,2022-07-09,18
2022-07-09 19:00:00,95.7,45,71.2,0.0,1013.8,9.1,16.8,0,2022-07-09,19
2022-07-09 20:00:00,93.5,53,73.8,0.0,1013.9,7.2,17.2,1,2022-07-09,20
2022-07-09 21:00:00,91.2,55,72.6,0.0,1014.1,9.4,16.1,0,2022-07-09,21
2022-07-09 22:00:00,89.7,59,73.4,0.0,1014.5,8.8,17.0,0,2022-07-09,22
2022-07-09 23:00:00,88.8,59,72.8,0.0,1014.8,9.5,16.6,3,2022-07-09,23
2022-07-10 00:00:00,86.9,62,72.2,0.0,1015.2,9.5,16.6,1,2022-07-10,0
2022-07-10 01:00:00,85.3,65,72.2,0.0,1015.4,8.3,16.6,0,2022-07-10,1
2022-07-10 02:00:00,84.3,67,72.3,0.0,1015.1,8.3,14.3,0,2022-07-10,2
2022-07-10 03:00:00,83.2,72,73.0,0.0,1014.9,7.6,14.1,0,2022-07-10,3
2022-07-10 04:00:00,82.5,76,74.1,0.0,1014.7,7.1,13.0,0,2022-07-10,4
2022-07-10 05:00:00,81.9,79,74.8,0.0,1014.5,6.8,11.9,0,2022-07-10,5
2022-07-10 06:00:00,81.6,81,75.3,0.0,1014.7,7.1,12.3,0,2022-07-10,6
2022-07-10 07:00:00,78.2,93,76.0,0.0,1015.4,9.9,12.3,0,2022-07-10,7
2022-07-10 08:00:00,80.0,86,75.5,0.043,1016.2,10.4,21.7,55,2022-07-10,8
2022-07-10 09:00:00,81.1,83,75.6,0.039,1016.2,6.9,17.9,55,2022-07-10,9
2022-07-10 10:00:00,84.3,74,75.1,0.008,1016.2,10.0,18.3,51,2022-07-10,10
2022-07-10 11:00:00,86.6,64,72.9,0.0,1015.7,8.4,22.4,3,2022-07-10,11
2022-07-10 12:00:00,91.7,54,72.9,0.0,1015.2,8.5,19.0,2,2022-07-10,12
2022-07-10 13:00:00,96.0,45,71.2,0.0,1014.3,8.1,19.5,1,2022-07-10,13
2022-07-10 14:00:00,98.4,41,70.9,0.0,1013.2,8.1,18.8,2,2022-07-10,14
2022-07-10 15:00:00,99.8,39,70.5,0.0,1012.4,7.1,18.8,3,2022-07-10,15
2022-07-10 16:00:00,100.9,37,69.7,0.0,1011.4,6.6,17.7,3,2022-07-10,16
2022-07-10 17:00:00,101.8,35,69.2,0.0,1010.6,5.5,16.1,3,2022-07-10,17
2022-07-10 18:00:00,101.8,34,68.4,0.0,1009.7,5.7,13.4,1,2022-07-10,18
2022-07-10 19:00:00,80.6,89,77.2,0.0,1010.6,3.5,12.5,2,2022-07-10,19
2022-07-10 20:00:00,82.8,93,80.8,0.035,1009.7,7.6,11.4,53,2022-07-10,20
2022-07-10 21:00:00,85.5,73,76.0,0.008,1009.9,8.6,13.4,51,2022-07-10,21
2022-07-10 22:00:00,85.6,76,77.0,0.0,1010.9,7.3,13.0,3,2022-07-10,22
2022-07-10 23:00:00,85.1,76,76.7,0.0,1011.7,4.6,11.6,2,2022-07-10,23
2022-07-11 00:00:00,84.7,71,74.4,0.0,1011.8,6.8,11.0,2,2022-07-11,0
2022-07-11 01:00:00,83.6,76,75.0,0.0,1011.5,6.5,11.0,2,2022-07-11,1
2022-07-11 02:00:00,82.7,78,75.3,0.0,1011.4,4.8,10.7,1,2022-07-11,2
2022-07-11 03:00:00,81.4,82,75.6,0.0,1011.5,2.8,7.6,1,2022-07-11,3
2022-07-11 04:00:00,81.4,83,75.9,0.0,1011.7,4.1,6.7,1,2022-07-11,4
2022-07-11 05:00:00,80.8,86,76.1,0.0,1011.9,4.2,7.2,1,2022-07-11,5
2022-07-11 06:00:00,80.4,86,75.7,0.0,1011.5,5.2,8.7,1,2022-07-11,6
2022-07-11 07:00:00,77.4,92,74.9,0.0,1012.0,1.4,8.3,0,2022-07-11,7
2022-07-11 08:00:00,80.0,85,74.9,0.004,1012.4,6.3,13.2,51,2022-07-11,8
2022-07-11 09:00:00,83.1,81,76.8,0.0,1012.3,4.0,12.5,3,2022-07-11,9
2022-07-11 10:00:00,87.9,72,77.5,0.0,1012.4,7.2,16.3,3,2022-07-11,10
2022-07-11 11:00:00,92.9,54,74.0,0.0,1011.7,8.1,18.1,3,2022-07-11,11
2022-07-11 12:00:00,97.1,43,70.6,0.0,1011.2,8.9,19.9,2,2022-07-11,12
2022-07-11 13:00:00,99.4,38,69.3,0.0,1010.7,7.8,19.9,1,2022-07-11,13
2022-07-11 14:00:00,100.9,35,68.2,0.0,1010.0,6.2,18.6,2,2022-07-11,14
2022-07-11 15:00:00,102.0,33,67.5,0.0,1009.4,4.8,15.9,3,2022-07-11,15
2022-07-11 16:00:00,102.7,32,66.7,0.0,1008.7,3.6,13.6,2,2022-07-11,16
2022-07-11 17:00:00,102.0,31,66.0,0.0,1008.0,3.6,11.4,1,2022-07-11,17
2022-07-11 18:00:00,97.4,44,71.9,0.004,1007.7,9.8,19.2,51,2022-07-11,18
2022-07-11 19:00:00,95.6,48,72.7,0.0,1007.6,11.7,21.3,1,2022-07-11,19
2022-07-11 20:00:00,94.0,49,72.2,0.0,1007.9,8.5,22.4,3,2022-07-11,20
2022-07-11 21:00:00,91.4,56,73.7,0.0,1008.4,4.5,14.8,3,2022-07-11,21
2022-07-11 22:00:00,90.1,57,72.6,0.0,1009.6,7.8,12.1,1,2022-07-11,22
2022-07-11 23:00:00,87.3,67,75.2,0.0,1010.9,9.7,17.0,0,2022-07-11,23
2022-07-12 00:00:00,85.0,77,77.1,0.0,1011.3,8.7,17.4,0,2022-07-12,0
2022-07-12 01:00:00,83.9,81,77.4,0.0,1011.3,6.8,15.2,0,2022-07-12,1
2022-07-12 02:00:00,83.3,82,77.4,0.0,1011.2,4.6,11.4,0,2022-07-12,2
2022-07-12 03:00:00,82.8,83,77.1,0.0,1010.8,4.6,8.9,1,2022-07-12,3
2022-07-12 04:00:00,82.1,85,77.0,0.0,1010.9,3.0,7.4,0,2022-07-12,4
2022-07-12 05:00:00,81.3,86,76.8,0.0,1010.7,2.8,4.9,0,2022-07-12,5
2022-07-12 06:00:00,80.9,87,76.6,0.0,1011.2,4.1,6.5,0,2022-07-12,6
2022-07-12 07:00:00,82.1,84,76.7,0.0,1012.0,5.7,7.8,0,2022-07-12,7
2022-07-12 08:00:00,84.1,78,76.5,0.0,1012.4,4.7,9.8,2,2022-07-12,8
2022-07-12 09:00:00,84.9,75,76.1,0.008,1012.8,4.7,11.0,51,2022-07-12,9
2022-07-12 10:00:00,87.6,67,75.3,0.0,1012.8,4.3,13.4,1,2022-07-12,10
2022-07-12 11:00:00,91.6,54,72.6,0.0,1012.3,6.8,16.1,0,2022-07-12,11
2022-07-12 12:00:00,95.9,45,70.9,0.0,1012.2,5.8,16.6,1,2022-07-12,12
2022-07-12 13:00:00,97.5,41,69.6,0.0,1011.9,2.8,15.0,1,2022-07-12,13
2022-07-12 14:00:00,99.2,39,69.6,0.0,1011.4,1.0,11.4,1,2022-07-12,14
2022-07-12 15:00:00,99.6,38,69.4,0.0,1010.7,2.3,10.1,1,2022-07-12,15
2022-07-12 16:00:00,91.4,59,75.1,0.008,1011.2,14.1,27.3,51,2022-07-12,16
2022-07-12 17:00:00,91.5,58,74.6,0.008,1010.8,9.6,29.1,51,2022-07-12,17
2022-07-12 18:00:00,91.2,58,74.4,0.0,1009.8,9.4,22.1,0,2022-07-12,18
2022-07-12 19:00:00,83.4,85,78.3,0.0,1011.2,4.8,19.5,0,2022-07-12,19
2022-07-12 20:00:00,84.7,79,77.4,0.0,1011.1,8.3,15.2,3,2022-07-12,20
2022-07-12 21:00:00,85.4,75,76.6,0.0,1011.3,5.6,15.7,3,2022-07-12,21
2022-07-12 22:00:00,85.6,75,76.9,0.0,1011.4,6.6,11.4,3,2022-07-12,22
2022-07-12 23:00:00,84.8,77,76.9,0.0,1012.3,6.3,11.4,2,2022-07-12,23
2022-07-13 00:00:00,84.5,79,77.2,0.0,1013.1,7.2,11.9,1,2022-07-13,0
2022-07-13 01:00:00,83.8,79,76.6,0.0,1013.3,8.2,14.1,0,2022-07-13,1
2022-07-13 02:00:00,82.7,83,76.9,0.0,1013.4,7.1,14.1,1,2022-07-13,2
2022-07-13 03:00:00,81.8,86,77.2,0.0,1013.3,5.3,12.1,1,2022-07-13,3
2022-07-13 04:00:00,81.1,88,77.1,0.0,1013.4,3.8,8.9,1,2022-07-13,4
2022-07-13 05:00:00,80.0,91,77.1,0.0,1013.6,2.5,6.3,0,2022-07-13,5
2022-07-13 06:00:00,79.2,93,77.0,0.0,1014.1,3.2,3.8,0,2022-07-13,6
2022-07-13 07:00:00,81.6,93,79.2,0.0,1014.9,5.1,4.0,0,2022-07-13,7
2022-07-13 08:00:00,83.9,83,78.1,0.0,1015.2,6.3,12.5,1,2022-07-13,8
2022-07-13 09:00:00,86.5,74,77.4,0.0,1015.6,4.9,12.8,0,2022-07-13,9
2022-07-13 10:00:00,89.2,65,76.0,0.004,1015.7,4.1,12.1,51,2022-07-13,10
2022-07-13 11:00:00,91.9,57,74.6,0.0,1015.7,2.1,11.9,1,2022-07-13,11
2022-07-13 12:00:00,94.4,51,73.3,0.0,1015.4,2.1,10.3,2,2022-07-13,12
2022-07-13 13:00:00,96.3,46,72.5,0.0,1015.0,3.0,11.4,3,2022-07-13,13
2022-07-13 14:00:00,97.9,45,72.9,0.0,1014.5,5.5,14.1,3,2022-07-13,14
2022-07-13 15:00:00,90.3,63,75.8,0.075,1015.0,8.6,22.8,61,2022-07-13,15
2022-07-13 16:00:00,90.7,60,74.8,0.024,1013.9,6.6,22.1,53,2022-07-13,16
2022-07-13 17:00:00,92.2,55,73.8,0.0,1013.6,7.0,16.3,3,2022-07-13,17
2022-07-13 18:00:00,90.8,59,74.3,0.0,1013.2,9.3,19.0,3,2022-07-13,18
2022-07-13 19:00:00,87.8,71,77.1,0.0,1012.8,3.0,18.6,3,2022-07-13,19
2022-07-13 20:00:00,88.9,63,74.7,0.0,1013.2,5.3,8.7,3,2022-07-13,20
2022-07-13 21:00:00,87.4,62,73.0,0.0,1013.6,6.2,9.6,3,2022-07-13,21
2022-07-13 22:00:00,85.7,67,73.3,0.0,1014.0,8.7,14.8,3,2022-07-13,22
2022-07-13 23:00:00,83.9,72,73.9,0.0,1014.8,8.0,14.8,3,2022-07-13,23
2022-07-14 00:00:00,82.5,75,73.8,0.0,1015.2,6.9,13.6,3,2022-07-14,0
2022-07-14 01:00:00,81.4,78,74.0,0.0,1015.5,6.9,11.9,1,2022-07-14,1
2022-07-14 02:00:00,80.4,83,74.7,0.0,1015.6,7.2,12.8,0,2022-07-14,2
2022-07-14 03:00:00,79.7,86,75.2,0.0,1015.4,6.4,12.5,0,2022-07-14,3
2022-07-14 04:00:00,79.1,89,75.6,0.0,1015.4,5.0,11.0,0,2022-07-14,4
2022-07-14 05:00:00,78.7,91,75.8,0.0,1015.6,3.4,8.5,0,2022-07-14,5
2022-07-14 06:00:00,77.9,94,76.0,0.0,1015.9,3.0,5.4,0,2022-07-14,6
2022-07-14 07:00:00,75.5,92,72.9,0.0,1017.4,5.6,3.6,0,2022-07-14,7
2022-07-14 08:00:00,73.8,96,72.6,0.315,1018.2,5.1,12.8,65,2022-07-14,8
2022-07-14 09:00:00,73.3,92,70.8,0.24,1017.8,5.9,13.6,63,2022-07-14,9
2022-07-14 10:00:00,73.8,90,70.9,0.008,1018.0,1.6,11.4,51,2022-07-14,10
2022-07-14 11:00:00,78.5,83,73.0,0.0,1017.8,2.7,9.2,3,2022-07-14,11
2022-07-14 12:00:00,83.4,74,74.0,0.0,1018.3,5.1,13.2,3,2022-07-14,12
2022-07-14 13:00:00,85.2,69,73.7,0.0,1017.8,4.7,13.4,3,2022-07-14,13
2022-07-14 14:00:00,88.3,64,74.6,0.0,1017.2,4.7,14.1,1,2022-07-14,14
2022-07-14 15:00:00,89.4,63,74.9,0.0,1016.5,6.3,16.6,3,2022-07-14,15
2022-07-14 16:00:00,81.9,78,74.6,0.067,1016.7,12.5,23.9,61,2022-07-14,16
2022-07-14 17:00:00,81.2,81,74.9,0.0,1015.8,7.2,23.9,3,2022-07-14,17
2022-07-14 18:00:00,82.6,77,74.8,0.0,1015.3,6.4,15.4,3,2022-07-14,18
2022-07-14 19:00:00,80.0,82,73.8,0.0,1017.0,12.1,13.9,3,2022-07-14,19
2022-07-14 20:00:00,78.5,87,74.2,0.043,1016.4,6.8,22.4,55,2022-07-14,20
2022-07-14 21:00:00,77.4,89,73.9,0.0,1016.3,3.4,12.8,3,2022-07-14,21
2022-07-14 22:00:00,77.4,90,74.1,0.0,1016.6,4.3,8.3,3,2022-07-14,22
2022-07-14 23:00:00,77.5,91,74.8,0.0,1017.5,4.5,8.3,3,2022-07-14,23
2022-07-15 00:00:00,78.0,91,75.0,0.0,1017.8,4.5,8.7,3,2022-07-15,0
2022-07-15 01:00:00,77.6,91,74.9,0.0,1017.7,3.9,8.1,1,2022-07-15,1
2022-07-15 02:00:00,77.3,93,74.9,0.0,1017.3,2.6,6.5,0,2022-07-15,2
2022-07-15 03:00:00,76.9,94,75.2,0.0,1016.8,1.9,4.0,0,2022-07-15,3
2022-07-15 04:00:00,76.0,93,73.8,0.024,1017.1,6.4,11.4,53,2022-07-15,4
2022-07-15 05:00:00,75.7,94,73.8,0.004,1017.4,3.4,10.5,51,2022-07-15,5
2022-07-15 06:00:00,75.2,97,74.3,0.0,1017.6,1.4,5.8,0,2022-07-15,6
2022-07-15 07:00:00,74.4,99,74.1,0.0,1017.8,1.6,2.7,0,2022-07-15,7
2022-07-15 08:00:00,76.0,95,74.6,0.004,1018.2,3.0,7.6,51,2022-07-15,8
2022-07-15 09:00:00,77.8,93,75.5,0.004,1018.3,2.4,7.8,51,2022-07-15,9
2022-07-15 10:00:00,81.3,83,75.6,0.0,1018.5,2.3,8.9,2,2022-07-15,10
2022-07-15 11:00:00,85.4,69,74.2,0.004,1018.4,4.6,13.0,51,2022-07-15,11
2022-07-15 12:00:00,88.2,61,72.9,0.004,1018.5,4.9,13.6,51,2022-07-15,12
2022-07-15 13:00:00,90.1,55,71.8,0.004,1018.4,5.9,15.7,51,2022-07-15,13
2022-07-15 14:00:00,91.6,50,70.5,0.0,1017.7,6.4,15.9,3,2022-07-15,14
2022-07-15 15:00:00,91.8,48,69.5,0.0,1016.7,7.8,16.8,3,2022-07-15,15
2022-07-15 16:00:00,83.8,70,73.1,0.016,1016.9,12.7,25.5,51,2022-07-15,16
2022-07-15 17:00:00,86.7,61,71.9,0.004,1016.6,10.2,23.7,51,2022-07-15,17
2022-07-15 18:00:00,88.2,56,70.4,0.0,1015.8,7.9,20.6,2,2022-07-15,18
2022-07-15 19:00:00,82.8,75,73.9,0.0,1016.8,8.3,16.6,1,2022-07-15,19
2022-07-15 20:00:00,81.9,76,73.5,0.004,1016.8,7.8,16.8,51,2022-07-15,20
2022-07-15 21:00:00,79.3,83,73.6,0.0,1016.5,6.5,14.3,0,2022-07-15,21
2022-07-15 22:00:00,78.4,85,73.6,0.0,1016.8,4.3,11.4,0,2022-07-15,22
2022-07-15 23:00:00,77.8,87,73.6,0.0,1017.3,4.5,7.4,0,2022-07-15,23
2022-07-16 00:00:00,77.1,89,73.6,0.0,1017.2,4.3,7.6,0,2022-07-16,0
2022-07-16 01:00:00,76.5,91,73.6,0.0,1017.2,4.3,7.6,0,2022-07-16,1
2022-07-16 02:00:00,76.0,92,73.6,0.0,1017.2,2.9,7.2,0,2022-07-16,2
2022-07-16 03:00:00,75.7,94,73.7,0.0,1017.0,3.1,4.7,0,2022-07-16,3
2022-07-16 04:00:00,75.5,95,74.0,0.0,1016.7,3.0,6.3,0,2022-07-16,4
2022-07-16 05:00:00,75.8,95,74.2,0.0,1017.0,2.5,4.9,0,2022-07-16,5
2022-07-16 06:00:00,75.4,96,74.3,0.0,1017.0,2.9,3.4,0,2022-07-16,6
2022-07-16 07:00:00,77.9,96,76.7,0.0,1017.6,0.7,3.6,0,2022-07-16,7
2022-07-16 08:00:00,76.1,96,74.9,0.047,1018.4,3.4,12.5,55,2022-07-16,8
2022-07-16 09:00:00,76.9,92,74.3,0.008,1018.9,2.7,9.4,51,2022-07-16,9
2022-07-16 10:00:00,79.9,81,73.6,0.004,1019.0,3.4,8.3,51,2022-07-16,10
2022-07-16 11:00:00,82.7,73,73.1,0.0,1018.7,4.1,15.4,2,2022-07-16,11
2022-07-16 12:00:00,86.7,64,72.9,0.0,1017.9,3.7,12.1,1,2022-07-16,12
2022-07-16 13:00:00,89.8,55,71.5,0.004,1017.4,5.1,14.3,51,2022-07-16,13
2022-07-16 14:00:00,91.8,49,69.9,0.0,1016.3,5.3,15.7,0,2022-07-16,14
2022-07-16 15:00:00,93.5,44,68.1,0.0,1015.4,5.8,15.7,0,2022-07-16,15
2022-07-16 16:00:00,93.8,43,67.7,0.0,1014.4,7.1,16.8,0,2022-07-16,16
2022-07-16 17:00:00,93.6,43,67.9,0.0,1014.1,6.9,16.6,0,2022-07-16,17
2022-07-16 18:00:00,92.8,45,68.2,0.0,1013.2,7.8,16.3,0,2022-07-16,18
2022-07-16 19:00:00,87.8,63,73.8,0.0,1013.9,8.7,16.6,1,2022-07-16,19
2022-07-16 20:00:00,87.3,62,72.5,0.0,1014.1,9.0,16.3,1,2022-07-16,20
2022-07-16 21:00:00,85.2,65,72.2,0.0,1014.3,8.3,15.9,0,2022-07-16,21
2022-07-16 22:00:00,84.4,69,72.9,0.0,1014.5,8.8,15.0,0,2022-07-16,22
2022-07-16 23:00:00,83.9,70,73.0,0.0,1014.8,8.4,15.2,0,2022-07-16,23
2022-07-17 00:00:00,82.8,76,74.6,0.0,1014.8,8.3,14.3,0,2022-07-17,0
2022-07-17 01:00:00,81.4,82,75.5,0.0,1014.8,8.0,14.3,0,2022-07-17,1
2022-07-17 02:00:00,80.5,85,75.7,0.0,1014.6,7.2,13.6,0,2022-07-17,2
2022-07-17 03:00:00,79.7,87,75.7,0.0,1014.6,6.4,12.1,3,2022-07-17,3
2022-07-17 04:00:00,78.9,89,75.5,0.0,1014.6,5.6,10.7,0,2022-07-17,4
2022-07-17 05:00:00,77.9,92,75.3,0.0,1014.5,4.7,9.6,1,2022-07-17,5
2022-07-17 06:00:00,77.1,94,75.2,0.0,1014.8,4.3,7.6,1,2022-07-17,6
2022-07-17 07:00:00,78.0,88,74.1,0.0,1015.4,7.4,7.2,0,2022-07-17,7
2022-07-17 08:00:00,80.7,82,74.8,0.0,1015.7,6.4,13.0,1,2022-07-17,8
2022-07-17 09:00:00,83.7,75,75.0,0.0,1016.0,7.8,15.2,3,2022-07-17,9
2022-07-17 10:00:00,86.5,66,74.0,0.0,1015.8,6.9,16.1,1,2022-07-17,10
2022-07-17 11:00:00,89.8,58,72.9,0.0,1015.6,5.5,15.9,1,2022-07-17,11
2022-07-17 12:00:00,93.1,46,69.2,0.0,1015.1,4.7,14.5,1,2022-07-17,12
2022-07-17 13:00:00,95.4,38,65.6,0.0,1014.7,3.5,13.4,3,2022-07-17,13
2022-07-17 14:00:00,97.2,34,64.5,0.0,1014.0,3.0,11.9,2,2022-07-17,14
2022-07-17 15:00:00,98.2,34,64.8,0.0,1013.4,4.0,12.3,3,2022-07-17,15
2022-07-17 16:00:00,98.9,33,64.9,0.0,1012.7,5.7,14.5,3,2022-07-17,16
2022-07-17 17:00:00,96.4,37,65.8,0.0,1012.5,8.0,17.4,1,2022-07-17,17
2022-07-17 18:00:00,92.9,44,68.1,0.0,1012.3,10.5,20.4,1,2022-07-17,18
2022-07-17 19:00:00,88.0,62,73.5,0.0,1012.9,7.7,22.4,2,2022-07-17,19
2022-07-17 20:00:00,87.8,57,70.9,0.0,1013.1,10.3,18.8,3,2022-07-17,20
2022-07-17 21:00:00,86.4,63,72.5,0.0,1013.1,11.4,19.9,2,2022-07-17,21
2022-07-17 22:00:00,85.7,62,71.2,0.0,1013.5,10.4,19.9,2,2022-07-17,22
2022-07-17 23:00:00,84.4,70,73.6,0.0,1013.9,10.6,18.6,1,2022-07-17,23
2022-07-18 00:00:00,83.0,77,75.1,0.0,1014.2,9.7,18.8,0,2022-07-18,0
2022-07-18 01:00:00,81.9,82,75.7,0.0,1014.4,9.0,17.0,0,2022-07-18,1
2022-07-18 02:00:00,81.1,84,75.9,0.0,1014.4,8.2,15.7,0,2022-07-18,2
2022-07-18 03:00:00,80.3,86,75.8,0.0,1014.2,7.4,14.3,0,2022-07-18,3
2022-07-18 04:00:00,79.6,88,75.7,0.0,1014.5,6.1,12.5,2,2022-07-18,4
2022-07-18 05:00:00,78.9,89,75.5,0.0,1014.8,5.3,10.1,2,2022-07-18,5
2022-07-18 06:00:00,78.3,90,75.3,0.0,1015.2,5.0,8.7,1,2022-07-18,6
2022-07-18 07:00:00,78.6,90,75.5,0.0,1015.2,5.9,8.5,1,2022-07-18,7
2022-07-18 08:00:00,81.9,81,75.3,0.0,1015.7,10.2,18.1,2,2022-07-18,8
2022-07-18 09:00:00,84.4,72,74.6,0.0,1016.3,10.2,19.9,2,2022-07-18,9
2022-07-18 10:00:00,87.2,64,73.7,0.0,1016.3,9.4,20.1,2,2022-07-18,10
2022-07-18 11:00:00,90.1,56,72.3,0.0,1015.9,8.1,19.9,3,2022-07-18,11
2022-07-18 12:00:00,93.2,49,71.2,0.0,1015.7,6.3,17.9,2,2022-07-18,12
2022-07-18 13:00:00,95.9,42,69.4,0.0,1015.2,5.3,15.7,1,2022-07-18,13
2022-07-18 14:00:00,97.5,38,67.7,0.0,1014.3,5.0,15.0,1,2022-07-18,14
2022-07-18 15:00:00,98.6,36,66.7,0.0,1013.2,5.4,14.5,1,2022-07-18,15
2022-07-18 16:00:00,98.5,35,66.1,0.0,1012.6,6.3,15.2,1,2022-07-18,16
2022-07-18 17:00:00,99.0,34,66.0,0.0,1011.8,6.5,15.2,1,2022-07-18,17
2022-07-18 18:00:00,96.5,35,64.0,0.0,1011.7,9.4,18.8,2,2022-07-18,18
2022-07-18 19:00:00,94.0,42,67.3,0.0,1012.1,7.7,19.0,1,2022-07-18,19
2022-07-18 20:00:00,90.8,50,69.5,0.0,1012.4,11.1,19.7,3,2022-07-18,20
2022-07-18 21:00:00,87.5,61,72.2,0.0,1012.9,12.4,21.9,3,2022-07-18,21
2022-07-18 22:00:00,85.6,66,72.9,0.0,1013.6,13.1,23.3,3,2022-07-18,22
2022-07-18 23:00:00,83.5,74,74.4,0.0,1014.2,11.7,23.3,1,2022-07-18,23
2022-07-19 00:00:00,82.1,80,75.2,0.0,1014.5,10.3,20.6,3,2022-07-19,0
2022-07-19 01:00:00,81.4,81,75.2,0.0,1014.5,9.8,17.9,0,2022-07-19,1
2022-07-19 02:00:00,80.9,83,75.1,0.0,1014.2,10.1,17.7,0,2022-07-19,2
2022-07-19 03:00:00,80.5,84,75.1,0.0,1013.9,9.6,17.7,0,2022-07-19,3
2022-07-19 04:00:00,80.2,85,75.3,0.0,1014.0,9.1,17.0,0,2022-07-19,4
2022-07-19 05:00:00,79.9,86,75.4,0.0,1014.2,8.5,16.1,0,2022-07-19,5
2022-07-19 06:00:00,79.6,87,75.4,0.0,1014.3,8.3,14.5,0,2022-07-19,6
2022-07-19 07:00:00,81.5,85,76.6,0.0,1015.0,8.1,14.8,0,2022-07-19,7
2022-07-19 08:00:00,83.3,80,76.4,0.0,1015.4,9.7,17.7,1,2022-07-19,8
2022-07-19 09:00:00,86.0,71,75.7,0.0,1015.8,10.5,20.8,0,2022-07-19,9
2022-07-19 10:00:00,88.9,64,74.9,0.0,1015.7,9.9,20.8,1,2022-07-19,10
2022-07-19 11:00:00,92.1,54,72.9,0.0,1015.4,9.6,20.8,0,2022-07-19,11
2022-07-19 12:00:00,94.8,46,71.1,0.0,1015.0,9.4,21.3,2,2022-07-19,12
2022-07-19 13:00:00,96.7,41,69.1,0.0,1014.3,9.2,21.3,2,2022-07-19,13
2022-07-19 14:00:00,98.6,37,67.8,0.0,1013.3,9.6,21.3,2,2022-07-19,14
2022-07-19 15:00:00,99.5,35,67.2,0.0,1012.6,9.6,21.5,3,2022-07-19,15
2022-07-19 16:00:00,99.8,35,67.1,0.0,1011.8,10.1,21.0,2,2022-07-19,16
2022-07-19 17:00:00,98.8,32,63.9,0.0,1011.4,11.0,21.7,3,2022-07-19,17
2022-07-19 18:00:00,97.5,34,64.3,0.0,1011.0,11.7,22.4,3,2022-07-19,18
2022-07-19 19:00:00,91.7,52,71.4,0.0,1012.2,13.6,23.9,3,2022-07-19,19
2022-07-19 20:00:00,90.2,53,71.1,0.0,1012.4,11.6,24.8,1,2022-07-19,20
2022-07-19 21:00:00,87.6,60,71.8,0.0,1012.9,11.2,20.8,1,2022-07-19,21
2022-07-19 22:00:00,85.7,65,72.8,0.0,1013.4,10.8,20.6,0,2022-07-19,22
2022-07-19 23:00:00,84.0,73,74.4,0.0,1013.9,9.9,19.2,0,2022-07-19,23
2022-07-20 00:00:00,82.8,80,75.8,0.0,1013.7,9.9,17.7,0,2022-07-20,0
2022-07-20 01:00:00,81.9,83,76.2,0.0,1013.7,9.9,17.7,0,2022-07-20,1
2022-07-20 02:00:00,81.4,84,76.2,0.0,1013.5,9.3,17.4,0,2022-07-20,2
2022-07-20 03:00:00,80.9,86,76.2,0.0,1013.3,9.1,16.3,0,2022-07-20,3
2022-07-20 04:00:00,80.2,87,75.9,0.0,1013.3,8.7,16.1,0,2022-07-20,4
2022-07-20 05:00:00,79.5,88,75.7,0.0,1013.4,7.4,15.2,1,2022-07-20,5
2022-07-20 06:00:00,79.4,88,75.5,0.0,1013.7,6.7,12.8,1,2022-07-20,6
2022-07-20 07:00:00,82.2,83,76.6,0.0,1014.1,9.1,11.9,2,2022-07-20,7
2022-07-20 08:00:00,83.9,78,76.5,0.0,1014.4,8.8,17.9,1,2022-07-20,8
2022-07-20 09:00:00,86.9,70,76.0,0.0,1014.7,10.8,20.6,1,2022-07-20,9
2022-07-20 10:00:00,89.9,62,75.2,0.0,1014.8,10.7,21.5,0,2022-07-20,10
2022-07-20 11:00:00,93.1,53,73.6,0.0,1014.3,10.1,21.7,0,2022-07-20,11
2022-07-20 12:00:00,96.4,43,70.6,0.0,1014.0,9.9,21.7,0,2022-07-20,12
2022-07-20 13:00:00,98.8,37,67.7,0.0,1013.6,9.0,21.3,1,2022-07-20,13
2022-07-20 14:00:00,99.8,34,66.5,0.0,1012.8,9.3,20.1,1,2022-07-20,14
2022-07-20 15:00:00,100.1,34,66.4,0.0,1012.0,9.5,20.6,0,2022-07-20,15
2022-07-20 16:00:00,100.1,34,66.4,0.0,1011.0,10.1,21.3,1,2022-07-20,16
2022-07-20 17:00:00,98.8,35,66.7,0.0,1010.7,9.8,21.3,3,2022-07-20,17
2022-07-20 18:00:00,94.5,45,69.9,0.0,1010.7,12.3,23.0,2,2022-07-20,18
2022-07-20 19:00:00,92.9,52,72.8,0.0,1011.3,11.9,25.3,1,2022-07-20,19
2022-07-20 20:00:00,90.2,59,73.8,0.0,1011.8,11.4,22.1,0,2022-07-20,20
2022-07-20 21:00:00,87.9,65,74.8,0.0,1012.5,11.2,20.4,0,2022-07-20,21
2022-07-20 22:00:00,86.2,69,75.0,0.0,1013.3,10.3,19.9,0,2022-07-20,22
2022-07-20 23:00:00,84.7,74,75.5,0.0,1013.7,9.7,18.6,1,2022-07-20,23
2022-07-21 00:00:00,83.3,80,76.5,0.0,1013.5,8.9,17.0,1,2022-07-21,0
2022-07-21 01:00:00,82.2,84,76.8,0.0,1013.0,9.1,15.9,0,2022-07-21,1
2022-07-21 02:00:00,81.4,85,76.6,0.0,1013.0,7.3,15.9,1,2022-07-21,2
2022-07-21 03:00:00,80.7,87,76.4,0.0,1013.3,4.7,12.5,0,2022-07-21,3
2022-07-21 04:00:00,80.2,87,76.0,0.0,1013.0,5.1,8.5,0,2022-07-21,4
2022-07-21 05:00:00,79.5,89,75.8,0.0,1013.1,4.1,8.7,0,2022-07-21,5
2022-07-21 06:00:00,78.1,93,75.7,0.0,1013.4,2.9,6.5,0,2022-07-21,6
2022-07-21 07:00:00,79.0,90,75.7,0.0,1013.6,2.9,5.6,1,2022-07-21,7
2022-07-21 08:00:00,82.0,82,76.1,0.0,1014.4,2.0,5.8,2,2022-07-21,8
2022-07-21 09:00:00,85.4,75,76.5,0.004,1015.1,7.0,13.6,51,2022-07-21,9
2022-07-21 10:00:00,88.2,67,75.8,0.0,1015.3,7.5,17.0,1,2022-07-21,10
2022-07-21 11:00:00,91.5,58,74.6,0.0,1015.4,6.6,16.6,3,2022-07-21,11
2022-07-21 12:00:00,94.3,50,72.9,0.0,1015.1,4.9,16.1,2,2022-07-21,12
2022-07-21 13:00:00,96.3,45,71.7,0.0,1014.6,3.5,13.9,1,2022-07-21,13
2022-07-21 14:00:00,97.9,42,70.6,0.0,1013.8,4.5,13.2,2,2022-07-21,14
2022-07-21 15:00:00,98.2,40,69.8,0.0,1013.1,5.3,13.9,3,2022-07-21,15
2022-07-21 16:00:00,96.7,42,70.1,0.0,1012.3,6.5,15.2,3,2022-07-21,16
2022-07-21 17:00:00,92.5,54,73.4,0.016,1012.0,9.4,20.6,51,2022-07-21,17
2022-07-21 18:00:00,94.7,46,70.6,0.0,1011.9,6.7,18.8,3,2022-07-21,18
2022-07-21 19:00:00,88.8,64,74.8,0.0,1011.9,9.9,14.5,3,2022-07-21,19
2022-07-21 20:00:00,89.1,63,74.9,0.0,1012.7,8.8,18.1,3,2022-07-21,20
2022-07-21 21:00:00,87.4,66,74.8,0.0,1013.1,9.2,15.9,3,2022-07-21,21
2022-07-21 22:00:00,85.6,72,75.7,0.0,1013.4,9.6,16.8,3,2022-07-21,22
2022-07-21 23:00:00,84.4,75,75.7,0.0,1014.1,9.0,16.6,3,2022-07-21,23
2022-07-22 00:00:00,83.4,77,75.5,0.0,1014.6,7.4,15.7,3,2022-07-22,0
2022-07-22 01:00:00,82.5,80,75.7,0.0,1014.8,6.7,12.8,3,2022-07-22,1
2022-07-22 02:00:00,81.6,83,75.9,0.0,1014.9,5.8,11.6,3,2022-07-22,2
2022-07-22 03:00:00,80.9,85,76.1,0.0,1015.0,4.2,9.6,3,2022-07-22,3
2022-07-22 04:00:00,80.2,87,76.1,0.0,1014.9,4.3,7.4,1,2022-07-22,4
2022-07-22 05:00:00,79.6,89,76.1,0.0,1015.0,3.7,7.4,3,2022-07-22,5
2022-07-22 06:00:00,78.6,92,76.0,0.0,1015.3,2.7,6.0,3,2022-07-22,6
2022-07-22 07:00:00,79.6,97,78.5,0.0,1015.6,2.9,4.3,3,2022-07-22,7
2022-07-22 08:00:00,81.8,89,78.2,0.004,1016.2,4.3,8.5,51,2022-07-22,8
2022-07-22 09:00:00,84.8,76,76.6,0.004,1016.5,7.3,15.0,51,2022-07-22,9
2022-07-22 10:00:00,87.3,68,75.3,0.004,1016.8,6.1,15.4,51,2022-07-22,10
2022-07-22 11:00:00,89.5,61,74.3,0.0,1017.0,3.8,14.3,2,2022-07-22,11
2022-07-22 12:00:00,92.1,55,73.8,0.0,1017.1,2.9,13.2,3,2022-07-22,12
2022-07-22 13:00:00,93.1,51,72.4,0.0,1016.3,3.7,11.9,3,2022-07-22,13
2022-07-22 14:00:00,94.2,48,71.3,0.0,1015.7,4.2,11.9,3,2022-07-22,14
2022-07-22 15:00:00,87.6,64,74.1,0.02,1015.6,10.4,21.5,53,2022-07-22,15
2022-07-22 16:00:00,90.9,55,72.4,0.0,1015.1,8.1,21.0,3,2022-07-22,16
2022-07-22 17:00:00,87.7,63,73.6,0.047,1014.8,9.1,20.1,55,2022-07-22,17
2022-07-22 18:00:00,90.5,54,71.3,0.0,1014.5,7.0,18.1,3,2022-07-22,18
2022-07-22 19:00:00,85.0,73,75.5,0.0,1014.6,5.6,14.8,3,2022-07-22,19
2022-07-22 20:00:00,84.3,74,75.3,0.0,1014.9,5.9,10.7,3,2022-07-22,20
2022-07-22 21:00:00,82.8,79,75.7,0.0,1015.3,7.3,12.5,3,2022-07-22,21
2022-07-22 22:00:00,81.9,84,76.5,0.0,1015.9,7.3,12.8,2,2022-07-22,22
2022-07-22 23:00:00,81.0,86,76.5,0.0,1016.5,5.1,12.5,3,2022-07-22,23
2022-07-23 00:00:00,77.8,91,74.8,0.059,1017.0,6.1,13.4,61,2022-07-23,0
2022-07-23 01:00:00,77.8,93,75.7,0.004,1016.6,3.5,9.2,51,2022-07-23,1
2022-07-23 02:00:00,77.9,94,76.0,0.0,1016.6,3.5,5.6,3,2022-07-23,2
2022-07-23 03:00:00,78.4,93,76.2,0.0,1016.2,3.4,4.9,3,2022-07-23,3
2022-07-23 04:00:00,78.3,91,75.5,0.0,1016.2,4.3,6.7,3,2022-07-23,4
2022-07-23 05:00:00,77.1,93,75.0,0.0,1016.5,3.1,6.7,3,2022-07-23,5
2022-07-23 06:00:00,76.6,93,74.6,0.0,1016.8,3.8,5.4,3,2022-07-23,6
2022-07-23 07:00:00,77.2,98,76.5,0.0,1017.4,3.4,4.3,2,2022-07-23,7
2022-07-23 08:00:00,78.7,94,76.7,0.0,1017.5,2.5,7.2,2,2022-07-23,8
2022-07-23 09:00:00,80.1,79,73.1,0.028,1018.3,7.5,13.4,53,2022-07-23,9
2022-07-23 10:00:00,79.9,85,75.1,0.016,1018.2,0.9,15.9,51,2022-07-23,10
2022-07-23 11:00:00,84.9,74,75.8,0.0,1018.1,0.9,7.2,2,2022-07-23,11
2022-07-23 12:00:00,88.5,64,74.8,0.0,1018.1,5.2,14.3,1,2022-07-23,12
2022-07-23 13:00:00,90.7,56,72.7,0.0,1017.6,5.7,14.8,0,2022-07-23,13
2022-07-23 14:00:00,92.1,53,72.3,0.0,1016.9,6.7,15.9,1,2022-07-23,14
2022-07-23 15:00:00,88.0,63,73.8,0.024,1016.7,10.3,21.3,53,2022-07-23,15
2022-07-23 16:00:00,89.2,61,73.9,0.0,1016.2,8.5,21.3,1,2022-07-23,16
2022-07-23 17:00:00,90.2,57,72.8,0.0,1015.6,8.6,18.1,1,2022-07-23,17
2022-07-23 18:00:00,89.7,57,72.2,0.0,1015.0,8.3,17.9,1,2022-07-23,18
2022-07-23 19:00:00,81.5,81,75.2,0.0,1015.4,6.5,16.6,1,2022-07-23,19
2022-07-23 20:00:00,82.2,79,75.2,0.0,1015.3,6.4,13.0,3,2022-07-23,20
2022-07-23 21:00:00,81.5,82,75.5,0.0,1015.6,6.2,11.0,3,2022-07-23,21
2022-07-23 22:00:00,81.9,84,76.6,0.0,1016.3,7.6,12.5,1,2022-07-23,22
2022-07-23 23:00:00,81.4,88,77.6,0.0,1016.7,8.6,14.5,3,2022-07-23,23
2022-07-24 00:00:00,80.6,91,77.7,0.0,1017.0,7.6,14.8,1,2022-07-24,0
2022-07-24 01:00:00,79.9,92,77.4,0.0,1016.9,6.5,13.2,0,2022-07-24,1
2022-07-24 02:00:00,79.2,92,76.8,0.0,1016.8,5.1,11.0,0,2022-07-24,2
2022-07-24 03:00:00,78.3,95,76.7,0.0,1016.9,3.4,8.7,1,2022-07-24,3
2022-07-24 04:00:00,77.5,96,76.4,0.004,1017.2,3.5,5.1,51,2022-07-24,4
2022-07-24 05:00:00,77.0,97,76.0,0.0,1017.3,3.9,4.9,0,2022-07-24,5
2022-07-24 06:00:00,77.1,96,75.9,0.0,1017.3,3.7,4.9,0,2022-07-24,6
2022-07-24 07:00:00,78.1,96,76.8,0.0,1017.7,5.4,4.3,0,2022-07-24,7
2022-07-24 08:00:00,79.0,88,75.2,0.008,1018.0,4.3,14.5,51,2022-07-24,8
2022-07-24 09:00:00,81.1,84,75.7,0.0,1018.5,3.7,9.4,1,2022-07-24,9
2022-07-24 10:00:00,84.3,76,75.7,0.0,1018.5,4.5,12.5,1,2022-07-24,10
2022-07-24 11:00:00,87.3,68,75.3,0.004,1018.3,5.4,13.4,51,2022-07-24,11
2022-07-24 12:00:00,89.6,63,75.6,0.004,1018.2,5.2,14.8,51,2022-07-24,12
2022-07-24 13:00:00,91.8,58,74.9,0.0,1017.8,4.9,14.5,1,2022-07-24,13
2022-07-24 14:00:00,93.2,55,74.4,0.0,1016.9,5.9,14.8,0,2022-07-24,14
2022-07-24 15:00:00,94.2,52,73.8,0.0,1016.1,6.3,15.4,1,2022-07-24,15
2022-07-24 16:00:00,94.6,50,73.4,0.0,1015.3,6.5,15.7,0,2022-07-24,16
2022-07-24 17:00:00,94.7,49,72.9,0.0,1014.5,7.3,15.7,1,2022-07-24,17
2022-07-24 18:00:00,90.8,57,73.2,0.008,1014.6,11.1,21.0,51,2022-07-24,18
2022-07-24 19:00:00,82.5,76,74.3,0.0,1015.6,5.6,21.7,1,2022-07-24,19
2022-07-24 20:00:00,83.0,72,73.2,0.0,1015.6,5.0,11.6,1,2022-07-24,20
2022-07-24 21:00:00,81.9,77,74.1,0.0,1015.8,4.1,9.4,0,2022-07-24,21
2022-07-24 22:00:00,81.6,82,75.5,0.0,1016.4,4.9,7.6,0,2022-07-24,22
2022-07-24 23:00:00,81.8,85,76.8,0.0,1016.6,6.6,11.0,0,2022-07-24,23
2022-07-25 00:00:00,81.2,87,77.1,0.0,1016.6,6.9,12.3,0,2022-07-25,0
2022-07-25 01:00:00,80.6,89,77.1,0.0,1016.9,6.5,11.9,1,2022-07-25,1
2022-07-25 02:00:00,79.9,91,77.1,0.0,1016.8,5.4,11.0,1,2022-07-25,2
2022-07-25 03:00:00,79.2,93,76.9,0.0,1016.5,4.5,9.2,0,2022-07-25,3
2022-07-25 04:00:00,78.3,95,76.6,0.0,1016.5,3.1,7.2,0,2022-07-25,4
2022-07-25 05:00:00,77.4,96,76.3,0.0,1016.7,3.3,4.7,0,2022-07-25,5
2022-07-25 06:00:00,76.7,97,75.8,0.0,1016.9,4.2,4.7,0,2022-07-25,6
2022-07-25 07:00:00,77.4,98,76.8,0.0,1016.8,2.1,4.9,2,2022-07-25,7
2022-07-25 08:00:00,80.5,90,77.2,0.0,1017.3,1.5,4.9,3,2022-07-25,8
2022-07-25 09:00:00,84.0,79,76.8,0.0,1017.6,3.8,9.4,3,2022-07-25,9
2022-07-25 10:00:00,87.0,68,75.0,0.0,1017.8,3.7,11.0,3,2022-07-25,10
2022-07-25 11:00:00,89.6,58,73.0,0.0,1017.8,2.9,10.5,2,2022-07-25,11
2022-07-25 12:00:00,91.8,52,71.7,0.0,1017.6,3.4,11.2,2,2022-07-25,12
2022-07-25 13:00:00,93.3,48,71.0,0.0,1017.0,4.7,13.2,1,2022-07-25,13
2022-07-25 14:00:00,95.1,44,70.1,0.0,1015.8,6.2,15.2,1,2022-07-25,14
2022-07-25 15:00:00,95.8,43,69.4,0.0,1015.1,8.9,19.0,1,2022-07-25,15
2022-07-25 16:00:00,94.5,46,70.3,0.0,1014.6,10.9,22.4,0,2022-07-25,16
2022-07-25 17:00:00,92.8,49,70.9,0.0,1014.2,10.6,22.4,1,2022-07-25,17
2022-07-25 18:00:00,91.9,51,71.1,0.004,1013.8,10.6,21.5,51,2022-07-25,18
2022-07-25 19:00:00,91.1,50,69.9,0.0,1014.2,10.1,21.9,0,2022-07-25,19
2022-07-25 20:00:00,88.4,57,71.1,0.0,1014.6,9.0,18.1,3,2022-07-25,20
2022-07-25 21:00:00,85.8,65,72.6,0.0,1015.1,8.5,16.1,1,2022-07-25,21
2022-07-25 22:00:00,83.9,71,73.3,0.0,1015.7,7.0,15.0,1,2022-07-25,22
2022-07-25 23:00:00,82.4,76,73.9,0.0,1016.4,5.9,12.1,0,2022-07-25,23
2022-07-26 00:00:00,81.3,80,74.4,0.0,1016.5,5.9,10.5,3,2022-07-26,0
2022-07-26 01:00:00,80.7,83,74.9,0.0,1016.2,5.6,9.8,0,2022-07-26,1
2022-07-26 02:00:00,80.1,86,75.4,0.0,1015.9,5.0,9.6,3,2022-07-26,2
2022-07-26 03:00:00,78.9,90,75.6,0.0,1015.9,3.0,8.3,3,2022-07-26,3
2022-07-26 04:00:00,78.0,93,75.7,0.0,1015.8,2.9,4.7,2,2022-07-26,4
2022-07-26 05:00:00,77.3,95,75.7,0.0,1016.0,3.6,4.3,1,2022-07-26,5
2022-07-26 06:00:00,77.4,94,75.6,0.0,1016.3,2.8,4.3,1,2022-07-26,6
2022-07-26 07:00:00,79.1,95,77.5,0.0,1016.0,1.4,3.1,3,2022-07-26,7
2022-07-26 08:00:00,81.2,88,77.3,0.004,1016.5,1.3,5.1,51,2022-07-26,8
2022-07-26 09:00:00,83.2,81,76.9,0.016,1017.2,2.2,7.4,51,2022-07-26,9
2022-07-26 10:00:00,85.4,73,75.8,0.004,1017.5,3.3,9.4,51,2022-07-26,10
2022-07-26 11:00:00,88.5,64,74.7,0.004,1017.3,5.2,13.4,51,2022-07-26,11
2022-07-26 12:00:00,90.3,59,74.1,0.004,1017.2,5.2,14.3,51,2022-07-26,12
2022-07-26 13:00:00,91.8,56,73.9,0.004,1016.8,5.5,14.1,51,2022-07-26,13
2022-07-26 14:00:00,94.0,53,74.5,0.0,1016.0,7.3,17.2,1,2022-07-26,14
2022-07-26 15:00:00,95.5,49,73.2,0.0,1015.0,9.1,19.7,2,2022-07-26,15
2022-07-26 16:00:00,91.8,56,74.1,0.031,1014.5,10.7,21.5,53,2022-07-26,16
2022-07-26 17:00:00,92.5,53,73.1,0.028,1013.9,9.7,21.3,53,2022-07-26,17
2022-07-26 18:00:00,91.1,53,71.9,0.0,1013.5,11.2,21.3,1,2022-07-26,18
2022-07-26 19:00:00,84.9,77,76.7,0.0,1013.9,4.3,22.6,3,2022-07-26,19
2022-07-26 20:00:00,86.2,68,74.6,0.0,1014.2,5.7,11.2,3,2022-07-26,20
2022-07-26 21:00:00,85.1,69,73.7,0.0,1014.3,7.6,12.3,3,2022-07-26,21
2022-07-26 22:00:00,83.8,73,74.3,0.0,1015.4,8.3,14.3,3,2022-07-26,22
2022-07-26 23:00:00,82.9,78,75.2,0.0,1016.2,7.6,14.1,3,2022-07-26,23
2022-07-27 00:00:00,82.3,80,75.4,0.0,1016.2,6.3,12.8,3,2022-07-27,0
2022-07-27 01:00:00,81.7,81,75.4,0.0,1016.0,4.9,10.7,3,2022-07-27,1
2022-07-27 02:00:00,81.1,83,75.4,0.0,1015.7,4.0,8.1,3,2022-07-27,2
2022-07-27 03:00:00,80.1,86,75.4,0.0,1015.6,3.0,6.7,3,2022-07-27,3
2022-07-27 04:00:00,79.3,88,75.4,0.0,1015.7,2.7,4.7,3,2022-07-27,4
2022-07-27 05:00:00,79.2,88,75.4,0.0,1015.8,2.5,3.8,3,2022-07-27,5
2022-07-27 06:00:00,79.3,87,75.1,0.0,1015.7,4.3,6.9,3,2022-07-27,6
2022-07-27 07:00:00,78.3,88,74.4,0.0,1015.7,3.2,7.6,3,2022-07-27,7
2022-07-27 08:00:00,80.2,84,75.0,0.0,1016.3,2.3,5.4,3,2022-07-27,8
2022-07-27 09:00:00,84.3,74,75.2,0.0,1016.8,3.6,9.2,0,2022-07-27,9
2022-07-27 10:00:00,87.2,68,75.1,0.0,1017.0,4.1,12.5,2,2022-07-27,10
2022-07-27 11:00:00,88.7,63,74.5,0.004,1016.5,4.9,12.3,51,2022-07-27,11
2022-07-27 12:00:00,89.8,60,74.2,0.008,1016.7,6.1,16.3,51,2022-07-27,12
2022-07-27 13:00:00,91.7,55,72.9,0.004,1016.3,6.7,16.1,51,2022-07-27,13
2022-07-27 14:00:00,93.1,51,72.1,0.0,1015.6,7.6,18.3,1,2022-07-27,14
2022-07-27 15:00:00,85.9,69,74.6,0.098,1015.4,9.6,26.2,63,2022-07-27,15
2022-07-27 16:00:00,85.7,67,73.7,0.004,1015.1,8.9,19.9,51,2022-07-27,16
2022-07-27 17:00:00,86.3,66,73.5,0.004,1014.8,8.9,19.7,51,2022-07-27,17
2022-07-27 18:00:00,87.3,64,73.4,0.0,1014.1,6.5,17.9,3,2022-07-27,18
2022-07-27 19:00:00,83.9,71,73.6,0.051,1014.6,6.1,14.3,61,2022-07-27,19
2022-07-27 20:00:00,84.4,70,73.7,0.0,1014.4,5.0,11.4,0,2022-07-27,20
2022-07-27 21:00:00,83.2,76,74.8,0.0,1014.4,5.6,8.9,0,2022-07-27,21
2022-07-27 22:00:00,81.9,79,74.8,0.0,1014.8,6.8,11.9,0,2022-07-27,22
2022-07-27 23:00:00,80.7,80,73.9,0.0,1015.3,6.0,11.4,0,2022-07-27,23
2022-07-28 00:00:00,80.1,82,73.9,0.0,1015.8,7.1,11.9,0,2022-07-28,0
2022-07-28 01:00:00,79.5,85,74.5,0.0,1015.8,5.9,12.1,0,2022-07-28,1
2022-07-28 02:00:00,78.9,89,75.4,0.0,1015.7,4.5,9.8,0,2022-07-28,2
2022-07-28 03:00:00,78.5,91,75.8,0.0,1015.7,4.3,7.2,0,2022-07-28,3
2022-07-28 04:00:00,78.2,93,76.0,0.0,1015.4,4.7,7.4,0,2022-07-28,4
2022-07-28 05:00:00,78.3,93,75.9,0.0,1015.1,5.5,8.9,0,2022-07-28,5
2022-07-28 06:00:00,78.3,92,75.8,0.0,1015.2,5.4,9.4,0,2022-07-28,6
2022-07-28 07:00:00,77.0,93,74.8,0.0,1015.9,6.9,8.7,0,2022-07-28,7
2022-07-28 08:00:00,78.3,86,73.6,0.0,1016.3,6.4,11.4,2,2022-07-28,8
2022-07-28 09:00:00,81.8,75,73.2,0.0,1016.5,5.1,13.0,1,2022-07-28,9
2022-07-28 10:00:00,85.6,68,73.8,0.0,1016.8,3.7,11.9,0,2022-07-28,10
2022-07-28 11:00:00,89.2,58,72.6,0.0,1017.1,4.2,12.3,3,2022-07-28,11
2022-07-28 12:00:00,91.7,52,71.4,0.0,1016.7,5.8,15.0,2,2022-07-28,12
2022-07-28 13:00:00,93.6,48,70.8,0.0,1016.1,6.1,15.7,1,2022-07-28,13
2022-07-28 14:00:00,95.3,44,69.6,0.0,1015.3,6.2,15.7,2,2022-07-28,14
2022-07-28 15:00:00,88.0,60,72.4,0.012,1015.3,10.0,23.0,51,2022-07-28,15
2022-07-28 16:00:00,87.4,65,74.2,0.039,1014.9,9.7,21.7,55,2022-07-28,16
2022-07-28 17:00:00,89.7,60,73.8,0.0,1014.2,7.3,19.7,3,2022-07-28,17
2022-07-28 18:00:00,84.7,71,74.3,0.043,1014.5,9.0,23.5,55,2022-07-28,18
2022-07-28 19:00:00,78.3,96,77.1,0.0,1014.9,3.1,17.7,3,2022-07-28,19
2022-07-28 20:00:00,80.6,96,79.4,0.059,1014.5,5.9,10.1,61,2022-07-28,20
2022-07-28 21:00:00,80.9,90,77.8,0.008,1015.0,8.4,13.4,51,2022-07-28,21
2022-07-28 22:00:00,80.2,88,76.1,0.0,1015.0,8.9,15.4,1,2022-07-28,22
2022-07-28 23:00:00,79.6,89,76.1,0.0,1015.4,6.0,14.1,0,2022-07-28,23
2022-07-29 00:00:00,79.2,91,76.3,0.0,1015.7,5.4,9.6,2,2022-07-29,0
2022-07-29 01:00:00,78.6,92,76.1,0.0,1015.7,5.2,8.9,0,2022-07-29,1
2022-07-29 02:00:00,78.3,92,75.8,0.0,1015.7,5.4,8.7,0,2022-07-29,2
2022-07-29 03:00:00,77.8,93,75.7,0.0,1015.7,5.1,8.7,0,2022-07-29,3
2022-07-29 04:00:00,77.4,94,75.6,0.0,1015.9,4.0,8.3,0,2022-07-29,4
2022-07-29 05:00:00,76.3,96,75.1,0.0,1016.0,4.2,6.0,0,2022-07-29,5
2022-07-29 06:00:00,76.1,96,75.0,0.0,1016.3,3.8,5.4,0,2022-07-29,6
2022-07-29 07:00:00,79.0,95,77.5,0.0,1016.9,3.6,4.9,0,2022-07-29,7
2022-07-29 08:00:00,78.1,90,74.8,0.126,1017.5,3.6,9.4,63,2022-07-29,8
2022-07-29 09:00:00,79.2,88,75.3,0.012,1017.6,5.6,11.0,51,2022-07-29,9
2022-07-29 10:00:00,80.5,84,75.3,0.004,1018.1,5.4,17.9,51,2022-07-29,10
2022-07-29 11:00:00,82.5,78,74.8,0.0,1018.6,4.3,13.0,3,2022-07-29,11
2022-07-29 12:00:00,86.7,68,74.8,0.0,1018.3,4.1,13.0,3,2022-07-29,12
2022-07-29 13:00:00,89.8,61,74.7,0.0,1017.7,4.3,14.5,3,2022-07-29,13
2022-07-29 14:00:00,92.1,55,73.8,0.0,1016.8,4.3,13.6,3,2022-07-29,14
2022-07-29 15:00:00,93.2,52,73.0,0.0,1016.0,5.0,13.6,3,2022-07-29,15
2022-07-29 16:00:00,92.5,53,72.7,0.0,1015.4,7.7,16.3,3,2022-07-29,16
2022-07-29 17:00:00,87.1,63,73.1,0.004,1015.3,10.6,22.6,51,2022-07-29,17
2022-07-29 18:00:00,87.9,62,73.2,0.0,1014.9,9.6,20.4,3,2022-07-29,18
2022-07-29 19:00:00,82.9,83,77.4,0.0,1016.2,9.8,19.0,3,2022-07-29,19
2022-07-29 20:00:00,81.1,78,73.7,0.0,1015.9,6.7,19.5,3,2022-07-29,20
2022-07-29 21:00:00,80.2,82,74.2,0.0,1016.2,6.2,11.9,3,2022-07-29,21
2022-07-29 22:00:00,79.9,86,75.2,0.0,1017.0,6.5,11.4,2,2022-07-29,22
2022-07-29 23:00:00,79.3,89,75.7,0.0,1017.6,5.9,11.2,1,2022-07-29,23
2022-07-30 00:00:00,79.2,90,75.8,0.0,1017.7,5.7,9.8,3,2022-07-30,0
2022-07-30 01:00:00,78.9,90,75.8,0.0,1017.8,5.5,10.1,3,2022-07-30,1
2022-07-30 02:00:00,78.5,92,76.1,0.0,1017.7,4.5,9.2,3,2022-07-30,2
2022-07-30 03:00:00,78.3,94,76.4,0.0,1017.8,3.8,7.4,3,2022-07-30,3
2022-07-30 04:00:00,77.8,96,76.6,0.0,1018.0,3.4,6.0,3,2022-07-30,4
2022-07-30 05:00:00,77.6,96,76.5,0.0,1018.0,3.5,5.6,2,2022-07-30,5
2022-07-30 06:00:00,76.5,98,75.7,0.0,1018.5,4.2,5.6,0,2022-07-30,6
2022-07-30 07:00:00,76.9,99,76.6,0.0,1019.3,4.3,5.1,0,2022-07-30,7
2022-07-30 08:00:00,75.2,97,74.2,0.087,1020.1,9.0,16.8,61,2022-07-30,8
2022-07-30 09:00:00,73.5,94,71.7,0.173,1020.9,4.9,18.3,63,2022-07-30,9
2022-07-30 10:00:00,74.3,89,70.8,0.004,1020.4,3.1,15.0,51,2022-07-30,10
2022-07-30 11:00:00,78.2,84,72.9,0.0,1020.2,3.8,11.2,3,2022-07-30,11
2022-07-30 12:00:00,82.1,78,74.6,0.0,1020.1,3.2,10.7,3,2022-07-30,12
2022-07-30 13:00:00,87.2,67,74.7,0.004,1019.7,3.8,11.4,51,2022-07-30,13
2022-07-30 14:00:00,89.4,61,74.2,0.0,1018.9,4.5,13.4,3,2022-07-30,14
2022-07-30 15:00:00,90.8,57,73.7,0.0,1018.4,6.1,14.8,3,2022-07-30,15
2022-07-30 16:00:00,86.9,65,73.7,0.024,1018.1,6.4,18.1,53,2022-07-30,16
2022-07-30 17:00:00,87.5,65,74.4,0.0,1017.2,7.6,16.1,3,2022-07-30,17
2022-07-30 18:00:00,88.0,64,74.3,0.0,1016.8,7.5,16.6,3,2022-07-30,18
2022-07-30 19:00:00,78.8,95,77.4,0.0,1017.1,3.0,15.0,3,2022-07-30,19
2022-07-30 20:00:00,80.0,91,77.2,0.016,1018.0,4.1,8.5,51,2022-07-30,20
2022-07-30 21:00:00,80.2,87,75.9,0.0,1018.2,4.9,7.8,3,2022-07-30,21
2022-07-30 22:00:00,81.0,83,75.5,0.0,1018.5,9.8,15.0,3,2022-07-30,22
2022-07-30 23:00:00,80.3,83,74.8,0.0,1018.9,10.1,17.4,3,2022-07-30,23
2022-07-31 00:00:00,80.2,85,75.2,0.0,1019.3,7.2,16.6,3,2022-07-31,0
2022-07-31 01:00:00,79.3,87,75.1,0.0,1019.4,4.5,11.6,3,2022-07-31,1
2022-07-31 02:00:00,78.3,89,74.8,0.0,1019.4,3.8,6.7,3,2022-07-31,2
2022-07-31 03:00:00,78.1,89,74.5,0.0,1019.1,5.1,8.1,3,2022-07-31,3
2022-07-31 04:00:00,78.0,88,74.0,0.0,1018.5,5.8,9.4,3,2022-07-31,4
2022-07-31 05:00:00,77.4,89,73.8,0.0,1018.6,3.6,9.4,3,2022-07-31,5
2022-07-31 06:00:00,75.9,93,73.8,0.0,1018.9,4.7,5.6,3,2022-07-31,6
2022-07-31 07:00:00,76.4,96,75.1,0.0,1019.3,3.5,5.1,3,2022-07-31,7
2022-07-31 08:00:00,80.0,87,75.7,0.0,1019.5,2.2,6.3,3,2022-07-31,8
2022-07-31 09:00:00,83.9,76,75.7,0.0,1019.9,2.8,8.1,3,2022-07-31,9
2022-07-31 10:00:00,87.0,66,74.2,0.0,1019.9,4.2,11.6,2,2022-07-31,10
2022-07-31 11:00:00,90.1,56,72.2,0.0,1020.0,4.1,12.1,2,2022-07-31,11
2022-07-31 12:00:00,92.7,49,71.0,0.0,1019.8,5.2,14.1,3,2022-07-31,12
2022-07-31 13:00:00,94.0,46,70.2,0.0,1019.4,6.7,16.6,3,2022-07-31,13
2022-07-31 14:00:00,94.8,45,69.9,0.0,1018.7,6.7,16.6,3,2022-07-31,14
2022-07-31 15:00:00,95.4,40,67.4,0.0,1017.9,8.5,19.2,0,2022-07-31,15
2022-07-31 16:00:00,94.5,40,66.6,0.0,1017.5,10.4,21.9,0,2022-07-31,16
2022-07-31 17:00:00,91.9,46,68.4,0.0,1017.4,11.8,23.7,1,2022-07-31,17
2022-07-31 18:00:00,90.4,50,69.5,0.0,1017.1,11.1,23.5,1,2022-07-31,18
2022-07-31 19:00:00,89.7,53,70.3,0.0,1017.2,9.3,21.9,3,2022-07-31,19
2022-07-31 20:00:00,87.4,61,72.1,0.0,1017.5,8.4,17.7,3,2022-07-31,20
2022-07-31 21:00:00,84.0,75,75.3,0.0,1017.9,9.9,17.7,0,2022-07-31,21
2022-07-31 22:00:00,82.1,82,75.9,0.0,1018.6,8.4,17.4,0,2022-07-31,22
2022-07-31 23:00:00,81.1,83,75.5,0.0,1018.8,7.2,14.8,1,2022-07-31,23
2022-08-01 00:00:00,80.2,85,75.2,0.0,1018.8,6.5,12.8,2,2022-08-01,0
2022-08-01 01:00:00,79.8,86,75.1,0.0,1018.5,5.7,11.2,0,2022-08-01,1
2022-08-01 02:00:00,79.5,86,75.1,0.0,1018.4,4.1,9.8,2,2022-08-01,2
2022-08-01 03:00:00,79.5,86,75.0,0.004,1018.1,4.6,7.4,51,2022-08-01,3
2022-08-01 04:00:00,79.2,87,75.1,0.0,1018.0,4.8,7.8,3,2022-08-01,4
2022-08-01 05:00:00,78.4,89,75.0,0.0,1017.7,3.4,7.8,3,2022-08-01,5
2022-08-01 06:00:00,77.3,93,74.9,0.0,1017.9,2.3,5.6,1,2022-08-01,6
2022-08-01 07:00:00,77.4,98,76.7,0.0,1018.4,2.0,3.8,1,2022-08-01,7
2022-08-01 08:00:00,79.3,90,76.2,0.0,1018.8,3.5,7.4,3,2022-08-01,8
2022-08-01 09:00:00,81.9,80,75.3,0.0,1019.2,5.2,11.9,3,2022-08-01,9
2022-08-01 10:00:00,85.6,68,73.8,0.0,1019.2,7.0,15.7,2,2022-08-01,10
2022-08-01 11:00:00,89.1,58,72.2,0.0,1019.3,7.8,18.1,2,2022-08-01,11
2022-08-01 12:00:00,87.9,60,72.3,0.043,1019.5,9.9,20.8,55,2022-08-01,12
2022-08-01 13:00:00,87.5,63,73.6,0.02,1018.9,4.0,21.0,53,2022-08-01,13
2022-08-01 14:00:00,90.9,55,72.6,0.004,1018.2,5.8,15.2,51,2022-08-01,14
2022-08-01 15:00:00,91.8,52,71.6,0.0,1017.7,6.9,16.1,3,2022-08-01,15
2022-08-01 16:00:00,91.8,50,70.3,0.0,1016.5,6.7,16.1,3,2022-08-01,16
2022-08-01 17:00:00,85.3,68,73.7,0.012,1016.5,9.1,17.2,51,2022-08-01,17
2022-08-01 18:00:00,85.1,69,73.9,0.0,1015.9,6.5,18.1,3,2022-08-01,18
2022-08-01 19:00:00,80.0,87,75.7,0.0,1016.5,5.3,13.0,3,2022-08-01,19
2022-08-01 20:00:00,81.1,87,76.6,0.004,1016.5,5.3,11.6,51,2022-08-01,20
2022-08-01 21:00:00,81.6,87,77.4,0.0,1016.4,6.9,11.0,2,2022-08-01,21
2022-08-01 22:00:00,81.5,85,76.5,0.0,1016.9,7.6,12.3,3,2022-08-01,22
2022-08-01 23:00:00,81.9,81,75.7,0.0,1017.1,9.4,15.9,3,2022-08-01,23
2022-08-02 00:00:00,81.1,82,75.1,0.0,1017.0,8.1,16.1,3,2022-08-02,0
2022-08-02 01:00:00,80.1,85,75.3,0.0,1017.3,6.5,13.9,3,2022-08-02,1
2022-08-02 02:00:00,79.5,87,75.4,0.0,1017.0,6.7,11.4,3,2022-08-02,2
2022-08-02 03:00:00,79.1,89,75.4,0.0,1016.9,6.0,11.2,3,2022-08-02,3
2022-08-02 04:00:00,78.6,90,75.5,0.0,1017.0,5.1,10.1,1,2022-08-02,4
2022-08-02 05:00:00,78.3,91,75.6,0.0,1017.1,5.1,8.5,0,2022-08-02,5
2022-08-02 06:00:00,77.9,93,75.7,0.0,1017.4,4.2,8.5,1,2022-08-02,6
2022-08-02 07:00:00,79.2,94,77.2,0.0,1017.7,4.3,6.9,0,2022-08-02,7
2022-08-02 08:00:00,81.4,88,77.5,0.0,1017.8,6.5,10.7,3,2022-08-02,8
2022-08-02 09:00:00,83.3,82,77.3,0.008,1017.9,7.7,15.2,51,2022-08-02,9
2022-08-02 10:00:00,86.3,72,76.2,0.008,1017.8,7.6,16.3,51,2022-08-02,10
2022-08-02 11:00:00,89.7,62,75.0,0.008,1017.6,7.5,17.2,51,2022-08-02,11
2022-08-02 12:00:00,92.5,55,73.9,0.004,1017.5,6.3,17.4,51,2022-08-02,12
2022-08-02 13:00:00,94.5,50,72.7,0.0,1017.0,6.1,16.8,3,2022-08-02,13
2022-08-02 14:00:00,94.6,46,70.8,0.0,1016.1,6.6,16.3,3,2022-08-02,14
2022-08-02 15:00:00,76.5,97,75.7,0.386,1017.0,7.3,27.5,65,2022-08-02,15
2022-08-02 16:00:00,78.5,91,75.8,0.0,1015.8,6.7,14.8,3,2022-08-02,16
2022-08-02 17:00:00,81.5,82,75.3,0.0,1014.7,4.2,13.4,3,2022-08-02,17
2022-08-02 18:00:00,84.1,76,75.6,0.004,1013.8,7.0,13.4,51,2022-08-02,18
2022-08-02 19:00:00,92.8,49,71.1,0.0,1013.6,7.3,16.1,3,2022-08-02,19
2022-08-02 20:00:00,91.3,49,69.7,0.0,1014.0,10.9,17.9,3,2022-08-02,20
2022-08-02 21:00:00,88.1,60,72.7,0.0,1014.0,11.6,21.3,3,2022-08-02,21
2022-08-02 22:00:00,85.7,68,74.0,0.0,1014.1,11.7,20.6,3,2022-08-02,22
2022-08-02 23:00:00,83.8,75,75.1,0.0,1014.5,10.0,20.6,3,2022-08-02,23
2022-08-03 00:00:00,82.4,80,75.5,0.0,1014.5,8.0,17.7,3,2022-08-03,0
2022-08-03 01:00:00,81.8,82,75.7,0.0,1014.4,7.5,14.1,1,2022-08-03,1
2022-08-03 02:00:00,81.0,84,75.7,0.0,1014.5,7.3,13.4,0,2022-08-03,2
2022-08-03 03:00:00,80.5,84,75.4,0.0,1014.3,6.8,12.5,0,2022-08-03,3
2022-08-03 04:00:00,80.1,85,75.0,0.0,1014.2,6.8,11.9,1,2022-08-03,4
2022-08-03 05:00:00,79.5,85,74.8,0.0,1014.3,6.5,11.6,0,2022-08-03,5
2022-08-03 06:00:00,79.0,87,74.8,0.0,1014.6,6.2,11.2,0,2022-08-03,6
2022-08-03 07:00:00,81.2,88,77.4,0.0,1014.7,7.4,10.5,0,2022-08-03,7
2022-08-03 08:00:00,83.2,79,76.2,0.0,1015.1,8.9,16.1,3,2022-08-03,8
2022-08-03 09:00:00,85.7,71,75.4,0.004,1015.3,10.0,19.5,51,2022-08-03,9
2022-08-03 10:00:00,89.1,62,74.1,0.0,1014.8,10.0,20.6,1,2022-08-03,10
2022-08-03 11:00:00,92.4,52,72.3,0.0,1014.6,10.9,22.4,3,2022-08-03,11
2022-08-03 12:00:00,94.9,46,71.1,0.0,1014.3,10.5,23.0,3,2022-08-03,12
2022-08-03 13:00:00,97.0,42,69.8,0.0,1014.0,9.9,22.4,1,2022-08-03,13
2022-08-03 14:00:00,98.8,39,69.4,0.0,1013.2,9.4,21.9,3,2022-08-03,14
2022-08-03 15:00:00,99.5,39,70.1,0.0,1012.1,9.7,21.9,3,2022-08-03,15
2022-08-03 16:00:00,86.6,70,75.5,0.142,1012.6,14.1,27.5,63,2022-08-03,16
2022-08-03 17:00:00,88.9,66,75.8,0.039,1011.9,5.9,27.3,55,2022-08-03,17
2022-08-03 18:00:00,91.2,53,71.6,0.0,1011.3,9.4,18.1,3,2022-08-03,18
2022-08-03 19:00:00,90.7,56,72.7,0.0,1011.6,10.1,19.5,3,2022-08-03,19
2022-08-03 20:00:00,90.1,54,71.3,0.0,1012.1,9.9,19.0,3,2022-08-03,20
2022-08-03 21:00:00,87.5,61,72.3,0.0,1012.4,9.8,17.7,3,2022-08-03,21
2022-08-03 22:00:00,85.3,68,73.5,0.0,1013.1,9.0,17.0,3,2022-08-03,22
2022-08-03 23:00:00,83.1,76,74.9,0.0,1013.4,8.3,15.4,3,2022-08-03,23
2022-08-04 00:00:00,81.8,83,76.1,0.0,1013.4,7.8,14.3,3,2022-08-04,0
2022-08-04 01:00:00,81.3,85,76.6,0.0,1013.7,7.2,13.6,3,2022-08-04,1
2022-08-04 02:00:00,81.1,87,76.6,0.0,1014.0,6.1,12.5,3,2022-08-04,2
2022-08-04 03:00:00,80.5,88,76.6,0.0,1014.0,5.6,10.5,3,2022-08-04,3
2022-08-04 04:00:00,80.4,88,76.5,0.0,1013.9,5.6,9.8,3,2022-08-04,4
2022-08-04 05:00:00,79.4,90,76.4,0.0,1014.1,4.3,9.4,1,2022-08-04,5
2022-08-04 06:00:00,78.5,93,76.4,0.0,1014.2,2.9,6.9,0,2022-08-04,6
2022-08-04 07:00:00,79.5,93,77.4,0.0,1014.2,4.2,4.5,1,2022-08-04,7
2022-08-04 08:00:00,82.9,83,77.1,0.0,1014.8,7.9,14.5,3,2022-08-04,8
2022-08-04 09:00:00,86.0,71,75.7,0.004,1015.2,8.6,17.4,51,2022-08-04,9
2022-08-04 10:00:00,89.1,63,75.0,0.0,1015.6,7.7,17.4,0,2022-08-04,10
2022-08-04 11:00:00,92.3,55,73.7,0.0,1015.3,7.7,17.9,3,2022-08-04,11
2022-08-04 12:00:00,94.8,47,71.2,0.0,1015.0,7.1,17.7,3,2022-08-04,12
2022-08-04 13:00:00,96.3,43,70.0,0.0,1015.0,6.7,17.2,3,2022-08-04,13
2022-08-04 14:00:00,98.1,39,68.5,0.0,1014.1,6.7,17.2,3,2022-08-04,14
2022-08-04 15:00:00,99.2,36,67.6,0.0,1013.0,6.5,17.4,3,2022-08-04,15
2022-08-04 16:00:00,99.8,34,66.6,0.0,1012.5,5.7,16.6,3,2022-08-04,16
2022-08-04 17:00:00,96.4,38,67.0,0.016,1012.4,7.4,17.2,51,2022-08-04,17
2022-08-04 18:00:00,92.2,48,69.6,0.008,1012.6,8.7,16.3,51,2022-08-04,18
2022-08-04 19:00:00,86.5,65,73.4,0.0,1012.7,7.2,20.4,3,2022-08-04,19
2022-08-04 20:00:00,86.4,67,74.1,0.0,1012.8,5.3,14.8,3,2022-08-04,20
2022-08-04 21:00:00,85.5,73,75.8,0.0,1013.3,8.4,13.9,3,2022-08-04,21
2022-08-04 22:00:00,86.2,63,72.2,0.0,1013.9,9.6,16.3,3,2022-08-04,22
2022-08-04 23:00:00,84.7,66,72.2,0.0,1014.6,9.2,17.0,3,2022-08-04,23
2022-08-05 00:00:00,83.0,76,74.8,0.0,1015.2,7.4,16.1,3,2022-08-05,0
2022-08-05 01:00:00,82.3,80,75.6,0.0,1015.3,6.1,12.5,3,2022-08-05,1
2022-08-05 02:00:00,81.2,83,75.7,0.0,1015.0,5.7,10.5,3,2022-08-05,2
2022-08-05 03:00:00,80.9,85,75.8,0.0,1014.8,4.8,9.6,3,2022-08-05,3
2022-08-05 04:00:00,79.9,88,75.9,0.0,1014.8,2.6,8.1,3,2022-08-05,4
2022-08-05 05:00:00,79.1,90,75.9,0.0,1014.9,2.7,3.8,3,2022-08-05,5
2022-08-05 06:00:00,78.7,91,76.0,0.0,1015.1,3.6,7.2,3,2022-08-05,6
2022-08-05 07:00:00,76.8,90,73.7,0.0,1015.4,5.7,5.8,3,2022-08-05,7
2022-08-05 08:00:00,78.0,87,73.8,0.0,1016.0,4.8,10.3,3,2022-08-05,8
2022-08-05 09:00:00,81.3,77,73.6,0.0,1016.1,3.2,10.7,3,2022-08-05,9
2022-08-05 10:00:00,85.3,70,74.5,0.0,1016.6,3.8,11.6,3,2022-08-05,10
2022-08-05 11:00:00,88.6,64,74.8,0.0,1016.7,3.1,11.9,3,2022-08-05,11
2022-08-05 12:00:00,90.8,58,74.2,0.0,1016.7,3.4,12.1,3,2022-08-05,12
2022-08-05 13:00:00,93.7,51,72.9,0.0,1015.8,4.9,14.1,3,2022-08-05,13
2022-08-05 14:00:00,84.2,75,75.5,0.087,1015.8,9.9,23.5,61,2022-08-05,14
2022-08-05 15:00:00,85.1,69,73.8,0.008,1015.5,9.7,22.1,51,2022-08-05,15
2022-08-05 16:00:00,86.0,66,73.3,0.0,1015.3,9.8,21.3,3,2022-08-05,16
2022-08-05 17:00:00,84.9,70,74.1,0.0,1014.6,8.1,20.6,3,2022-08-05,17
2022-08-05 18:00:00,85.8,68,73.8,0.0,1014.4,6.2,16.8,2,2022-08-05,18
2022-08-05 19:00:00,81.1,82,75.0,0.0,1014.4,4.7,14.3,2,2022-08-05,19
2022-08-05 20:00:00,81.0,82,74.8,0.0,1014.7,3.7,9.4,3,2022-08-05,20
2022-08-05 21:00:00,79.9,85,75.1,0.0,1015.1,5.1,8.1,3,2022-08-05,21
2022-08-05 22:00:00,79.2,87,75.1,0.0,1015.5,5.8,10.1,3,2022-08-05,22
2022-08-05 23:00:00,78.9,88,75.0,0.0,1015.8,4.4,9.8,3,2022-08-05,23
2022-08-06 00:00:00,78.3,90,74.9,0.0,1015.9,5.5,8.5,3,2022-08-06,0
2022-08-06 01:00:00,77.8,88,73.8,0.004,1015.9,5.3,10.5,51,2022-08-06,1
2022-08-06 02:00:00,77.6,88,73.8,0.004,1015.9,4.0,8.5,51,2022-08-06,2
2022-08-06 03:00:00,77.4,90,74.2,0.004,1015.9,3.8,6.9,51,2022-08-06,3
2022-08-06 04:00:00,77.5,90,74.5,0.004,1016.0,3.2,6.5,51,2022-08-06,4
2022-08-06 05:00:00,77.0,93,74.8,0.0,1016.1,2.7,5.6,1,2022-08-06,5
2022-08-06 06:00:00,76.6,95,75.0,0.0,1016.5,1.6,4.5,0,2022-08-06,6
2022-08-06 07:00:00,75.2,100,75.1,0.0,1017.1,2.5,5.1,1,2022-08-06,7
2022-08-06 08:00:00,76.5,97,75.6,0.004,1017.6,2.7,7.2,51,2022-08-06,8
2022-08-06 09:00:00,77.4,91,74.7,0.016,1018.4,6.2,12.8,51,2022-08-06,9
2022-08-06 10:00:00,78.3,88,74.7,0.008,1018.6,5.3,13.4,51,2022-08-06,10
2022-08-06 11:00:00,79.7,85,74.8,0.016,1018.9,4.3,12.5,51,2022-08-06,11
2022-08-06 12:00:00,82.3,80,75.4,0.016,1018.8,3.7,12.1,51,2022-08-06,12
2022-08-06 13:00:00,85.2,70,74.3,0.008,1018.1,5.1,13.4,51,2022-08-06,13
2022-08-06 14:00:00,86.0,64,72.4,0.0,1017.4,6.7,14.5,3,2022-08-06,14
2022-08-06 15:00:00,84.2,70,73.3,0.012,1016.9,7.7,17.9,51,2022-08-06,15
2022-08-06 16:00:00,87.7,63,73.8,0.0,1016.4,7.3,16.8,3,2022-08-06,16
2022-08-06 17:00:00,84.6,69,73.2,0.028,1016.1,11.3,21.5,53,2022-08-06,17
2022-08-06 18:00:00,84.5,71,73.9,0.0,1015.7,10.6,21.9,3,2022-08-06,18
2022-08-06 19:00:00,79.1,89,75.6,0.0,1017.0,7.1,20.4,3,2022-08-06,19
2022-08-06 20:00:00,79.2,87,75.0,0.004,1017.0,7.4,15.0,51,2022-08-06,20
2022-08-06 21:00:00,78.8,90,75.6,0.0,1017.5,7.0,13.6,2,2022-08-06,21
2022-08-06 22:00:00,78.3,91,75.5,0.0,1018.4,6.3,11.9,2,2022-08-06,22
2022-08-06 23:00:00,78.0,92,75.4,0.0,1018.4,6.4,10.7,0,2022-08-06,23
2022-08-07 00:00:00,77.5,93,75.3,0.0,1018.3,6.2,10.5,0,2022-08-07,0
2022-08-07 01:00:00,77.2,93,75.1,0.0,1018.3,5.2,10.1,0,2022-08-07,1
2022-08-07 02:00:00,76.7,95,75.1,0.0,1018.0,3.9,8.5,0,2022-08-07,2
2022-08-07 03:00:00,76.4,96,75.1,0.0,1017.9,3.3,6.5,2,2022-08-07,3
2022-08-07 04:00:00,76.3,96,75.2,0.0,1018.3,3.7,6.0,2,2022-08-07,4
2022-08-07 05:00:00,76.6,96,75.2,0.0,1018.6,3.7,5.8,2,2022-08-07,5
2022-08-07 06:00:00,76.2,97,75.2,0.0,1018.9,2.9,6.0,1,2022-08-07,6
2022-08-07 07:00:00,76.9,97,76.0,0.0,1019.0,2.5,5.1,1,2022-08-07,7
2022-08-07 08:00:00,80.0,90,76.9,0.0,1019.6,3.1,6.7,0,2022-08-07,8
2022-08-07 09:00:00,83.6,80,76.6,0.0,1020.2,3.5,9.6,0,2022-08-07,9
2022-08-07 10:00:00,85.6,74,76.3,0.008,1020.1,4.1,12.5,51,2022-08-07,10
2022-08-07 11:00:00,87.4,69,75.8,0.004,1020.0,4.5,12.8,51,2022-08-07,11
2022-08-07 12:00:00,89.2,63,75.0,0.004,1019.6,5.1,13.4,51,2022-08-07,12
2022-08-07 13:00:00,90.4,60,74.5,0.004,1018.8,6.0,14.5,51,2022-08-07,13
2022-08-07 14:00:00,91.8,56,73.8,0.0,1018.1,7.3,16.8,1,2022-08-07,14
2022-08-07 15:00:00,91.7,53,72.0,0.0,1017.4,10.7,21.5,1,2022-08-07,15
2022-08-07 16:00:00,89.4,57,72.1,0.0,1017.1,11.1,23.7,1,2022-08-07,16
2022-08-07 17:00:00,87.9,63,73.8,0.008,1016.9,11.7,23.9,51,2022-08-07,17
2022-08-07 18:00:00,86.5,65,73.5,0.0,1016.8,11.3,23.0,1,2022-08-07,18
2022-08-07 19:00:00,87.1,63,72.9,0.0,1017.0,9.3,21.3,2,2022-08-07,19
2022-08-07 20:00:00,84.7,71,74.0,0.0,1017.1,6.3,16.3,1,2022-08-07,20
2022-08-07 21:00:00,82.6,78,75.1,0.0,1017.3,4.4,10.5,3,2022-08-07,21
2022-08-07 22:00:00,81.5,82,75.4,0.0,1017.7,5.2,8.5,3,2022-08-07,22
2022-08-07 23:00:00,80.7,84,75.5,0.0,1018.1,5.7,9.2,1,2022-08-07,23
2022-08-08 00:00:00,79.8,88,76.0,0.0,1018.3,5.1,9.6,0,2022-08-08,0
2022-08-08 01:00:00,79.1,91,76.4,0.0,1018.4,3.6,8.7,0,2022-08-08,1
2022-08-08 02:00:00,78.4,93,76.1,0.0,1018.4,3.5,5.8,1,2022-08-08,2
2022-08-08 03:00:00,78.0,92,75.5,0.0,1018.0,2.6,6.0,1,2022-08-08,3
2022-08-08 04:00:00,77.1,95,75.6,0.0,1017.8,1.7,4.0,1,2022-08-08,4
2022-08-08 05:00:00,76.9,96,75.7,0.0,1017.8,1.6,3.1,1,2022-08-08,5
2022-08-08 06:00:00,76.7,97,75.9,0.0,1018.1,2.1,3.6,0,2022-08-08,6
2022-08-08 07:00:00,76.1,99,75.7,0.0,1018.3,0.8,3.6,0,2022-08-08,7
2022-08-08 08:00:00,78.6,92,76.1,0.0,1018.8,1.6,4.7,3,2022-08-08,8
2022-08-08 09:00:00,82.1,82,76.1,0.0,1019.1,0.9,6.7,2,2022-08-08,9
2022-08-08 10:00:00,85.1,73,75.4,0.0,1018.9,0.7,7.2,2,2022-08-08,10
2022-08-08 11:00:00,87.7,64,74.2,0.0,1018.4,1.1,8.5,3,2022-08-08,11
2022-08-08 12:00:00,90.1,59,73.8,0.0,1018.1,2.7,11.0,3,2022-08-08,12
2022-08-08 13:00:00,90.7,57,73.6,0.004,1017.8,5.8,14.3,51,2022-08-08,13
2022-08-08 14:00:00,90.0,60,74.2,0.0,1017.4,7.8,18.3,3,2022-08-08,14
2022-08-08 15:00:00,90.5,59,74.1,0.0,1016.8,8.5,19.0,2,2022-08-08,15
2022-08-08 16:00:00,91.2,55,72.6,0.0,1015.7,7.9,18.8,2,2022-08-08,16
2022-08-08 17:00:00,90.8,52,70.9,0.008,1015.2,9.8,19.2,51,2022-08-08,17
2022-08-08 18:00:00,88.5,57,71.6,0.004,1015.2,10.4,20.8,51,2022-08-08,18
2022-08-08 19:00:00,87.9,65,74.5,0.0,1015.0,11.1,20.1,1,2022-08-08,19
2022-08-08 20:00:00,82.5,80,75.7,0.0,1015.5,9.9,23.0,3,2022-08-08,20
2022-08-08 21:00:00,80.2,81,73.8,0.0,1016.4,9.0,17.4,3,2022-08-08,21
2022-08-08 22:00:00,79.0,81,72.6,0.0,1017.1,6.0,16.1,3,2022-08-08,22
2022-08-08 23:00:00,78.1,83,72.3,0.0,1017.6,5.8,10.3,3,2022-08-08,23
2022-08-09 00:00:00,77.6,84,72.5,0.0,1017.4,5.2,10.1,3,2022-08-09,0
2022-08-09 01:00:00,77.0,87,72.9,0.0,1017.8,3.5,8.7,3,2022-08-09,1
2022-08-09 02:00:00,76.6,90,73.6,0.0,1017.3,4.0,6.7,1,2022-08-09,2
2022-08-09 03:00:00,75.7,95,74.1,0.0,1016.7,3.0,6.7,1,2022-08-09,3
2022-08-09 04:00:00,75.0,97,74.1,0.0,1016.3,3.7,4.3,0,2022-08-09,4
2022-08-09 05:00:00,75.5,96,74.2,0.0,1016.3,2.5,4.3,0,2022-08-09,5
2022-08-09 06:00:00,75.4,97,74.5,0.0,1016.7,1.1,2.7,0,2022-08-09,6
2022-08-09 07:00:00,77.1,98,76.5,0.0,1017.7,3.2,3.6,1,2022-08-09,7
2022-08-09 08:00:00,79.2,93,77.0,0.0,1018.2,3.3,7.2,1,2022-08-09,8
2022-08-09 09:00:00,82.5,81,76.2,0.0,1018.9,2.8,9.8,1,2022-08-09,9
2022-08-09 10:00:00,85.1,74,75.9,0.004,1018.8,1.6,9.8,51,2022-08-09,10
2022-08-09 11:00:00,87.9,66,75.1,0.004,1019.0,3.2,11.6,51,2022-08-09,11
2022-08-09 12:00:00,90.9,57,73.8,0.0,1018.3,3.1,12.3,1,2022-08-09,12
2022-08-09 13:00:00,93.2,51,72.5,0.0,1017.6,5.1,14.5,1,2022-08-09,13
2022-08-09 14:00:00,94.6,48,71.9,0.0,1016.7,6.5,16.3,1,2022-08-09,14
2022-08-09 15:00:00,88.0,64,74.3,0.094,1016.6,11.5,23.0,61,2022-08-09,15
2022-08-09 16:00:00,89.5,57,72.1,0.004,1015.6,8.6,23.7,51,2022-08-09,16
2022-08-09 17:00:00,90.1,54,71.2,0.0,1015.3,9.1,20.6,2,2022-08-09,17
2022-08-09 18:00:00,89.0,57,71.8,0.0,1015.4,8.9,18.8,2,2022-08-09,18
2022-08-09 19:00:00,87.6,67,75.2,0.0,1014.9,3.6,18.3,2,2022-08-09,19
2022-08-09 20:00:00,86.4,68,74.6,0.0,1015.6,7.5,13.2,3,2022-08-09,20
2022-08-09 21:00:00,84.9,73,75.3,0.0,1015.7,6.3,13.0,3,2022-08-09,21
2022-08-09 22:00:00,83.6,77,75.5,0.0,1016.6,6.6,11.2,3,2022-08-09,22
2022-08-09 23:00:00,82.5,79,75.5,0.0,1016.9,7.7,13.0,3,2022-08-09,23
2022-08-10 00:00:00,81.8,82,75.7,0.0,1016.8,6.0,13.4,3,2022-08-10,0
2022-08-10 01:00:00,80.7,85,75.8,0.0,1016.6,4.3,10.1,3,2022-08-10,1
2022-08-10 02:00:00,79.3,90,76.1,0.0,1016.7,3.4,6.9,3,2022-08-10,2
2022-08-10 03:00:00,78.8,91,76.0,0.0,1017.2,2.7,3.8,3,2022-08-10,3
2022-08-10 04:00:00,78.5,91,75.8,0.0,1017.3,3.2,4.7,3,2022-08-10,4
2022-08-10 05:00:00,78.1,93,75.7,0.0,1017.4,2.9,5.6,3,2022-08-10,5
2022-08-10 06:00:00,77.4,95,75.8,0.0,1017.5,2.5,4.7,3,2022-08-10,6
2022-08-10 07:00:00,79.0,90,75.9,0.0,1018.2,3.3,3.6,2,2022-08-10,7
2022-08-10 08:00:00,80.2,86,75.7,0.008,1019.0,2.7,6.5,51,2022-08-10,8
2022-08-10 09:00:00,81.5,83,75.7,0.0,1019.0,1.6,7.8,3,2022-08-10,9
2022-08-10 10:00:00,86.2,69,74.8,0.004,1018.7,4.0,11.4,51,2022-08-10,10
2022-08-10 11:00:00,89.0,60,73.5,0.004,1019.0,2.5,11.9,51,2022-08-10,11
2022-08-10 12:00:00,92.2,52,72.1,0.0,1018.7,3.1,11.9,3,2022-08-10,12
2022-08-10 13:00:00,93.7,48,71.1,0.0,1017.9,3.2,12.3,1,2022-08-10,13
2022-08-10 14:00:00,96.6,43,70.2,0.0,1016.9,2.7,12.3,3,2022-08-10,14
2022-08-10 15:00:00,97.5,40,69.3,0.0,1015.8,1.7,11.6,3,2022-08-10,15
2022-08-10 16:00:00,88.9,58,72.4,0.012,1016.2,12.5,24.2,51,2022-08-10,16
2022-08-10 17:00:00,83.3,74,74.3,0.016,1016.5,7.6,26.6,51,2022-08-10,17
2022-08-10 18:00:00,83.8,73,74.3,0.016,1016.0,3.8,16.3,51,2022-08-10,18
2022-08-10 19:00:00,80.1,92,77.4,0.004,1017.0,3.8,11.2,51,2022-08-10,19
2022-08-10 20:00:00,77.8,97,76.9,0.453,1017.9,6.9,16.1,65,2022-08-10,20
2022-08-10 21:00:00,78.0,94,76.2,0.252,1017.9,1.5,12.8,63,2022-08-10,21
2022-08-10 22:00:00,77.9,97,76.9,0.193,1017.5,1.8,4.0,63,2022-08-10,22
2022-08-10 23:00:00,77.7,97,76.8,0.083,1017.5,2.8,8.1,61,2022-08-10,23
2022-08-11 00:00:00,77.6,97,76.7,0.047,1017.3,2.0,5.1,55,2022-08-11,0
2022-08-11 01:00:00,77.4,97,76.5,0.008,1016.9,1.4,4.9,51,2022-08-11,1
2022-08-11 02:00:00,77.0,98,76.5,0.0,1016.7,2.4,4.3,3,2022-08-11,2
2022-08-11 03:00:00,76.8,99,76.5,0.0,1016.5,2.5,6.0,3,2022-08-11,3
2022-08-11 04:00:00,76.7,99,76.4,0.0,1016.3,1.4,4.3,3,2022-08-11,4
2022-08-11 05:00:00,76.6,99,76.5,0.0,1016.1,3.6,6.3,3,2022-08-11,5
2022-08-11 06:00:00,76.3,99,76.1,0.0,1015.7,4.6,7.8,3,2022-08-11,6
2022-08-11 07:00:00,75.7,98,74.9,0.0,1016.6,4.4,8.9,3,2022-08-11,7
2022-08-11 08:00:00,76.2,96,75.0,0.008,1016.4,5.7,9.8,51,2022-08-11,8
2022-08-11 09:00:00,78.8,87,74.6,0.0,1016.7,4.7,12.3,3,2022-08-11,9
2022-08-11 10:00:00,82.6,75,73.7,0.0,1016.8,6.9,15.0,3,2022-08-11,10
2022-08-11 11:00:00,86.8,62,72.4,0.0,1017.2,7.1,16.1,3,2022-08-11,11
2022-08-11 12:00:00,90.0,56,72.3,0.004,1016.8,6.9,17.0,51,2022-08-11,12
2022-08-11 13:00:00,91.2,54,72.3,0.004,1015.9,4.9,16.8,51,2022-08-11,13
2022-08-11 14:00:00,94.2,48,71.2,0.0,1015.0,4.4,15.0,2,2022-08-11,14
2022-08-11 15:00:00,95.2,44,70.1,0.0,1014.1,4.3,14.3,2,2022-08-11,15
2022-08-11 16:00:00,94.9,44,69.7,0.0,1013.2,3.8,13.4,1,2022-08-11,16
2022-08-11 17:00:00,94.6,44,69.5,0.0,1012.5,4.2,12.5,3,2022-08-11,17
2022-08-11 18:00:00,92.8,45,68.5,0.0,1012.2,8.0,16.1,3,2022-08-11,18
2022-08-11 19:00:00,82.7,80,75.9,0.004,1013.4,5.1,18.6,51,2022-08-11,19
2022-08-11 20:00:00,81.7,86,77.0,0.024,1013.4,2.9,9.8,53,2022-08-11,20
2022-08-11 21:00:00,79.9,89,76.5,0.004,1014.4,7.3,12.1,51,2022-08-11,21
2022-08-11 22:00:00,78.1,91,75.2,0.008,1015.1,6.9,16.1,51,2022-08-11,22
2022-08-11 23:00:00,77.7,94,75.8,0.0,1015.3,2.6,12.1,3,2022-08-11,23
2022-08-12 00:00:00,77.4,95,75.9,0.0,1015.4,4.0,7.2,3,2022-08-12,0
2022-08-12 01:00:00,75.7,97,74.8,0.051,1016.2,7.1,12.8,61,2022-08-12,1
2022-08-12 02:00:00,75.7,93,73.5,0.004,1015.2,1.7,12.8,51,2022-08-12,2
2022-08-12 03:00:00,74.9,95,73.5,0.0,1014.9,0.9,4.3,3,2022-08-12,3
2022-08-12 04:00:00,74.7,97,73.7,0.0,1015.0,1.6,3.4,2,2022-08-12,4
2022-08-12 05:00:00,74.2,98,73.7,0.0,1014.6,2.7,4.9,0,2022-08-12,5
2022-08-12 06:00:00,73.6,99,73.4,0.0,1014.8,1.9,4.7,0,2022-08-12,6
2022-08-12 07:00:00,75.2,98,74.7,0.0,1015.6,4.9,4.9,0,2022-08-12,7
2022-08-12 08:00:00,75.8,95,74.2,0.055,1015.8,5.6,11.4,61,2022-08-12,8
2022-08-12 09:00:00,77.4,90,74.2,0.0,1016.0,3.6,9.4,3,2022-08-12,9
2022-08-12 10:00:00,81.3,78,73.8,0.0,1016.3,5.4,12.8,3,2022-08-12,10
2022-08-12 11:00:00,84.7,68,73.1,0.0,1015.9,6.5,16.3,3,2022-08-12,11
2022-08-12 12:00:00,87.3,62,72.9,0.0,1015.6,3.8,15.7,3,2022-08-12,12
2022-08-12 13:00:00,90.8,54,71.9,0.0,1015.0,4.6,15.0,3,2022-08-12,13
2022-08-12 14:00:00,92.2,50,70.9,0.004,1014.1,5.3,16.1,51,2022-08-12,14
2022-08-12 15:00:00,93.5,47,70.2,0.0,1013.5,6.9,16.8,3,2022-08-12,15
2022-08-12 16:00:00,92.2,47,69.1,0.0,1012.7,7.5,17.0,3,2022-08-12,16
2022-08-12 17:00:00,86.3,66,73.4,0.016,1013.0,10.6,21.5,51,2022-08-12,17
2022-08-12 18:00:00,86.3,64,72.9,0.0,1013.1,6.2,20.8,3,2022-08-12,18
2022-08-12 19:00:00,80.4,89,76.7,0.0,1013.6,3.4,13.4,3,2022-08-12,19
2022-08-12 20:00:00,81.0,88,77.2,0.0,1012.9,0.7,8.1,3,2022-08-12,20
2022-08-12 21:00:00,80.0,96,78.7,0.0,1013.3,0.5,2.7,3,2022-08-12,21
2022-08-12 22:00:00,79.7,95,78.2,0.004,1014.4,5.7,9.6,51,2022-08-12,22
2022-08-12 23:00:00,78.7,93,76.6,0.0,1014.8,5.2,9.6,3,2022-08-12,23
2022-08-13 00:00:00,77.6,96,76.3,0.0,1014.7,2.5,8.7,3,2022-08-13,0
2022-08-13 01:00:00,77.0,98,76.3,0.0,1014.6,1.2,4.3,2,2022-08-13,1
2022-08-13 02:00:00,76.8,99,76.4,0.0,1014.5,2.0,3.4,0,2022-08-13,2
2022-08-13 03:00:00,76.5,99,76.1,0.0,1014.4,3.4,5.6,0,2022-08-13,3
2022-08-13 04:00:00,76.1,99,75.7,0.0,1014.3,4.7,7.8,0,2022-08-13,4
2022-08-13 05:00:00,75.7,99,75.3,0.0,1014.3,5.4,8.9,0,2022-08-13,5
2022-08-13 06:00:00,75.3,98,74.8,0.0,1014.6,5.8,9.6,1,2022-08-13,6
2022-08-13 07:00:00,74.8,99,74.6,0.0,1015.1,5.3,10.5,1,2022-08-13,7
2022-08-13 08:00:00,77.4,94,75.5,0.0,1014.8,7.4,13.9,2,2022-08-13,8
2022-08-13 09:00:00,80.2,90,76.9,0.016,1015.3,8.5,19.0,51,2022-08-13,9
2022-08-13 10:00:00,83.4,80,76.6,0.0,1015.2,9.6,20.1,1,2022-08-13,10
2022-08-13 11:00:00,86.9,68,75.2,0.004,1015.5,9.9,23.5,51,2022-08-13,11
2022-08-13 12:00:00,89.2,60,73.4,0.0,1014.9,11.0,23.7,2,2022-08-13,12
2022-08-13 13:00:00,92.3,52,72.3,0.004,1014.1,11.2,25.5,51,2022-08-13,13
2022-08-13 14:00:00,93.9,49,71.7,0.004,1013.7,11.4,25.3,51,2022-08-13,14
2022-08-13 15:00:00,84.8,69,73.6,0.028,1013.5,12.3,28.2,53,2022-08-13,15
2022-08-13 16:00:00,87.0,65,73.6,0.004,1013.0,11.5,24.2,51,2022-08-13,16
2022-08-13 17:00:00,86.3,67,73.8,0.0,1012.6,10.9,24.6,3,2022-08-13,17
2022-08-13 18:00:00,86.0,67,73.8,0.0,1012.2,10.2,21.9,3,2022-08-13,18
2022-08-13 19:00:00,81.5,81,75.0,0.0,1013.4,10.3,19.9,3,2022-08-13,19
2022-08-13 20:00:00,80.3,82,74.5,0.0,1013.1,7.0,18.6,3,2022-08-13,20
2022-08-13 21:00:00,79.2,86,74.7,0.0,1013.3,7.2,12.5,3,2022-08-13,21
2022-08-13 22:00:00,78.7,87,74.7,0.0,1013.6,6.7,12.3,3,2022-08-13,22
2022-08-13 23:00:00,78.2,90,74.8,0.0,1013.8,6.7,11.6,3,2022-08-13,23
2022-08-14 00:00:00,78.1,90,74.8,0.0,1014.2,5.9,11.4,3,2022-08-14,0
2022-08-14 01:00:00,78.1,90,75.0,0.0,1014.2,5.1,9.8,3,2022-08-14,1
2022-08-14 02:00:00,77.9,92,75.3,0.0,1014.0,4.7,8.5,3,2022-08-14,2
2022-08-14 03:00:00,77.8,93,75.7,0.0,1013.8,4.0,7.8,3,2022-08-14,3
2022-08-14 04:00:00,77.0,96,75.8,0.004,1013.4,4.0,6.5,51,2022-08-14,4
2022-08-14 05:00:00,76.6,98,75.9,0.0,1013.4,4.1,6.9,3,2022-08-14,5
2022-08-14 06:00:00,76.6,98,75.9,0.0,1014.0,3.4,6.7,3,2022-08-14,6
2022-08-14 07:00:00,75.6,94,73.8,0.0,1014.2,5.6,5.8,3,2022-08-14,7
2022-08-14 08:00:00,77.1,91,74.3,0.0,1014.6,6.5,11.2,3,2022-08-14,8
2022-08-14 09:00:00,79.1,84,73.8,0.0,1015.5,8.6,15.4,3,2022-08-14,9
2022-08-14 10:00:00,79.0,83,73.5,0.047,1016.2,10.0,22.1,55,2022-08-14,10
2022-08-14 11:00:00,81.3,79,74.0,0.016,1016.4,8.4,21.3,51,2022-08-14,11
2022-08-14 12:00:00,85.3,69,73.9,0.024,1016.3,9.1,22.4,53,2022-08-14,12
2022-08-14 13:00:00,87.6,62,72.9,0.008,1015.7,9.4,22.8,51,2022-08-14,13
2022-08-14 14:00:00,88.6,61,73.5,0.012,1015.3,8.9,21.9,51,2022-08-14,14
2022-08-14 15:00:00,90.1,57,72.8,0.0,1014.5,9.0,21.5,3,2022-08-14,15
2022-08-14 16:00:00,90.7,54,71.9,0.004,1013.7,9.7,21.5,51,2022-08-14,16
2022-08-14 17:00:00,90.7,53,71.3,0.0,1013.2,10.0,20.8,3,2022-08-14,17
2022-08-14 18:00:00,89.5,53,70.3,0.0,1012.9,10.1,20.6,3,2022-08-14,18
2022-08-14 19:00:00,87.9,59,71.6,0.0,1012.9,7.1,19.7,3,2022-08-14,19
2022-08-14 20:00:00,85.6,65,72.5,0.0,1013.1,6.7,13.2,3,2022-08-14,20
2022-08-14 21:00:00,83.7,73,73.9,0.0,1013.5,5.9,11.6,3,2022-08-14,21
2022-08-14 22:00:00,82.3,78,74.8,0.0,1014.1,5.2,9.8,3,2022-08-14,22
2022-08-14 23:00:00,81.5,82,75.4,0.0,1014.4,4.7,8.7,3,2022-08-14,23
2022-08-15 00:00:00,80.6,85,75.6,0.0,1014.3,4.2,7.8,3,2022-08-15,0
2022-08-15 01:00:00,79.7,87,75.5,0.0,1014.2,3.5,6.9,3,2022-08-15,1
2022-08-15 02:00:00,78.9,89,75.4,0.0,1014.0,3.4,5.8,3,2022-08-15,2
2022-08-15 03:00:00,77.7,92,75.2,0.0,1013.7,3.1,5.4,1,2022-08-15,3
2022-08-15 04:00:00,76.8,94,75.0,0.0,1013.6,3.7,4.7,3,2022-08-15,4
2022-08-15 05:00:00,76.0,95,74.5,0.0,1013.6,4.8,5.6,3,2022-08-15,5
2022-08-15 06:00:00,75.8,95,74.4,0.0,1014.1,3.2,5.4,3,2022-08-15,6
2022-08-15 07:00:00,77.4,97,76.5,0.0,1014.3,2.5,4.5,1,2022-08-15,7
2022-08-15 08:00:00,80.4,90,77.2,0.0,1014.6,3.0,6.9,3,2022-08-15,8
2022-08-15 09:00:00,84.0,77,76.1,0.004,1015.0,4.0,9.8,51,2022-08-15,9
2022-08-15 10:00:00,87.2,62,72.8,0.0,1015.0,5.4,13.0,1,2022-08-15,10
2022-08-15 11:00:00,90.3,51,69.9,0.0,1015.0,5.4,13.9,0,2022-08-15,11
2022-08-15 12:00:00,92.9,43,67.3,0.0,1014.6,6.0,15.2,1,2022-08-15,12
2022-08-15 13:00:00,94.7,39,65.8,0.0,1014.2,6.9,17.2,1,2022-08-15,13
2022-08-15 14:00:00,95.9,37,65.3,0.0,1013.7,8.1,18.8,2,2022-08-15,14
2022-08-15 15:00:00,96.0,37,65.4,0.0,1012.9,9.7,21.3,3,2022-08-15,15
2022-08-15 16:00:00,95.1,40,67.0,0.0,1012.3,10.1,21.7,3,2022-08-15,16
2022-08-15 17:00:00,94.2,41,66.8,0.0,1011.5,9.9,21.5,3,2022-08-15,17
2022-08-15 18:00:00,92.2,45,68.0,0.0,1011.2,10.0,20.6,3,2022-08-15,18
2022-08-15 19:00:00,88.6,60,73.1,0.0,1011.9,7.8,20.1,3,2022-08-15,19
2022-08-15 20:00:00,86.4,67,73.9,0.0,1012.0,7.6,14.5,3,2022-08-15,20
2022-08-15 21:00:00,84.6,73,74.8,0.0,1012.4,7.0,13.4,3,2022-08-15,21
2022-08-15 22:00:00,83.4,75,74.5,0.0,1013.1,6.3,12.1,3,2022-08-15,22
2022-08-15 23:00:00,82.1,77,74.4,0.0,1013.7,5.5,10.7,3,2022-08-15,23
2022-08-16 00:00:00,80.8,81,74.4,0.0,1014.0,5.4,9.4,3,2022-08-16,0
2022-08-16 01:00:00,79.8,83,74.3,0.0,1014.2,5.4,9.4,3,2022-08-16,1
2022-08-16 02:00:00,79.0,85,74.2,0.0,1013.9,4.9,8.9,2,2022-08-16,2
2022-08-16 03:00:00,78.3,87,73.9,0.0,1013.6,5.1,8.1,2,2022-08-16,3
2022-08-16 04:00:00,77.5,88,73.8,0.0,1013.6,4.4,8.3,3,2022-08-16,4
2022-08-16 05:00:00,76.6,92,73.9,0.0,1013.6,3.2,7.2,3,2022-08-16,5
2022-08-16 06:00:00,75.4,95,73.8,0.0,1014.0,4.3,4.9,3,2022-08-16,6
2022-08-16 07:00:00,77.0,90,73.8,0.0,1013.8,2.3,4.7,3,2022-08-16,7
2022-08-16 08:00:00,79.1,85,74.2,0.0,1014.3,0.0,3.4,3,2022-08-16,8
2022-08-16 09:00:00,83.8,74,74.7,0.0,1014.9,2.0,7.2,2,2022-08-16,9
2022-08-16 10:00:00,87.4,62,72.6,0.0,1015.1,2.9,10.3,3,2022-08-16,10
2022-08-16 11:00:00,90.5,52,70.7,0.0,1015.2,2.1,10.3,3,2022-08-16,11
2022-08-16 12:00:00,93.4,45,69.0,0.0,1014.8,1.9,11.2,2,2022-08-16,12
2022-08-16 13:00:00,95.6,41,68.1,0.0,1014.2,2.2,11.0,1,2022-08-16,13
2022-08-16 14:00:00,97.1,39,68.1,0.0,1013.8,3.2,11.9,0,2022-08-16,14
2022-08-16 15:00:00,98.4,37,67.7,0.0,1012.9,4.3,13.2,1,2022-08-16,15
2022-08-16 16:00:00,94.3,45,69.5,0.012,1012.7,9.0,19.5,51,2022-08-16,16
2022-08-16 17:00:00,92.5,49,70.3,0.004,1012.2,7.6,21.3,51,2022-08-16,17
2022-08-16 18:00:00,92.8,47,69.8,0.0,1011.9,8.4,17.0,0,2022-08-16,18
2022-08-16 19:00:00,86.3,68,74.3,0.0,1012.2,8.1,18.1,0,2022-08-16,19
2022-08-16 20:00:00,85.9,68,74.2,0.0,1012.1,6.9,15.2,0,2022-08-16,20
2022-08-16 21:00:00,84.8,71,74.3,0.0,1012.8,6.3,11.9,0,2022-08-16,21
2022-08-16 22:00:00,83.9,74,74.6,0.0,1013.4,5.1,11.0,0,2022-08-16,22
2022-08-16 23:00:00,83.3,74,74.1,0.0,1013.5,5.9,9.6,0,2022-08-16,23
2022-08-17 00:00:00,82.4,75,73.7,0.0,1013.6,7.5,12.8,0,2022-08-17,0
2022-08-17 01:00:00,81.3,78,73.9,0.0,1013.9,7.4,13.0,0,2022-08-17,1
2022-08-17 02:00:00,80.4,82,74.3,0.0,1014.4,6.5,12.5,0,2022-08-17,2
2022-08-17 03:00:00,79.7,84,74.6,0.0,1014.3,6.0,11.2,3,2022-08-17,3
2022-08-17 04:00:00,79.0,87,74.8,0.0,1014.5,5.4,10.1,3,2022-08-17,4
2022-08-17 05:00:00,78.3,89,74.8,0.0,1014.8,4.7,8.7,3,2022-08-17,5
2022-08-17 06:00:00,77.3,93,74.9,0.0,1015.1,2.9,7.8,3,2022-08-17,6
2022-08-17 07:00:00,78.4,92,76.0,0.0,1015.4,3.4,4.5,3,2022-08-17,7
2022-08-17 08:00:00,81.5,84,76.2,0.0,1016.1,6.7,13.2,3,2022-08-17,8
2022-08-17 09:00:00,84.2,76,75.7,0.0,1016.3,6.7,14.5,3,2022-08-17,9
2022-08-17 10:00:00,87.7,65,74.6,0.0,1016.2,6.9,15.9,2,2022-08-17,10
2022-08-17 11:00:00,91.2,55,73.0,0.0,1015.9,7.2,17.2,1,2022-08-17,11
2022-08-17 12:00:00,93.7,48,71.0,0.0,1015.1,6.7,17.2,1,2022-08-17,12
2022-08-17 13:00:00,96.4,41,69.2,0.0,1014.5,5.7,16.8,1,2022-08-17,13
2022-08-17 14:00:00,98.8,37,68.0,0.0,1014.0,4.5,15.4,0,2022-08-17,14
2022-08-17 15:00:00,99.9,35,67.1,0.0,1013.2,3.8,14.1,0,2022-08-17,15
2022-08-17 16:00:00,100.5,33,66.5,0.0,1012.3,3.0,12.8,0,2022-08-17,16
2022-08-17 17:00:00,100.4,33,65.8,0.0,1011.5,3.0,11.2,3,2022-08-17,17
2022-08-17 18:00:00,97.1,37,66.5,0.012,1011.5,7.4,14.1,51,2022-08-17,18
2022-08-17 19:00:00,85.4,68,73.8,0.0,1012.8,8.5,24.6,3,2022-08-17,19
2022-08-17 20:00:00,85.7,69,74.5,0.0,1012.6,9.2,17.2,3,2022-08-17,20
2022-08-17 21:00:00,84.3,73,74.6,0.0,1012.9,8.7,16.3,2,2022-08-17,21
2022-08-17 22:00:00,83.6,77,75.7,0.0,1013.3,7.8,15.2,0,2022-08-17,22
2022-08-17 23:00:00,83.0,81,76.5,0.0,1013.8,7.2,13.6,1,2022-08-17,23
2022-08-18 00:00:00,82.7,82,76.6,0.0,1013.7,7.4,12.5,3,2022-08-18,0
2022-08-18 01:00:00,82.3,83,76.6,0.0,1013.7,7.4,12.5,0,2022-08-18,1
2022-08-18 02:00:00,81.9,84,76.5,0.0,1013.9,6.9,12.8,1,2022-08-18,2
2022-08-18 03:00:00,81.3,84,76.2,0.0,1013.9,5.8,11.9,2,2022-08-18,3
2022-08-18 04:00:00,80.9,85,76.0,0.0,1013.8,5.6,9.8,3,2022-08-18,4
2022-08-18 05:00:00,80.3,86,75.9,0.0,1013.7,6.0,10.3,0,2022-08-18,5
2022-08-18 06:00:00,79.9,88,76.0,0.0,1014.0,6.1,10.3,0,2022-08-18,6
2022-08-18 07:00:00,80.6,87,76.3,0.0,1013.8,5.4,10.3,3,2022-08-18,7
2022-08-18 08:00:00,82.4,81,76.1,0.0,1013.8,5.9,11.4,2,2022-08-18,8
2022-08-18 09:00:00,85.6,71,75.0,0.0,1014.2,6.7,14.5,0,2022-08-18,9
2022-08-18 10:00:00,88.8,61,73.4,0.0,1014.4,6.6,15.9,1,2022-08-18,10
2022-08-18 11:00:00,92.1,52,72.0,0.0,1014.2,6.2,15.9,2,2022-08-18,11
2022-08-18 12:00:00,94.6,47,71.5,0.0,1013.6,6.1,16.6,3,2022-08-18,12
2022-08-18 13:00:00,96.3,44,70.8,0.0,1013.0,5.1,16.3,3,2022-08-18,13
2022-08-18 14:00:00,97.1,40,68.5,0.0,1011.7,3.5,14.5,3,2022-08-18,14
2022-08-18 15:00:00,96.6,38,66.9,0.0,1011.0,1.6,11.9,3,2022-08-18,15
2022-08-18 16:00:00,79.7,86,75.0,0.252,1012.6,10.2,24.6,63,2022-08-18,16
2022-08-18 17:00:00,80.0,81,73.7,0.465,1013.8,6.5,19.7,65,2022-08-18,17
2022-08-18 18:00:00,78.2,93,76.0,0.071,1012.3,2.7,13.4,61,2022-08-18,18
2022-08-18 19:00:00,79.2,97,78.2,0.028,1013.9,2.4,7.4,53,2022-08-18,19
2022-08-18 20:00:00,78.1,97,77.2,0.043,1013.8,5.4,8.9,55,2022-08-18,20
2022-08-18 21:00:00,77.3,97,76.5,0.114,1014.0,7.4,12.8,63,2022-08-18,21
2022-08-18 22:00:00,77.1,98,76.5,0.039,1013.8,6.0,12.8,55,2022-08-18,22
2022-08-18 23:00:00,76.9,95,75.5,0.004,1012.8,5.7,10.7,51,2022-08-18,23
2022-08-19 00:00:00,76.2,95,74.6,0.0,1013.0,4.5,9.4,3,2022-08-19,0
2022-08-19 01:00:00,76.3,94,74.5,0.0,1013.2,2.7,7.4,3,2022-08-19,1
2022-08-19 02:00:00,75.9,95,74.5,0.0,1013.4,2.4,4.3,2,2022-08-19,2
2022-08-19 03:00:00,75.2,97,74.4,0.0,1013.5,3.3,4.0,1,2022-08-19,3
2022-08-19 04:00:00,76.2,94,74.3,0.0,1013.3,2.7,4.3,1,2022-08-19,4
2022-08-19 05:00:00,75.6,95,74.1,0.0,1013.1,1.1,2.9,2,2022-08-19,5
2022-08-19 06:00:00,75.0,99,74.7,0.0,1013.3,2.5,4.9,1,2022-08-19,6
2022-08-19 07:00:00,74.4,99,73.9,0.0,1014.0,2.3,4.5,1,2022-08-19,7
2022-08-19 08:00:00,75.0,95,73.6,0.047,1014.2,3.4,7.6,55,2022-08-19,8
2022-08-19 09:00:00,76.1,91,73.2,0.028,1014.5,4.7,9.8,53,2022-08-19,9
2022-08-19 10:00:00,77.3,87,73.0,0.004,1015.4,4.0,11.2,51,2022-08-19,10
2022-08-19 11:00:00,79.4,80,72.7,0.0,1015.5,7.2,15.4,3,2022-08-19,11
2022-08-19 12:00:00,81.9,74,72.9,0.0,1015.2,6.0,15.4,3,2022-08-19,12
2022-08-19 13:00:00,84.2,70,73.5,0.0,1014.7,5.9,17.9,3,2022-08-19,13
2022-08-19 14:00:00,86.4,65,73.4,0.0,1013.5,5.5,14.8,3,2022-08-19,14
2022-08-19 15:00:00,87.1,64,73.3,0.004,1012.9,6.7,15.7,51,2022-08-19,15
2022-08-19 16:00:00,86.8,64,73.2,0.063,1012.5,7.2,16.1,61,2022-08-19,16
2022-08-19 17:00:00,86.9,61,71.9,0.047,1012.0,5.9,15.7,55,2022-08-19,17
2022-08-19 18:00:00,86.1,66,73.5,0.008,1011.8,4.7,12.1,51,2022-08-19,18
2022-08-19 19:00:00,80.3,79,73.1,0.008,1012.8,5.2,9.6,51,2022-08-19,19
2022-08-19 20:00:00,79.2,82,73.3,0.0,1013.1,4.3,8.9,3,2022-08-19,20
2022-08-19 21:00:00,78.2,85,73.3,0.0,1013.4,3.8,7.8,3,2022-08-19,21
2022-08-19 22:00:00,77.5,87,73.5,0.0,1014.1,5.3,8.7,1,2022-08-19,22
2022-08-19 23:00:00,77.1,87,73.0,0.0,1015.0,5.5,9.4,3,2022-08-19,23
2022-08-20 00:00:00,76.6,88,72.7,0.0,1015.0,4.5,9.2,3,2022-08-20,0
2022-08-20 01:00:00,76.5,90,73.2,0.0,1014.8,3.4,7.2,3,2022-08-20,1
2022-08-20 02:00:00,76.2,92,73.6,0.0,1014.6,3.4,5.1,3,2022-08-20,2
2022-08-20 03:00:00,75.9,93,73.8,0.0,1014.2,2.9,5.6,1,2022-08-20,3
2022-08-20 04:00:00,75.5,94,73.8,0.0,1014.3,3.8,4.9,0,2022-08-20,4
2022-08-20 05:00:00,76.6,91,73.8,0.0,1014.6,2.6,4.3,0,2022-08-20,5
2022-08-20 06:00:00,75.7,93,73.7,0.0,1015.1,1.1,2.9,0,2022-08-20,6
2022-08-20 07:00:00,76.2,94,74.4,0.0,1016.2,4.9,1.6,0,2022-08-20,7
2022-08-20 08:00:00,76.7,95,75.2,0.004,1016.5,5.5,9.2,51,2022-08-20,8
2022-08-20 09:00:00,75.7,95,74.2,0.161,1017.5,4.4,12.8,63,2022-08-20,9
2022-08-20 10:00:00,76.4,90,73.3,0.043,1017.8,1.6,9.8,55,2022-08-20,10
2022-08-20 11:00:00,79.2,86,74.8,0.008,1017.9,2.7,8.5,51,2022-08-20,11
2022-08-20 12:00:00,84.1,76,75.8,0.0,1017.9,3.4,10.3,2,2022-08-20,12
2022-08-20 13:00:00,85.8,74,76.6,0.004,1017.3,6.5,15.9,51,2022-08-20,13
2022-08-20 14:00:00,86.3,71,75.6,0.004,1016.5,6.0,15.9,51,2022-08-20,14
2022-08-20 15:00:00,84.6,74,75.3,0.071,1016.3,8.4,17.2,61,2022-08-20,15
2022-08-20 16:00:00,83.4,80,76.7,0.075,1015.7,3.9,17.4,61,2022-08-20,16
2022-08-20 17:00:00,82.6,79,75.3,0.004,1015.9,7.3,15.9,51,2022-08-20,17
2022-08-20 18:00:00,82.9,77,74.9,0.0,1015.5,9.9,18.3,3,2022-08-20,18
2022-08-20 19:00:00,78.3,94,76.6,0.0,1015.9,7.1,18.1,3,2022-08-20,19
2022-08-20 20:00:00,78.4,91,75.7,0.0,1016.0,6.0,12.1,2,2022-08-20,20
2022-08-20 21:00:00,78.0,94,76.1,0.0,1016.1,7.5,12.5,3,2022-08-20,21
2022-08-20 22:00:00,78.0,95,76.4,0.0,1016.5,6.8,12.5,3,2022-08-20,22
2022-08-20 23:00:00,78.0,95,76.6,0.0,1016.3,6.3,11.4,3,2022-08-20,23
2022-08-21 00:00:00,77.9,95,76.5,0.0,1016.3,5.2,10.7,3,2022-08-21,0
2022-08-21 01:00:00,77.6,96,76.3,0.0,1016.3,4.7,8.5,3,2022-08-21,1
2022-08-21 02:00:00,77.5,96,76.3,0.0,1016.2,5.1,8.1,3,2022-08-21,2
2022-08-21 03:00:00,77.2,96,76.0,0.0,1016.1,4.1,8.1,3,2022-08-21,3
2022-08-21 04:00:00,76.8,96,75.7,0.0,1015.9,3.6,6.5,3,2022-08-21,4
2022-08-21 05:00:00,77.2,95,75.7,0.0,1015.7,4.8,7.4,3,2022-08-21,5
2022-08-21 06:00:00,77.4,94,75.7,0.0,1016.1,6.2,10.5,3,2022-08-21,6
2022-08-21 07:00:00,76.4,97,75.6,0.0,1016.5,3.4,10.3,3,2022-08-21,7
2022-08-21 08:00:00,78.3,93,76.1,0.039,1016.9,3.2,7.4,55,2022-08-21,8
2022-08-21 09:00:00,77.2,90,74.1,0.13,1018.2,4.6,14.3,63,2022-08-21,9
2022-08-21 10:00:00,78.7,87,74.6,0.0,1017.7,6.7,13.2,3,2022-08-21,10
2022-08-21 11:00:00,82.9,78,75.2,0.0,1017.7,7.3,15.0,3,2022-08-21,11
2022-08-21 12:00:00,85.4,76,77.1,0.004,1017.3,7.2,19.5,51,2022-08-21,12
2022-08-21 13:00:00,88.0,68,76.3,0.008,1016.7,8.8,20.1,51,2022-08-21,13
2022-08-21 14:00:00,85.8,67,73.8,0.008,1015.8,10.5,19.9,51,2022-08-21,14
2022-08-21 15:00:00,82.9,82,76.8,0.098,1015.9,6.5,20.1,63,2022-08-21,15
2022-08-21 16:00:00,83.0,80,76.3,0.008,1015.5,6.8,16.3,51,2022-08-21,16
2022-08-21 17:00:00,84.7,77,76.6,0.0,1014.5,7.8,16.6,3,2022-08-21,17
2022-08-21 18:00:00,83.9,79,76.6,0.039,1014.2,7.9,17.7,55,2022-08-21,18
2022-08-21 19:00:00,80.2,93,78.0,0.039,1014.4,2.9,14.5,55,2022-08-21,19
2022-08-21 20:00:00,77.8,97,76.8,0.016,1014.5,9.1,15.2,51,2022-08-21,20
2022-08-21 21:00:00,76.7,96,75.5,0.012,1014.3,3.8,15.7,51,2022-08-21,21
2022-08-21 22:00:00,76.5,96,75.3,0.0,1015.3,3.1,6.7,3,2022-08-21,22
2022-08-21 23:00:00,77.5,95,76.0,0.004,1015.4,4.7,6.3,51,2022-08-21,23
2022-08-22 00:00:00,77.2,95,75.7,0.0,1015.5,8.0,13.2,3,2022-08-22,0
2022-08-22 01:00:00,76.6,96,75.3,0.004,1015.1,4.3,13.4,51,2022-08-22,1
2022-08-22 02:00:00,75.7,97,74.8,0.354,1015.1,3.3,7.6,65,2022-08-22,2
2022-08-22 03:00:00,74.7,99,74.3,0.193,1014.5,1.4,8.1,63,2022-08-22,3
2022-08-22 04:00:00,74.8,97,74.0,0.0,1013.8,2.4,5.8,3,2022-08-22,4
2022-08-22 05:00:00,75.7,96,74.5,0.0,1013.6,3.6,6.0,3,2022-08-22,5
2022-08-22 06:00:00,76.2,95,74.8,0.0,1013.5,3.2,6.0,3,2022-08-22,6
2022-08-22 07:00:00,76.0,97,75.0,0.016,1014.0,6.2,8.3,51,2022-08-22,7
2022-08-22 08:00:00,77.2,94,75.4,0.0,1013.7,8.2,13.2,3,2022-08-22,8
2022-08-22 09:00:00,79.9,90,76.6,0.004,1014.1,8.0,14.3,51,2022-08-22,9
2022-08-22 10:00:00,81.1,85,76.3,0.0,1014.4,7.9,15.7,3,2022-08-22,10
2022-08-22 11:00:00,84.6,78,76.9,0.0,1014.4,9.8,20.8,3,2022-08-22,11
2022-08-22 12:00:00,86.5,74,77.2,0.0,1014.0,8.5,22.1,3,2022-08-22,12
2022-08-22 13:00:00,87.4,71,76.7,0.0,1013.6,8.0,20.8,3,2022-08-22,13
2022-08-22 14:00:00,87.9,71,77.3,0.0,1012.5,8.1,19.5,3,2022-08-22,14
2022-08-22 15:00:00,89.0,67,76.5,0.0,1011.6,7.8,20.1,3,2022-08-22,15
2022-08-22 16:00:00,83.3,83,77.6,0.063,1011.6,10.3,21.3,61,2022-08-22,16
2022-08-22 17:00:00,83.7,85,78.5,0.008,1010.5,7.1,19.5,51,2022-08-22,17
2022-08-22 18:00:00,84.6,81,78.0,0.004,1010.6,6.0,14.1,51,2022-08-22,18
2022-08-22 19:00:00,81.5,88,77.4,0.004,1011.1,1.4,12.5,51,2022-08-22,19
2022-08-22 20:00:00,79.4,86,74.9,0.004,1010.4,9.7,18.3,51,2022-08-22,20
2022-08-22 21:00:00,79.5,88,75.7,0.0,1010.8,7.4,16.1,3,2022-08-22,21
2022-08-22 22:00:00,80.7,87,76.5,0.0,1011.3,7.8,12.5,3,2022-08-22,22
2022-08-22 23:00:00,80.3,88,76.6,0.0,1011.8,7.6,13.2,3,2022-08-22,23
2022-08-23 00:00:00,79.8,90,76.6,0.004,1011.8,6.8,12.5,51,2022-08-23,0
2022-08-23 01:00:00,79.1,92,76.5,0.004,1011.4,4.9,11.2,51,2022-08-23,1
2022-08-23 02:00:00,77.3,96,76.1,0.031,1011.8,5.0,9.8,53,2022-08-23,2
2022-08-23 03:00:00,76.1,97,75.2,0.035,1011.9,5.6,13.0,53,2022-08-23,3
2022-08-23 04:00:00,75.6,98,75.0,0.024,1011.4,1.6,9.2,53,2022-08-23,4
2022-08-23 05:00:00,75.1,99,74.8,0.039,1011.4,1.1,7.6,55,2022-08-23,5
2022-08-23 06:00:00,74.9,99,74.7,0.043,1011.2,2.0,4.0,55,2022-08-23,6
2022-08-23 07:00:00,75.4,98,74.8,0.055,1011.1,8.8,5.4,61,2022-08-23,7
2022-08-23 08:00:00,75.7,98,75.2,0.039,1011.1,6.3,15.0,55,2022-08-23,8
2022-08-23 09:00:00,76.4,94,74.7,0.094,1012.4,7.5,17.7,61,2022-08-23,9
2022-08-23 10:00:00,75.6,97,74.7,0.201,1012.6,8.6,20.1,63,2022-08-23,10
2022-08-23 11:00:00,75.4,98,74.7,0.059,1012.5,7.3,17.9,61,2022-08-23,11
2022-08-23 12:00:00,77.4,91,74.7,0.012,1012.0,5.5,13.9,51,2022-08-23,12
2022-08-23 13:00:00,82.4,80,75.7,0.004,1011.5,6.6,13.6,51,2022-08-23,13
2022-08-23 14:00:00,85.7,72,75.5,0.004,1010.9,8.6,21.7,51,2022-08-23,14
2022-08-23 15:00:00,87.3,68,75.4,0.0,1010.3,7.9,21.0,3,2022-08-23,15
2022-08-23 16:00:00,87.8,66,74.8,0.0,1009.6,7.9,19.5,3,2022-08-23,16
2022-08-23 17:00:00,83.2,78,75.6,0.055,1009.1,7.9,19.2,61,2022-08-23,17
2022-08-23 18:00:00,82.9,76,74.7,0.004,1009.2,5.8,15.2,51,2022-08-23,18
2022-08-23 19:00:00,81.9,90,78.7,0.0,1009.6,4.0,11.0,3,2022-08-23,19
2022-08-23 20:00:00,79.5,97,78.5,0.004,1009.9,2.9,7.8,51,2022-08-23,20
2022-08-23 21:00:00,79.3,96,78.0,0.0,1010.5,5.6,7.8,3,2022-08-23,21
2022-08-23 22:00:00,77.9,94,75.9,0.0,1011.1,6.0,13.4,3,2022-08-23,22
2022-08-23 23:00:00,77.3,94,75.4,0.004,1011.7,6.9,11.4,51,2022-08-23,23
2022-08-24 00:00:00,76.7,95,75.1,0.004,1011.9,5.5,11.4,51,2022-08-24,0
2022-08-24 01:00:00,76.1,95,74.7,0.0,1011.8,4.1,8.9,1,2022-08-24,1
2022-08-24 02:00:00,75.7,96,74.5,0.0,1011.8,4.1,8.1,1,2022-08-24,2
2022-08-24 03:00:00,75.7,96,74.6,0.0,1011.3,4.2,6.7,1,2022-08-24,3
2022-08-24 04:00:00,75.8,97,74.9,0.0,1011.2,4.4,7.4,1,2022-08-24,4
2022-08-24 05:00:00,75.8,98,75.1,0.0,1011.1,4.9,8.1,1,2022-08-24,5
2022-08-24 06:00:00,76.0,97,75.2,0.0,1011.6,4.3,8.5,1,2022-08-24,6
2022-08-24 07:00:00,76.1,99,75.7,0.0,1012.2,6.1,7.4,2,2022-08-24,7
2022-08-24 08:00:00,75.7,98,75.0,0.11,1012.4,8.4,14.3,63,2022-08-24,8
2022-08-24 09:00:00,75.0,95,73.6,0.547,1012.7,4.3,15.4,65,2022-08-24,9
2022-08-24 10:00:00,75.7,94,73.9,0.075,1013.6,9.5,17.7,61,2022-08-24,10
2022-08-24 11:00:00,79.6,85,74.6,0.016,1013.5,9.0,20.6,51,2022-08-24,11
2022-08-24 12:00:00,83.0,80,76.1,0.008,1013.5,5.2,17.9,51,2022-08-24,12
2022-08-24 13:00:00,85.4,76,76.9,0.004,1012.7,7.0,16.6,51,2022-08-24,13
2022-08-24 14:00:00,86.1,74,76.7,0.012,1012.0,7.6,16.6,51,2022-08-24,14
2022-08-24 15:00:00,86.4,69,75.3,0.004,1011.3,7.0,16.8,51,2022-08-24,15
2022-08-24 16:00:00,85.8,70,74.9,0.008,1010.7,7.8,15.9,51,2022-08-24,16
2022-08-24 17:00:00,85.6,73,75.8,0.0,1010.2,6.7,15.9,3,2022-08-24,17
2022-08-24 18:00:00,84.8,73,75.2,0.0,1010.2,5.5,13.9,3,2022-08-24,18
2022-08-24 19:00:00,77.0,96,75.9,0.0,1011.3,0.0,10.5,3,2022-08-24,19
2022-08-24 20:00:00,77.1,96,75.9,0.0,1011.6,2.0,3.4,3,2022-08-24,20
2022-08-24 21:00:00,77.1,98,76.6,0.0,1012.2,1.8,4.7,3,2022-08-24,21
2022-08-24 22:00:00,76.0,99,75.8,0.0,1012.7,3.0,4.3,3,2022-08-24,22
2022-08-24 23:00:00,77.1,98,76.5,0.0,1013.4,1.6,4.0,3,2022-08-24,23
2022-08-25 00:00:00,76.0,99,75.8,0.0,1013.3,0.9,1.8,3,2022-08-25,0
2022-08-25 01:00:00,75.3,100,75.3,0.0,1013.2,2.6,2.5,3,2022-08-25,1
2022-08-25 02:00:00,75.1,100,75.1,0.0,1012.9,2.7,4.3,3,2022-08-25,2
2022-08-25 03:00:00,75.8,99,75.7,0.0,1012.7,3.4,5.6,0,2022-08-25,3
2022-08-25 04:00:00,75.1,99,74.9,0.0,1012.8,3.4,6.0,1,2022-08-25,4
2022-08-25 05:00:00,74.6,99,74.1,0.0,1013.1,4.1,6.7,1,2022-08-25,5
2022-08-25 06:00:00,73.9,99,73.5,0.0,1013.4,4.7,8.3,0,2022-08-25,6
2022-08-25 07:00:00,74.3,99,74.1,0.0,1014.2,2.6,7.8,1,2022-08-25,7
2022-08-25 08:00:00,75.9,95,74.4,0.0,1014.2,2.8,6.0,3,2022-08-25,8
2022-08-25 09:00:00,77.4,89,74.0,0.0,1015.3,4.3,10.5,2,2022-08-25,9
2022-08-25 10:00:00,80.3,80,73.8,0.0,1016.1,1.1,9.8,2,2022-08-25,10
2022-08-25 11:00:00,82.6,76,74.3,0.0,1015.5,2.4,7.8,1,2022-08-25,11
2022-08-25 12:00:00,85.2,70,74.2,0.004,1015.2,4.5,11.6,51,2022-08-25,12
2022-08-25 13:00:00,86.8,66,74.2,0.004,1014.7,5.1,12.8,51,2022-08-25,13
2022-08-25 14:00:00,88.2,62,73.6,0.0,1014.1,5.6,13.6,0,2022-08-25,14
2022-08-25 15:00:00,89.1,60,73.3,0.0,1013.5,4.4,13.6,1,2022-08-25,15
2022-08-25 16:00:00,89.0,60,73.2,0.0,1012.4,4.1,11.4,1,2022-08-25,16
2022-08-25 17:00:00,89.2,59,72.9,0.0,1012.2,2.4,10.5,2,2022-08-25,17
2022-08-25 18:00:00,82.5,78,75.1,0.016,1012.6,9.3,17.0,51,2022-08-25,18
2022-08-25 19:00:00,78.3,89,74.8,0.004,1013.0,4.7,17.7,51,2022-08-25,19
2022-08-25 20:00:00,78.0,92,75.6,0.016,1013.0,3.9,6.9,51,2022-08-25,20
2022-08-25 21:00:00,77.4,97,76.6,0.02,1013.5,6.9,11.0,53,2022-08-25,21
2022-08-25 22:00:00,76.9,96,75.7,0.004,1014.7,6.4,12.1,51,2022-08-25,22
2022-08-25 23:00:00,76.5,97,75.7,0.008,1014.9,2.9,10.7,51,2022-08-25,23
2022-08-26 00:00:00,76.4,99,75.9,0.004,1014.9,2.5,5.8,51,2022-08-26,0
2022-08-26 01:00:00,75.7,99,75.3,0.0,1014.7,2.9,6.5,0,2022-08-26,1
2022-08-26 02:00:00,74.2,99,74.0,0.0,1014.5,2.4,4.7,0,2022-08-26,2
2022-08-26 03:00:00,74.6,100,74.6,0.0,1014.1,1.0,3.4,3,2022-08-26,3
2022-08-26 04:00:00,74.2,100,74.2,0.0,1013.8,0.7,1.6,3,2022-08-26,4
2022-08-26 05:00:00,74.1,100,74.0,0.0,1013.6,1.0,2.5,3,2022-08-26,5
2022-08-26 06:00:00,73.8,100,73.8,0.0,1013.7,2.4,4.9,3,2022-08-26,6
2022-08-26 07:00:00,73.9,100,73.8,0.0,1015.0,3.5,4.7,3,2022-08-26,7
2022-08-26 08:00:00,75.6,96,74.5,0.004,1014.9,5.3,12.3,51,2022-08-26,8
2022-08-26 09:00:00,76.8,93,74.6,0.0,1015.2,1.9,10.3,1,2022-08-26,9
2022-08-26 10:00:00,79.7,87,75.5,0.0,1015.4,2.3,9.4,1,2022-08-26,10
2022-08-26 11:00:00,80.8,83,75.2,0.004,1015.5,5.5,13.6,51,2022-08-26,11
2022-08-26 12:00:00,84.6,74,75.5,0.0,1015.2,1.7,13.0,0,2022-08-26,12
2022-08-26 13:00:00,87.7,63,73.6,0.0,1014.5,1.4,8.5,0,2022-08-26,13
2022-08-26 14:00:00,88.7,56,71.1,0.004,1014.2,2.3,8.5,51,2022-08-26,14
2022-08-26 15:00:00,88.9,55,70.9,0.0,1013.6,3.0,9.2,0,2022-08-26,15
2022-08-26 16:00:00,89.0,54,70.2,0.0,1012.5,2.0,9.2,1,2022-08-26,16
2022-08-26 17:00:00,88.3,56,70.6,0.0,1012.1,2.9,7.8,0,2022-08-26,17
2022-08-26 18:00:00,88.5,56,70.7,0.0,1012.2,3.4,7.8,1,2022-08-26,18
2022-08-26 19:00:00,85.0,73,75.3,0.0,1012.3,5.8,9.8,1,2022-08-26,19
2022-08-26 20:00:00,82.2,80,75.6,0.0,1012.2,4.3,10.3,0,2022-08-26,20
2022-08-26 21:00:00,80.1,88,76.2,0.0,1012.5,3.1,6.9,0,2022-08-26,21
2022-08-26 22:00:00,79.6,88,75.8,0.0,1013.0,4.0,6.3,0,2022-08-26,22
2022-08-26 23:00:00,78.7,91,75.7,0.0,1013.4,4.3,7.2,0,2022-08-26,23
2022-08-27 00:00:00,78.1,93,75.8,0.0,1014.0,5.6,8.9,0,2022-08-27,0
2022-08-27 01:00:00,77.5,95,76.1,0.0,1014.1,6.5,10.7,0,2022-08-27,1
2022-08-27 02:00:00,77.2,96,76.0,0.0,1014.0,5.6,10.7,0,2022-08-27,2
2022-08-27 03:00:00,76.9,96,75.8,0.0,1013.3,3.7,9.4,0,2022-08-27,3
2022-08-27 04:00:00,75.5,99,75.1,0.0,1013.4,2.3,5.6,3,2022-08-27,4
2022-08-27 05:00:00,76.0,98,75.3,0.0,1013.5,3.1,5.6,3,2022-08-27,5
2022-08-27 06:00:00,76.2,97,75.2,0.0,1013.6,4.9,8.3,2,2022-08-27,6
2022-08-27 07:00:00,75.7,98,75.2,0.0,1014.3,2.7,8.7,3,2022-08-27,7
2022-08-27 08:00:00,76.0,98,75.4,0.012,1013.7,4.8,8.5,51,2022-08-27,8
2022-08-27 09:00:00,78.0,90,74.8,0.004,1013.8,6.2,12.3,51,2022-08-27,9
2022-08-27 10:00:00,79.7,85,74.7,0.0,1014.0,4.5,12.8,3,2022-08-27,10
2022-08-27 11:00:00,81.9,80,75.2,0.004,1013.9,4.4,13.9,51,2022-08-27,11
2022-08-27 12:00:00,80.2,81,73.8,0.028,1014.0,4.1,14.3,53,2022-08-27,12
2022-08-27 13:00:00,83.6,76,75.3,0.008,1013.3,3.6,12.8,51,2022-08-27,13
2022-08-27 14:00:00,85.8,71,75.5,0.004,1012.4,4.5,13.4,51,2022-08-27,14
2022-08-27 15:00:00,87.1,66,74.5,0.004,1011.3,5.5,13.6,51,2022-08-27,15
2022-08-27 16:00:00,87.6,64,73.8,0.004,1010.3,5.6,14.1,51,2022-08-27,16
2022-08-27 17:00:00,87.4,63,73.4,0.004,1009.5,5.5,13.2,51,2022-08-27,17
2022-08-27 18:00:00,83.2,74,73.9,0.008,1009.6,7.5,17.4,51,2022-08-27,18
2022-08-27 19:00:00,82.1,80,75.5,0.0,1010.3,7.9,14.3,0,2022-08-27,19
2022-08-27 20:00:00,80.4,83,74.8,0.0,1010.0,7.6,13.9,1,2022-08-27,20
2022-08-27 21:00:00,79.4,85,74.5,0.0,1010.4,7.8,14.1,0,2022-08-27,21
2022-08-27 22:00:00,79.0,90,75.9,0.0,1010.8,7.0,13.0,0,2022-08-27,22
2022-08-27 23:00:00,78.6,91,75.9,0.0,1011.2,5.5,12.1,0,2022-08-27,23
2022-08-28 00:00:00,77.9,93,75.6,0.0,1011.4,4.5,9.2,0,2022-08-28,0
2022-08-28 01:00:00,77.3,94,75.3,0.0,1011.3,3.8,7.4,0,2022-08-28,1
2022-08-28 02:00:00,76.6,95,75.1,0.0,1011.4,3.2,6.0,0,2022-08-28,2
2022-08-28 03:00:00,76.3,96,75.0,0.0,1011.2,3.3,4.9,0,2022-08-28,3
2022-08-28 04:00:00,76.4,95,74.9,0.0,1011.0,4.0,6.5,0,2022-08-28,4
2022-08-28 05:00:00,76.2,95,74.8,0.0,1010.6,3.5,6.7,0,2022-08-28,5
2022-08-28 06:00:00,75.3,97,74.3,0.0,1011.0,3.5,5.4,0,2022-08-28,6
2022-08-28 07:00:00,76.2,95,74.7,0.0,1011.5,3.8,4.3,0,2022-08-28,7
2022-08-28 08:00:00,77.8,93,75.7,0.0,1012.0,3.5,6.5,0,2022-08-28,8
2022-08-28 09:00:00,81.1,88,77.1,0.0,1012.0,3.2,7.8,0,2022-08-28,9
2022-08-28 10:00:00,83.8,80,77.2,0.0,1012.2,4.7,10.7,0,2022-08-28,10
2022-08-28 11:00:00,86.0,73,76.5,0.004,1012.2,5.7,13.2,51,2022-08-28,11
2022-08-28 12:00:00,87.3,69,76.1,0.004,1011.9,6.2,14.3,51,2022-08-28,12
2022-08-28 13:00:00,88.2,67,76.0,0.004,1011.5,7.1,15.7,51,2022-08-28,13
2022-08-28 14:00:00,89.3,65,75.9,0.0,1010.9,7.9,17.0,1,2022-08-28,14
2022-08-28 15:00:00,89.2,64,75.4,0.0,1010.2,8.7,17.9,1,2022-08-28,15
2022-08-28 16:00:00,88.2,65,74.8,0.004,1009.6,9.5,18.8,51,2022-08-28,16
2022-08-28 17:00:00,87.2,65,73.8,0.0,1009.2,10.8,21.0,1,2022-08-28,17
2022-08-28 18:00:00,85.5,69,73.9,0.0,1009.0,11.1,20.8,1,2022-08-28,18
2022-08-28 19:00:00,83.1,75,74.2,0.0,1009.9,9.0,20.4,1,2022-08-28,19
2022-08-28 20:00:00,81.8,78,74.2,0.0,1010.0,7.9,15.9,2,2022-08-28,20
2022-08-28 21:00:00,80.4,84,75.1,0.0,1010.4,6.7,13.4,0,2022-08-28,21
2022-08-28 22:00:00,79.5,87,75.5,0.0,1010.5,6.2,11.6,0,2022-08-28,22
2022-08-28 23:00:00,78.6,90,75.3,0.0,1010.5,3.8,10.5,0,2022-08-28,23
2022-08-29 00:00:00,77.8,92,75.2,0.0,1010.9,3.2,6.0,1,2022-08-29,0
2022-08-29 01:00:00,77.6,93,75.4,0.0,1011.4,3.9,6.5,2,2022-08-29,1
2022-08-29 02:00:00,77.9,91,75.2,0.004,1011.5,4.8,7.6,51,2022-08-29,2
2022-08-29 03:00:00,77.7,90,74.7,0.0,1011.3,6.2,10.1,1,2022-08-29,3
2022-08-29 04:00:00,77.3,90,74.2,0.0,1011.2,5.0,10.5,1,2022-08-29,4
2022-08-29 05:00:00,76.6,92,74.3,0.0,1011.4,4.0,8.3,0,2022-08-29,5
2022-08-29 06:00:00,76.1,95,74.6,0.0,1011.5,4.9,7.6,1,2022-08-29,6
2022-08-29 07:00:00,75.9,95,74.5,0.0,1012.6,5.8,10.5,2,2022-08-29,7
2022-08-29 08:00:00,77.4,93,75.3,0.0,1013.0,3.1,9.6,2,2022-08-29,8
2022-08-29 09:00:00,77.4,94,75.5,0.11,1013.7,6.0,12.3,63,2022-08-29,9
2022-08-29 10:00:00,77.0,90,73.9,0.039,1013.7,6.8,13.9,55,2022-08-29,10
2022-08-29 11:00:00,80.5,83,74.9,0.004,1014.4,7.5,17.2,51,2022-08-29,11
2022-08-29 12:00:00,82.5,78,75.1,0.008,1014.4,7.4,17.4,51,2022-08-29,12
2022-08-29 13:00:00,84.2,73,74.8,0.004,1014.0,9.4,19.5,51,2022-08-29,13
2022-08-29 14:00:00,80.9,84,75.7,0.161,1013.2,5.7,20.1,63,2022-08-29,14
2022-08-29 15:00:00,82.5,78,74.8,0.02,1012.9,8.2,17.7,53,2022-08-29,15
2022-08-29 16:00:00,83.3,79,75.9,0.012,1012.2,8.4,16.8,51,2022-08-29,16
2022-08-29 17:00:00,81.6,82,75.7,0.012,1012.1,8.9,22.1,51,2022-08-29,17
2022-08-29 18:00:00,82.3,82,76.1,0.008,1011.8,9.0,19.0,51,2022-08-29,18
2022-08-29 19:00:00,77.3,96,76.1,0.008,1012.8,6.8,17.2,51,2022-08-29,19
2022-08-29 20:00:00,76.4,98,75.7,0.024,1012.0,7.0,12.3,53,2022-08-29,20
2022-08-29 21:00:00,76.0,98,75.4,0.012,1012.9,4.4,12.3,51,2022-08-29,21
2022-08-29 22:00:00,76.2,97,75.4,0.004,1013.4,5.6,9.2,51,2022-08-29,22
2022-08-29 23:00:00,76.2,98,75.5,0.0,1013.6,4.4,9.6,3,2022-08-29,23
2022-08-30 00:00:00,75.5,98,74.9,0.0,1014.3,3.2,7.4,3,2022-08-30,0
2022-08-30 01:00:00,75.8,97,75.0,0.0,1014.5,2.7,4.7,3,2022-08-30,1
2022-08-30 02:00:00,76.0,98,75.3,0.0,1014.6,3.2,5.1,3,2022-08-30,2
2022-08-30 03:00:00,76.5,99,76.0,0.004,1014.3,3.8,7.8,51,2022-08-30,3
2022-08-30 04:00:00,76.6,98,76.0,0.024,1014.1,2.9,6.0,53,2022-08-30,4
2022-08-30 05:00:00,76.6,99,76.2,0.008,1013.8,3.7,6.9,51,2022-08-30,5
2022-08-30 06:00:00,74.6,99,74.4,0.185,1014.8,4.0,9.4,63,2022-08-30,6
2022-08-30 07:00:00,75.9,99,75.7,0.177,1015.7,5.5,11.2,63,2022-08-30,7
2022-08-30 08:00:00,74.7,98,74.1,0.087,1015.5,8.1,17.4,61,2022-08-30,8
2022-08-30 09:00:00,75.5,95,74.0,0.043,1016.3,9.0,15.9,55,2022-08-30,9
2022-08-30 10:00:00,77.8,87,73.8,0.012,1016.3,5.8,15.9,51,2022-08-30,10
2022-08-30 11:00:00,81.2,82,75.2,0.004,1016.7,5.5,13.4,51,2022-08-30,11
2022-08-30 12:00:00,82.1,81,75.8,0.004,1017.0,2.6,14.3,51,2022-08-30,12
2022-08-30 13:00:00,82.8,80,76.1,0.008,1016.5,2.9,11.4,51,2022-08-30,13
2022-08-30 14:00:00,83.8,79,76.7,0.008,1015.7,2.1,10.5,51,2022-08-30,14
2022-08-30 15:00:00,85.4,76,76.8,0.008,1015.1,2.3,10.1,51,2022-08-30,15
2022-08-30 16:00:00,84.8,77,77.0,0.016,1014.0,2.1,9.4,51,2022-08-30,16
2022-08-30 17:00:00,85.9,75,77.0,0.0,1013.7,2.6,8.9,3,2022-08-30,17
2022-08-30 18:00:00,85.3,76,76.8,0.004,1013.6,3.0,8.3,51,2022-08-30,18
2022-08-30 19:00:00,77.0,99,76.7,0.004,1014.7,2.4,7.6,51,2022-08-30,19
2022-08-30 20:00:00,76.6,99,76.3,0.012,1015.5,2.9,6.7,51,2022-08-30,20
2022-08-30 21:00:00,76.4,98,75.7,0.0,1016.3,4.0,6.3,3,2022-08-30,21
2022-08-30 22:00:00,76.6,98,75.9,0.0,1017.0,3.6,6.7,3,2022-08-30,22
2022-08-30 23:00:00,76.0,99,75.7,0.0,1017.3,3.3,5.8,3,2022-08-30,23
2022-08-31 00:00:00,76.0,99,75.8,0.0,1016.9,4.1,6.9,2,2022-08-31,0
2022-08-31 01:00:00,75.7,99,75.5,0.0,1016.5,3.4,6.7,2,2022-08-31,1
2022-08-31 02:00:00,74.8,99,74.7,0.0,1016.3,3.2,5.4,3,2022-08-31,2
2022-08-31 03:00:00,74.4,100,74.4,0.0,1015.9,2.7,4.0,3,2022-08-31,3
2022-08-31 04:00:00,74.4,100,74.4,0.0,1015.7,2.8,3.8,3,2022-08-31,4
2022-08-31 05:00:00,75.2,100,75.1,0.0,1016.0,2.3,4.0,3,2022-08-31,5
2022-08-31 06:00:00,75.3,99,75.1,0.0,1016.3,4.1,6.7,3,2022-08-31,6
2022-08-31 07:00:00,74.2,100,74.1,0.0,1017.4,7.1,8.1,2,2022-08-31,7
2022-08-31 08:00:00,74.3,99,73.8,0.071,1017.5,1.3,11.6,61,2022-08-31,8
2022-08-31 09:00:00,75.7,98,75.1,0.028,1017.6,2.1,4.9,53,2022-08-31,9
2022-08-31 10:00:00,79.0,92,76.4,0.016,1017.7,1.1,7.8,51,2022-08-31,10
2022-08-31 11:00:00,82.7,84,77.2,0.004,1017.9,3.1,9.2,51,2022-08-31,11
2022-08-31 12:00:00,85.5,77,77.4,0.004,1017.6,3.3,12.5,51,2022-08-31,12
2022-08-31 13:00:00,86.7,75,77.9,0.004,1016.8,2.6,11.6,51,2022-08-31,13
2022-08-31 14:00:00,87.2,73,77.6,0.008,1016.1,2.2,10.7,51,2022-08-31,14
2022-08-31 15:00:00,87.4,73,77.5,0.012,1015.7,2.3,10.1,51,2022-08-31,15
2022-08-31 16:00:00,86.4,73,76.8,0.031,1014.6,3.4,9.4,53,2022-08-31,16
2022-08-31 17:00:00,80.2,85,75.2,0.201,1015.1,6.9,15.9,63,2022-08-31,17
2022-08-31 18:00:00,79.0,88,75.2,0.0,1014.2,2.9,13.4,3,2022-08-31,18
2022-08-31 19:00:00,82.0,84,76.6,0.0,1014.4,4.1,7.2,3,2022-08-31,19
2022-08-31 20:00:00,79.0,91,76.2,0.0,1014.6,3.8,7.4,3,2022-08-31,20
2022-08-31 21:00:00,77.4,94,75.6,0.0,1015.3,5.8,9.8,3,2022-08-31,21
2022-08-31 22:00:00,76.3,95,74.8,0.0,1015.9,5.2,9.8,3,2022-08-31,22
2022-08-31 23:00:00,75.7,95,74.3,0.0,1016.0,4.0,8.5,3,2022-08-31,23
2022-09-01 00:00:00,75.0,96,73.9,0.0,1015.9,2.9,6.5,3,2022-09-01,0
2022-09-01 01:00:00,74.4,97,73.6,0.0,1015.7,3.2,4.5,3,2022-09-01,1
2022-09-01 02:00:00,74.9,97,73.9,0.0,1015.5,3.5,5.4,3,2022-09-01,2
2022-09-01 03:00:00,74.8,97,73.9,0.0,1015.1,3.7,6.0,3,2022-09-01,3
2022-09-01 04:00:00,74.5,98,73.8,0.0,1014.9,3.2,5.8,2,2022-09-01,4
2022-09-01 05:00:00,74.2,98,73.6,0.0,1014.9,3.6,5.8,2,2022-09-01,5
2022-09-01 06:00:00,74.1,98,73.5,0.0,1015.1,3.6,5.8,3,2022-09-01,6
2022-09-01 07:00:00,75.1,98,74.6,0.0,1015.7,2.9,5.8,0,2022-09-01,7
2022-09-01 08:00:00,74.8,96,73.7,0.012,1016.4,8.5,20.8,51,2022-09-01,8
2022-09-01 09:00:00,75.4,98,74.7,0.008,1016.4,4.8,13.9,51,2022-09-01,9
2022-09-01 10:00:00,75.9,93,73.8,0.016,1017.2,6.2,12.8,51,2022-09-01,10
2022-09-01 11:00:00,77.3,91,74.6,0.0,1017.2,2.4,13.4,3,2022-09-01,11
2022-09-01 12:00:00,78.7,89,75.2,0.02,1016.4,2.0,7.2,53,2022-09-01,12
2022-09-01 13:00:00,81.9,85,77.0,0.008,1016.1,4.8,11.2,51,2022-09-01,13
2022-09-01 14:00:00,83.3,79,75.9,0.0,1015.3,7.4,14.8,3,2022-09-01,14
2022-09-01 15:00:00,85.4,73,75.7,0.0,1014.3,6.0,15.4,3,2022-09-01,15
2022-09-01 16:00:00,86.5,69,75.1,0.0,1013.1,5.2,13.4,3,2022-09-01,16
2022-09-01 17:00:00,87.2,68,75.1,0.0,1012.4,3.1,11.6,3,2022-09-01,17
2022-09-01 18:00:00,83.9,75,75.3,0.02,1012.2,6.6,11.4,53,2022-09-01,18
2022-09-01 19:00:00,77.8,90,74.6,0.004,1013.2,2.6,12.1,51,2022-09-01,19
2022-09-01 20:00:00,77.5,94,75.7,0.008,1013.4,2.7,4.7,51,2022-09-01,20
2022-09-01 21:00:00,77.0,97,76.0,0.047,1013.8,5.6,10.7,55,2022-09-01,21
2022-09-01 22:00:00,75.8,94,74.0,0.055,1014.7,7.7,12.3,61,2022-09-01,22
2022-09-01 23:00:00,74.9,94,72.9,0.055,1015.0,4.8,17.4,61,2022-09-01,23
2022-09-02 00:00:00,74.8,97,73.8,0.012,1015.5,3.3,6.7,51,2022-09-02,0
2022-09-02 01:00:00,74.8,94,73.1,0.008,1014.4,0.2,5.6,51,2022-09-02,1
2022-09-02 02:00:00,73.5,96,72.4,0.0,1013.7,2.5,3.1,3,2022-09-02,2
2022-09-02 03:00:00,73.2,96,72.1,0.0,1013.3,2.0,3.6,3,2022-09-02,3
2022-09-02 04:00:00,74.0,93,71.8,0.0,1013.3,2.2,3.6,1,2022-09-02,4
2022-09-02 05:00:00,74.4,91,71.5,0.0,1013.9,1.0,2.2,1,2022-09-02,5
2022-09-02 06:00:00,74.3,91,71.4,0.0,1014.0,2.2,2.2,2,2022-09-02,6
2022-09-02 07:00:00,74.0,99,73.7,0.0,1015.0,7.3,2.7,3,2022-09-02,7
2022-09-02 08:00:00,74.8,98,74.2,0.0,1015.1,2.9,10.5,3,2022-09-02,8
2022-09-02 09:00:00,76.0,98,75.3,0.008,1015.3,3.0,6.5,51,2022-09-02,9
2022-09-02 10:00:00,78.7,90,75.6,0.0,1015.7,1.4,8.3,3,2022-09-02,10
2022-09-02 11:00:00,82.7,81,76.4,0.0,1015.8,2.0,8.5,1,2022-09-02,11
2022-09-02 12:00:00,85.6,76,77.3,0.004,1015.5,0.9,8.5,51,2022-09-02,12
2022-09-02 13:00:00,87.5,72,77.4,0.004,1015.1,0.7,8.1,51,2022-09-02,13
2022-09-02 14:00:00,88.4,68,76.6,0.004,1014.3,1.7,8.7,51,2022-09-02,14
2022-09-02 15:00:00,88.7,67,76.4,0.0,1013.4,1.1,8.7,3,2022-09-02,15
2022-09-02 16:00:00,85.2,73,75.5,0.13,1013.5,7.1,13.0,63,2022-09-02,16
2022-09-02 17:00:00,79.3,88,75.6,0.118,1013.8,5.2,20.6,63,2022-09-02,17
2022-09-02 18:00:00,80.2,86,75.7,0.0,1014.5,3.4,11.4,3,2022-09-02,18
2022-09-02 19:00:00,76.6,98,75.8,0.0,1014.8,3.7,8.1,3,2022-09-02,19
2022-09-02 20:00:00,75.3,99,74.9,0.37,1015.5,2.7,11.6,65,2022-09-02,20
2022-09-02 21:00:00,75.0,98,74.3,0.055,1015.4,3.1,6.5,61,2022-09-02,21
2022-09-02 22:00:00,75.2,98,74.7,0.028,1016.4,3.3,5.4,53,2022-09-02,22
2022-09-02 23:00:00,75.4,97,74.4,0.004,1016.8,5.0,8.5,51,2022-09-02,23
2022-09-03 00:00:00,75.7,97,74.8,0.0,1016.6,4.3,8.1,3,2022-09-03,0
2022-09-03 01:00:00,75.3,98,74.6,0.0,1016.1,3.0,6.9,2,2022-09-03,1
2022-09-03 02:00:00,74.6,98,73.8,0.0,1016.1,3.5,5.1,3,2022-09-03,2
2022-09-03 03:00:00,73.9,99,73.5,0.0,1016.0,4.0,4.5,3,2022-09-03,3
2022-09-03 04:00:00,75.4,98,74.7,0.0,1015.6,2.0,4.7,3,2022-09-03,4
2022-09-03 05:00:00,75.0,99,74.7,0.0,1016.1,0.2,2.2,3,2022-09-03,5
2022-09-03 06:00:00,73.2,100,73.2,0.0,1016.3,1.1,1.6,3,2022-09-03,6
2022-09-03 07:00:00,75.2,97,74.4,0.0,1017.4,6.8,2.2,3,2022-09-03,7
2022-09-03 08:00:00,75.5,97,74.7,0.035,1016.6,2.5,10.7,53,2022-09-03,8
2022-09-03 09:00:00,75.2,98,74.6,0.071,1018.1,3.2,10.3,61,2022-09-03,9
2022-09-03 10:00:00,74.9,97,74.0,0.031,1018.5,3.8,11.0,53,2022-09-03,10
2022-09-03 11:00:00,74.8,96,73.7,0.039,1019.4,3.3,8.3,55,2022-09-03,11
2022-09-03 12:00:00,74.7,97,73.7,0.039,1019.2,3.4,8.3,55,2022-09-03,12
2022-09-03 13:00:00,76.2,91,73.4,0.02,1018.3,1.8,7.4,53,2022-09-03,13
2022-09-03 14:00:00,80.5,83,74.8,0.008,1017.7,3.2,9.8,51,2022-09-03,14
2022-09-03 15:00:00,82.6,79,75.3,0.004,1016.8,3.4,11.2,51,2022-09-03,15
2022-09-03 16:00:00,82.8,77,74.8,0.0,1015.9,2.6,9.8,3,2022-09-03,16
2022-09-03 17:00:00,83.0,76,74.7,0.0,1015.6,2.6,7.8,3,2022-09-03,17
2022-09-03 18:00:00,82.7,77,74.6,0.0,1015.6,4.4,7.8,3,2022-09-03,18
2022-09-03 19:00:00,75.5,96,74.1,0.0,1017.4,2.6,10.3,3,2022-09-03,19
2022-09-03 20:00:00,75.6,98,74.8,0.106,1017.0,2.6,6.5,63,2022-09-03,20
2022-09-03 21:00:00,75.6,98,74.9,0.051,1016.8,3.0,4.5,61,2022-09-03,21
2022-09-03 22:00:00,74.8,99,74.5,0.004,1016.4,3.7,7.4,51,2022-09-03,22
2022-09-03 23:00:00,74.8,99,74.4,0.0,1016.5,4.1,7.2,3,2022-09-03,23
2022-09-04 00:00:00,74.8,99,74.5,0.0,1016.5,3.6,7.2,3,2022-09-04,0
2022-09-04 01:00:00,75.1,99,74.7,0.0,1016.2,2.2,6.0,3,2022-09-04,1
2022-09-04 02:00:00,74.6,99,74.4,0.0,1016.3,3.1,5.8,3,2022-09-04,2
2022-09-04 03:00:00,74.6,100,74.6,0.004,1015.9,2.9,5.1,51,2022-09-04,3
2022-09-04 04:00:00,74.8,99,74.7,0.004,1015.5,3.5,6.5,51,2022-09-04,4
2022-09-04 05:00:00,74.1,100,74.0,0.0,1015.4,2.7,5.6,3,2022-09-04,5
2022-09-04 06:00:00,74.3,99,74.1,0.0,1015.8,4.3,7.6,3,2022-09-04,6
2022-09-04 07:00:00,74.4,99,74.0,0.0,1016.1,5.2,7.4,3,2022-09-04,7
2022-09-04 08:00:00,74.8,97,73.8,0.0,1016.5,5.9,10.1,3,2022-09-04,8
2022-09-04 09:00:00,76.0,94,74.1,0.0,1016.4,6.8,13.9,3,2022-09-04,9
2022-09-04 10:00:00,77.8,91,74.8,0.0,1016.6,3.4,12.5,3,2022-09-04,10
2022-09-04 11:00:00,78.6,89,75.0,0.0,1017.0,3.3,8.7,3,2022-09-04,11
2022-09-04 12:00:00,79.4,82,73.6,0.004,1016.6,1.8,8.5,51,2022-09-04,12
2022-09-04 13:00:00,81.3,72,71.4,0.0,1015.9,3.8,10.5,3,2022-09-04,13
2022-09-04 14:00:00,81.6,72,71.6,0.0,1015.0,4.7,9.6,3,2022-09-04,14
2022-09-04 15:00:00,82.8,72,72.7,0.0,1014.1,5.2,11.2,3,2022-09-04,15
2022-09-04 16:00:00,83.0,73,73.3,0.0,1013.3,5.8,12.8,3,2022-09-04,16
2022-09-04 17:00:00,81.6,76,73.4,0.0,1013.0,5.8,12.5,3,2022-09-04,17
2022-09-04 18:00:00,80.6,79,73.6,0.0,1012.9,5.5,11.4,3,2022-09-04,18
2022-09-04 19:00:00,74.7,93,72.6,0.0,1013.6,4.8,10.1,3,2022-09-04,19
2022-09-04 20:00:00,74.1,95,72.7,0.0,1013.7,3.4,8.3,3,2022-09-04,20
2022-09-04 21:00:00,73.4,94,71.7,0.0,1014.1,4.3,8.1,3,2022-09-04,21
2022-09-04 22:00:00,72.8,95,71.2,0.0,1014.7,3.3,7.2,3,2022-09-04,22
2022-09-04 23:00:00,72.7,96,71.4,0.0,1014.3,3.7,6.0,3,2022-09-04,23
2022-09-05 00:00:00,73.0,96,72.0,0.0,1013.7,4.3,6.7,3,2022-09-05,0
2022-09-05 01:00:00,73.5,97,72.6,0.0,1013.3,5.7,9.4,3,2022-09-05,1
2022-09-05 02:00:00,73.0,98,72.3,0.0,1013.3,3.6,9.4,3,2022-09-05,2
2022-09-05 03:00:00,72.1,98,71.6,0.0,1013.4,2.9,5.8,3,2022-09-05,3
2022-09-05 04:00:00,71.5,99,71.2,0.0,1013.6,2.8,4.5,3,2022-09-05,4
2022-09-05 05:00:00,71.2,99,70.9,0.0,1013.6,2.9,4.7,0,2022-09-05,5
2022-09-05 06:00:00,70.2,100,70.2,0.0,1014.0,3.0,4.7,0,2022-09-05,6
2022-09-05 07:00:00,73.7,98,73.1,0.0,1014.6,6.1,5.4,3,2022-09-05,7
2022-09-05 08:00:00,74.1,96,72.9,0.0,1015.1,7.3,12.5,2,2022-09-05,8
2022-09-05 09:00:00,76.8,87,72.6,0.0,1015.6,7.3,17.0,3,2022-09-05,9
2022-09-05 10:00:00,78.9,81,72.4,0.0,1016.0,4.4,14.1,3,2022-09-05,10
2022-09-05 11:00:00,80.5,75,72.0,0.0,1015.9,3.6,10.1,3,2022-09-05,11
2022-09-05 12:00:00,82.4,71,72.1,0.0,1015.7,2.9,9.6,3,2022-09-05,12
2022-09-05 13:00:00,83.8,69,72.7,0.0,1015.3,3.4,9.6,3,2022-09-05,13
2022-09-05 14:00:00,85.2,65,72.3,0.0,1014.9,4.1,10.7,3,2022-09-05,14
2022-09-05 15:00:00,85.5,64,72.1,0.0,1014.3,4.6,11.0,3,2022-09-05,15
2022-09-05 16:00:00,85.4,64,71.7,0.0,1013.6,3.8,10.7,3,2022-09-05,16
2022-09-05 17:00:00,84.9,64,71.3,0.0,1013.3,3.6,9.2,3,2022-09-05,17
2022-09-05 18:00:00,83.8,68,72.1,0.004,1013.2,4.3,8.5,51,2022-09-05,18
2022-09-05 19:00:00,77.7,86,73.1,0.0,1014.5,3.4,10.7,3,2022-09-05,19
2022-09-05 20:00:00,76.8,89,73.3,0.0,1014.4,4.3,7.4,3,2022-09-05,20
2022-09-05 21:00:00,75.7,92,73.1,0.0,1015.1,3.8,8.3,3,2022-09-05,21
2022-09-05 22:00:00,74.7,95,73.0,0.0,1015.5,2.7,6.3,3,2022-09-05,22
2022-09-05 23:00:00,74.2,96,72.9,0.0,1015.5,4.1,6.0,3,2022-09-05,23
2022-09-06 00:00:00,74.0,97,73.0,0.0,1015.9,5.3,8.7,3,2022-09-06,0
2022-09-06 01:00:00,73.7,96,72.6,0.0,1016.1,5.3,8.7,3,2022-09-06,1
2022-09-06 02:00:00,73.1,96,72.0,0.0,1016.1,5.6,9.4,3,2022-09-06,2
2022-09-06 03:00:00,72.2,97,71.2,0.0,1015.9,3.6,8.9,0,2022-09-06,3
2022-09-06 04:00:00,70.5,98,70.1,0.0,1015.8,4.7,5.6,0,2022-09-06,4
2022-09-06 05:00:00,70.4,98,69.9,0.0,1015.6,4.1,5.8,0,2022-09-06,5
2022-09-06 06:00:00,69.8,99,69.5,0.0,1016.3,2.9,5.4,0,2022-09-06,6
2022-09-06 07:00:00,71.2,98,70.6,0.0,1016.9,2.8,4.9,0,2022-09-06,7
2022-09-06 08:00:00,73.1,95,71.7,0.0,1017.6,4.4,8.1,0,2022-09-06,8
2022-09-06 09:00:00,76.5,89,72.9,0.0,1018.0,2.4,7.8,0,2022-09-06,9
2022-09-06 10:00:00,79.9,79,72.8,0.0,1018.6,1.9,7.4,0,2022-09-06,10
2022-09-06 11:00:00,82.8,70,71.9,0.0,1019.1,1.6,7.6,0,2022-09-06,11
2022-09-06 12:00:00,85.0,63,71.0,0.0,1018.7,1.8,8.5,0,2022-09-06,12
2022-09-06 13:00:00,86.2,63,72.0,0.0,1018.4,3.2,10.1,0,2022-09-06,13
2022-09-06 14:00:00,86.5,64,72.9,0.0,1017.4,3.4,10.5,1,2022-09-06,14
2022-09-06 15:00:00,86.4,67,74.3,0.004,1016.5,4.7,11.9,51,2022-09-06,15
2022-09-06 16:00:00,85.6,69,74.1,0.016,1015.6,4.7,12.3,51,2022-09-06,16
2022-09-06 17:00:00,85.5,68,73.5,0.0,1015.3,5.0,11.4,1,2022-09-06,17
2022-09-06 18:00:00,84.0,70,73.1,0.012,1015.3,4.5,11.0,51,2022-09-06,18
2022-09-06 19:00:00,81.0,82,74.9,0.0,1016.4,3.6,8.9,0,2022-09-06,19
2022-09-06 20:00:00,78.7,85,73.8,0.0,1016.6,5.0,8.1,0,2022-09-06,20
2022-09-06 21:00:00,77.2,87,72.9,0.0,1017.1,4.3,8.3,0,2022-09-06,21
2022-09-06 22:00:00,76.4,89,72.9,0.0,1017.7,4.5,7.2,0,2022-09-06,22
2022-09-06 23:00:00,75.9,92,73.3,0.0,1017.8,5.6,8.9,0,2022-09-06,23
2022-09-07 00:00:00,75.1,95,73.6,0.0,1017.9,4.7,8.9,0,2022-09-07,0
2022-09-07 01:00:00,74.4,96,73.3,0.0,1017.5,3.8,7.8,0,2022-09-07,1
2022-09-07 02:00:00,73.5,98,72.8,0.0,1017.4,3.0,6.0,0,2022-09-07,2
2022-09-07 03:00:00,72.4,98,72.0,0.0,1017.0,3.4,4.7,0,2022-09-07,3
2022-09-07 04:00:00,71.8,99,71.5,0.0,1016.9,3.4,4.7,0,2022-09-07,4
2022-09-07 05:00:00,70.8,100,70.8,0.0,1016.5,4.2,4.9,0,2022-09-07,5
2022-09-07 06:00:00,70.2,100,70.2,0.0,1016.4,4.5,5.4,3,2022-09-07,6
2022-09-07 07:00:00,72.1,99,71.8,0.0,1017.1,3.2,5.4,3,2022-09-07,7
2022-09-07 08:00:00,74.2,96,73.0,0.0,1017.1,4.3,8.1,0,2022-09-07,8
2022-09-07 09:00:00,77.6,90,74.3,0.0,1017.1,3.2,8.1,0,2022-09-07,9
2022-09-07 10:00:00,81.1,80,74.5,0.0,1017.4,4.1,10.5,0,2022-09-07,10
2022-09-07 11:00:00,84.1,71,73.6,0.0,1017.2,3.0,10.7,0,2022-09-07,11
2022-09-07 12:00:00,86.4,64,72.6,0.0,1016.7,1.3,10.1,1,2022-09-07,12
2022-09-07 13:00:00,87.8,60,72.4,0.0,1016.2,1.6,9.4,1,2022-09-07,13
2022-09-07 14:00:00,88.4,58,71.7,0.0,1015.0,0.5,10.1,1,2022-09-07,14
2022-09-07 15:00:00,89.3,57,72.1,0.0,1014.2,1.1,8.5,1,2022-09-07,15
2022-09-07 16:00:00,89.8,54,70.8,0.0,1013.6,4.5,11.9,2,2022-09-07,16
2022-09-07 17:00:00,84.2,65,71.2,0.024,1013.0,7.2,15.7,53,2022-09-07,17
2022-09-07 18:00:00,83.1,69,71.7,0.0,1012.6,4.4,14.1,3,2022-09-07,18
2022-09-07 19:00:00,81.9,57,65.2,0.0,1013.7,5.3,8.1,3,2022-09-07,19
2022-09-07 20:00:00,78.7,63,64.9,0.0,1013.8,4.3,9.2,0,2022-09-07,20
2022-09-07 21:00:00,76.6,80,70.1,0.0,1014.0,7.0,11.0,0,2022-09-07,21
2022-09-07 22:00:00,74.6,88,70.8,0.0,1014.0,3.9,13.0,0,2022-09-07,22
2022-09-07 23:00:00,72.8,94,70.8,0.0,1013.9,3.8,6.0,0,2022-09-07,23
2022-09-08 00:00:00,72.5,94,70.6,0.0,1013.8,2.7,4.5,0,2022-09-08,0
2022-09-08 01:00:00,71.9,96,70.6,0.0,1013.5,3.1,5.1,0,2022-09-08,1
2022-09-08 02:00:00,71.2,97,70.2,0.0,1013.1,3.9,5.4,0,2022-09-08,2
2022-09-08 03:00:00,72.8,93,70.5,0.0,1012.7,2.3,4.9,0,2022-09-08,3
2022-09-08 04:00:00,72.4,94,70.5,0.0,1012.3,1.1,2.7,0,2022-09-08,4
2022-09-08 05:00:00,70.2,98,69.6,0.0,1011.9,3.4,3.4,0,2022-09-08,5
2022-09-08 06:00:00,70.6,98,69.9,0.0,1011.8,3.9,5.8,0,2022-09-08,6
2022-09-08 07:00:00,73.2,86,68.7,0.0,1012.0,5.9,8.5,0,2022-09-08,7
2022-09-08 08:00:00,73.5,87,69.3,0.016,1012.2,5.6,9.8,51,2022-09-08,8
2022-09-08 09:00:00,75.6,89,72.1,0.004,1012.3,3.5,9.4,51,2022-09-08,9
2022-09-08 10:00:00,79.1,77,71.2,0.0,1012.1,3.5,9.4,0,2022-09-08,10
2022-09-08 11:00:00,82.6,68,70.9,0.0,1012.1,5.2,12.3,0,2022-09-08,11
2022-09-08 12:00:00,85.0,63,70.8,0.0,1011.5,5.8,14.5,0,2022-09-08,12
2022-09-08 13:00:00,86.2,58,69.8,0.0,1010.5,5.4,14.8,1,2022-09-08,13
2022-09-08 14:00:00,87.0,56,69.3,0.0,1009.5,4.4,13.0,0,2022-09-08,14
2022-09-08 15:00:00,87.8,52,68.0,0.0,1008.3,4.0,11.6,0,2022-09-08,15
2022-09-08 16:00:00,87.9,51,67.6,0.0,1007.3,3.8,10.7,0,2022-09-08,16
2022-09-08 17:00:00,87.3,49,66.1,0.0,1006.6,4.6,10.3,1,2022-09-08,17
2022-09-08 18:00:00,85.7,54,66.9,0.0,1006.4,3.5,10.1,1,2022-09-08,18
2022-09-08 19:00:00,82.7,63,68.7,0.0,1007.0,6.0,6.3,0,2022-09-08,19
2022-09-08 20:00:00,79.7,67,67.7,0.0,1007.1,4.3,10.1,0,2022-09-08,20
2022-09-08 21:00:00,77.5,74,68.7,0.0,1007.6,4.7,7.2,1,2022-09-08,21
2022-09-08 22:00:00,76.0,82,70.0,0.0,1008.2,3.4,8.9,0,2022-09-08,22
2022-09-08 23:00:00,74.5,85,69.6,0.0,1008.6,4.7,7.8,0,2022-09-08,23
2022-09-09 00:00:00,72.8,91,70.0,0.0,1008.9,4.0,7.8,0,2022-09-09,0
2022-09-09 01:00:00,72.1,93,70.0,0.0,1009.0,4.1,4.9,0,2022-09-09,1
2022-09-09 02:00:00,72.0,93,69.8,0.0,1008.5,3.3,4.7,0,2022-09-09,2
2022-09-09 03:00:00,73.0,89,69.6,0.0,1007.9,2.1,3.8,0,2022-09-09,3
2022-09-09 04:00:00,71.2,93,69.1,0.0,1007.6,0.5,2.5,0,2022-09-09,4
2022-09-09 05:00:00,69.7,96,68.6,0.0,1007.5,1.3,2.2,0,2022-09-09,5
2022-09-09 06:00:00,69.2,98,68.5,0.0,1007.6,2.0,3.4,0,2022-09-09,6
2022-09-09 07:00:00,69.7,98,69.3,0.0,1007.9,4.1,4.3,0,2022-09-09,7
2022-09-09 08:00:00,72.3,94,70.3,0.0,1008.3,3.8,7.6,0,2022-09-09,8
2022-09-09 09:00:00,77.3,84,72.1,0.0,1008.7,4.3,9.2,0,2022-09-09,9
2022-09-09 10:00:00,81.1,73,71.6,0.0,1008.8,3.1,11.4,0,2022-09-09,10
2022-09-09 11:00:00,79.6,75,71.2,0.028,1009.6,7.7,17.4,53,2022-09-09,11
2022-09-09 12:00:00,78.9,75,70.4,0.008,1009.7,4.8,18.1,51,2022-09-09,12
2022-09-09 13:00:00,82.5,62,68.2,0.0,1009.3,2.3,11.2,1,2022-09-09,13
2022-09-09 14:00:00,83.9,59,68.0,0.0,1008.6,2.6,9.8,0,2022-09-09,14
2022-09-09 15:00:00,84.7,58,68.4,0.0,1008.2,2.8,9.4,1,2022-09-09,15
2022-09-09 16:00:00,83.4,61,68.5,0.004,1007.2,5.6,13.2,51,2022-09-09,16
2022-09-09 17:00:00,83.3,61,68.4,0.0,1006.7,2.8,13.0,0,2022-09-09,17
2022-09-09 18:00:00,82.6,61,67.6,0.0,1006.6,4.0,8.5,0,2022-09-09,18
2022-09-09 19:00:00,81.3,67,69.5,0.0,1007.2,5.1,8.5,0,2022-09-09,19
2022-09-09 20:00:00,79.0,73,69.5,0.0,1007.7,5.8,9.6,0,2022-09-09,20
2022-09-09 21:00:00,77.6,76,69.4,0.0,1008.7,5.9,9.8,0,2022-09-09,21
2022-09-09 22:00:00,76.0,79,69.0,0.0,1009.6,4.4,9.8,0,2022-09-09,22
2022-09-09 23:00:00,73.7,86,69.1,0.0,1010.1,3.6,7.2,0,2022-09-09,23
2022-09-10 00:00:00,72.9,86,68.6,0.0,1010.4,3.3,4.9,0,2022-09-10,0
2022-09-10 01:00:00,71.2,92,68.7,0.0,1010.5,4.8,5.4,0,2022-09-10,1
2022-09-10 02:00:00,70.3,94,68.4,0.0,1010.7,4.1,5.1,0,2022-09-10,2
2022-09-10 03:00:00,69.8,95,68.3,0.0,1010.5,3.6,4.9,0,2022-09-10,3
2022-09-10 04:00:00,69.5,94,67.8,0.0,1010.4,3.4,4.9,0,2022-09-10,4
2022-09-10 05:00:00,68.7,96,67.6,0.0,1010.6,2.7,4.3,0,2022-09-10,5
2022-09-10 06:00:00,68.5,96,67.5,0.0,1011.0,2.3,3.8,0,2022-09-10,6
2022-09-10 07:00:00,71.0,98,70.2,0.0,1012.0,3.4,4.5,0,2022-09-10,7
2022-09-10 08:00:00,72.6,96,71.2,0.0,1012.8,3.8,7.2,0,2022-09-10,8
2022-09-10 09:00:00,77.0,89,73.4,0.0,1013.5,3.1,8.1,0,2022-09-10,9
2022-09-10 10:00:00,81.1,77,73.0,0.0,1014.0,5.5,12.1,0,2022-09-10,10
2022-09-10 11:00:00,84.0,66,71.2,0.0,1014.3,4.9,13.4,0,2022-09-10,11
2022-09-10 12:00:00,85.6,57,68.9,0.008,1014.3,4.4,13.0,51,2022-09-10,12
2022-09-10 13:00:00,85.4,56,68.1,0.008,1014.1,4.5,11.6,51,2022-09-10,13
2022-09-10 14:00:00,86.9,55,68.6,0.004,1013.6,2.8,12.5,51,2022-09-10,14
2022-09-10 15:00:00,87.9,53,68.5,0.0,1012.7,2.4,10.7,0,2022-09-10,15
2022-09-10 16:00:00,87.9,52,67.8,0.0,1012.1,1.8,8.7,0,2022-09-10,16
2022-09-10 17:00:00,87.5,51,67.5,0.0,1011.8,0.6,7.4,0,2022-09-10,17
2022-09-10 18:00:00,86.7,52,67.1,0.0,1012.0,0.5,4.9,0,2022-09-10,18
2022-09-10 19:00:00,82.1,69,70.8,0.0,1013.2,7.4,3.1,0,2022-09-10,19
2022-09-10 20:00:00,78.9,66,66.6,0.0,1013.5,6.1,15.7,0,2022-09-10,20
2022-09-10 21:00:00,77.2,69,66.4,0.0,1014.2,5.0,10.1,0,2022-09-10,21
2022-09-10 22:00:00,76.2,76,67.9,0.0,1015.2,3.8,8.5,0,2022-09-10,22
2022-09-10 23:00:00,74.2,85,69.4,0.0,1015.8,4.8,5.6,0,2022-09-10,23
2022-09-11 00:00:00,74.3,85,69.5,0.0,1016.3,3.5,5.6,0,2022-09-11,0
2022-09-11 01:00:00,73.8,86,69.3,0.0,1016.6,4.3,6.9,0,2022-09-11,1
2022-09-11 02:00:00,73.4,86,68.8,0.0,1016.6,4.1,6.7,0,2022-09-11,2
2022-09-11 03:00:00,72.9,86,68.4,0.0,1016.5,4.1,6.5,0,2022-09-11,3
2022-09-11 04:00:00,72.3,87,68.2,0.0,1016.5,4.7,7.8,0,2022-09-11,4
2022-09-11 05:00:00,71.8,88,67.9,0.0,1016.7,4.1,7.6,0,2022-09-11,5
2022-09-11 06:00:00,71.5,87,67.6,0.0,1016.9,4.3,6.9,0,2022-09-11,6
2022-09-11 07:00:00,72.8,84,67.6,0.0,1017.5,5.4,7.8,0,2022-09-11,7
2022-09-11 08:00:00,74.4,82,68.6,0.0,1018.1,5.1,8.9,0,2022-09-11,8
2022-09-11 09:00:00,78.3,77,70.4,0.0,1018.4,3.5,8.7,0,2022-09-11,9
2022-09-11 10:00:00,82.5,69,71.2,0.0,1018.7,5.1,11.6,0,2022-09-11,10
2022-09-11 11:00:00,85.7,61,70.5,0.0,1018.9,6.8,15.2,0,2022-09-11,11
2022-09-11 12:00:00,87.3,54,68.8,0.0,1018.8,7.3,16.8,1,2022-09-11,12
2022-09-11 13:00:00,88.7,53,69.5,0.0,1018.4,5.9,16.3,1,2022-09-11,13
2022-09-11 14:00:00,89.3,51,68.9,0.0,1017.7,6.5,15.0,1,2022-09-11,14
2022-09-11 15:00:00,90.2,49,68.4,0.0,1016.8,5.9,15.2,2,2022-09-11,15
2022-09-11 16:00:00,90.6,46,67.0,0.0,1015.9,5.6,14.1,3,2022-09-11,16
2022-09-11 17:00:00,90.1,47,67.4,0.0,1015.5,4.7,12.8,3,2022-09-11,17
2022-09-11 18:00:00,88.4,50,67.2,0.0,1015.8,4.5,10.5,2,2022-09-11,18
2022-09-11 19:00:00,82.7,63,69.0,0.0,1016.1,5.7,8.1,1,2022-09-11,19
2022-09-11 20:00:00,80.2,70,69.4,0.0,1016.2,4.2,9.6,0,2022-09-11,20
2022-09-11 21:00:00,79.1,70,68.3,0.0,1016.8,4.0,6.3,0,2022-09-11,21
2022-09-11 22:00:00,78.1,72,68.4,0.0,1017.4,3.2,6.0,0,2022-09-11,22
2022-09-11 23:00:00,76.2,80,69.5,0.0,1017.8,4.3,5.6,0,2022-09-11,23
2022-09-12 00:00:00,75.0,83,69.3,0.0,1017.8,4.8,5.4,0,2022-09-12,0
2022-09-12 01:00:00,75.6,77,67.7,0.0,1017.9,4.6,6.9,0,2022-09-12,1
2022-09-12 02:00:00,74.7,77,66.9,0.0,1017.5,4.5,7.8,0,2022-09-12,2
2022-09-12 03:00:00,73.8,78,66.5,0.0,1017.2,5.0,8.1,3,2022-09-12,3
2022-09-12 04:00:00,73.5,77,65.9,0.0,1016.8,5.6,9.2,3,2022-09-12,4
2022-09-12 05:00:00,73.2,76,65.2,0.0,1016.6,6.3,10.3,2,2022-09-12,5
2022-09-12 06:00:00,72.4,77,64.9,0.0,1016.6,5.2,10.3,0,2022-09-12,6
2022-09-12 07:00:00,72.1,77,64.3,0.0,1017.1,6.8,9.6,0,2022-09-12,7
2022-09-12 08:00:00,72.6,77,65.1,0.0,1017.4,6.4,11.2,0,2022-09-12,8
2022-09-12 09:00:00,75.7,71,65.6,0.0,1017.6,5.9,12.1,0,2022-09-12,9
2022-09-12 10:00:00,79.2,66,66.8,0.0,1017.8,6.1,13.4,0,2022-09-12,10
2022-09-12 11:00:00,82.7,59,66.9,0.0,1017.8,6.2,14.3,1,2022-09-12,11
2022-09-12 12:00:00,85.3,54,66.6,0.0,1017.2,5.6,14.3,1,2022-09-12,12
2022-09-12 13:00:00,87.3,49,65.7,0.0,1016.3,5.0,13.9,0,2022-09-12,13
2022-09-12 14:00:00,88.9,44,64.2,0.0,1015.4,5.4,13.4,0,2022-09-12,14
2022-09-12 15:00:00,89.3,41,62.8,0.0,1014.4,6.0,13.9,1,2022-09-12,15
2022-09-12 16:00:00,89.5,41,62.4,0.0,1013.2,5.6,13.6,0,2022-09-12,16
2022-09-12 17:00:00,89.1,41,62.1,0.0,1012.8,5.4,12.5,0,2022-09-12,17
2022-09-12 18:00:00,88.1,42,62.3,0.0,1012.4,5.4,11.4,0,2022-09-12,18
2022-09-12 19:00:00,83.9,58,67.7,0.0,1013.0,2.7,10.1,0,2022-09-12,19
2022-09-12 20:00:00,79.7,61,65.0,0.0,1013.3,3.6,5.6,0,2022-09-12,20
2022-09-12 21:00:00,78.3,60,63.0,0.0,1013.7,4.7,8.3,0,2022-09-12,21
2022-09-12 22:00:00,76.6,61,62.1,0.0,1014.1,4.0,7.8,0,2022-09-12,22
2022-09-12 23:00:00,75.0,65,62.6,0.0,1014.0,4.0,6.3,0,2022-09-12,23
2022-09-13 00:00:00,74.7,66,62.5,0.0,1013.9,3.8,5.8,0,2022-09-13,0
2022-09-13 01:00:00,72.7,75,64.2,0.0,1014.0,5.7,6.3,0,2022-09-13,1
2022-09-13 02:00:00,72.0,77,64.4,0.0,1013.9,4.7,6.3,0,2022-09-13,2
2022-09-13 03:00:00,70.9,82,65.0,0.0,1013.7,4.7,5.8,0,2022-09-13,3
2022-09-13 04:00:00,70.4,84,65.3,0.0,1013.5,3.8,5.8,0,2022-09-13,4
2022-09-13 05:00:00,69.9,85,65.2,0.0,1013.5,3.6,5.6,0,2022-09-13,5
2022-09-13 06:00:00,69.1,86,64.6,0.0,1013.9,3.5,5.6,0,2022-09-13,6
2022-09-13 07:00:00,69.0,83,63.8,0.0,1014.2,3.0,6.0,0,2022-09-13,7
2022-09-13 08:00:00,70.9,79,64.1,0.0,1015.0,3.1,5.8,1,2022-09-13,8
2022-09-13 09:00:00,74.1,71,64.2,0.0,1015.4,3.2,7.8,0,2022-09-13,9
2022-09-13 10:00:00,78.1,64,65.0,0.0,1015.8,4.5,11.2,0,2022-09-13,10
2022-09-13 11:00:00,81.9,58,65.6,0.0,1015.9,5.4,13.2,0,2022-09-13,11
2022-09-13 12:00:00,84.2,54,66.0,0.0,1015.3,4.5,13.4,0,2022-09-13,12
2022-09-13 13:00:00,86.3,51,66.1,0.0,1014.8,3.5,12.5,0,2022-09-13,13
2022-09-13 14:00:00,87.7,48,65.3,0.0,1014.0,2.5,11.2,0,2022-09-13,14
2022-09-13 15:00:00,89.2,44,64.4,0.0,1012.6,2.4,9.6,0,2022-09-13,15
2022-09-13 16:00:00,90.0,40,62.4,0.0,1011.6,2.7,9.2,0,2022-09-13,16
2022-09-13 17:00:00,90.0,38,61.2,0.0,1011.3,3.8,9.2,0,2022-09-13,17
2022-09-13 18:00:00,88.8,39,60.4,0.0,1011.4,4.1,9.2,0,2022-09-13,18
2022-09-13 19:00:00,83.1,52,63.6,0.0,1012.5,4.4,7.6,0,2022-09-13,19
2022-09-13 20:00:00,79.8,54,61.7,0.0,1012.9,5.3,8.7,0,2022-09-13,20
2022-09-13 21:00:00,76.8,65,64.0,0.0,1013.4,4.3,8.7,0,2022-09-13,21
2022-09-13 22:00:00,73.9,80,67.5,0.0,1014.1,3.6,7.2,0,2022-09-13,22
2022-09-13 23:00:00,72.6,88,68.9,0.0,1014.6,4.5,5.4,0,2022-09-13,23
2022-09-14 00:00:00,72.1,91,69.3,0.0,1014.8,3.7,4.9,0,2022-09-14,0
2022-09-14 01:00:00,71.9,92,69.3,0.0,1015.0,2.9,4.3,0,2022-09-14,1
2022-09-14 02:00:00,72.5,91,69.8,0.0,1014.9,2.0,3.4,0,2022-09-14,2
2022-09-14 03:00:00,69.0,96,67.9,0.0,1014.7,1.3,2.2,0,2022-09-14,3
2022-09-14 04:00:00,68.8,95,67.5,0.0,1014.7,2.0,3.4,0,2022-09-14,4
2022-09-14 05:00:00,67.7,97,66.8,0.0,1014.8,5.1,8.3,0,2022-09-14,5
2022-09-14 06:00:00,66.9,95,65.3,0.0,1015.2,3.9,8.3,0,2022-09-14,6
2022-09-14 07:00:00,65.5,84,60.5,0.0,1016.1,4.8,7.6,0,2022-09-14,7
2022-09-14 08:00:00,67.5,79,60.8,0.0,1016.7,6.0,9.8,0,2022-09-14,8
2022-09-14 09:00:00,72.6,71,62.7,0.0,1017.0,4.6,10.3,0,2022-09-14,9
2022-09-14 10:00:00,77.8,61,63.2,0.0,1017.3,5.4,12.5,0,2022-09-14,10
2022-09-14 11:00:00,81.7,46,58.6,0.0,1017.5,6.4,14.8,0,2022-09-14,11
2022-09-14 12:00:00,83.7,42,58.4,0.0,1017.0,6.8,15.9,0,2022-09-14,12
2022-09-14 13:00:00,85.5,40,58.7,0.0,1016.5,6.4,15.9,0,2022-09-14,13
2022-09-14 14:00:00,86.8,39,58.8,0.0,1015.6,6.5,15.4,0,2022-09-14,14
2022-09-14 15:00:00,87.7,38,59.0,0.0,1014.7,6.9,16.1,0,2022-09-14,15
2022-09-14 16:00:00,87.9,38,59.0,0.0,1014.2,7.6,16.6,0,2022-09-14,16
2022-09-14 17:00:00,86.5,41,60.0,0.0,1014.0,8.4,17.0,0,2022-09-14,17
2022-09-14 18:00:00,84.9,45,61.0,0.0,1014.0,7.9,17.2,0,2022-09-14,18
2022-09-14 19:00:00,83.8,52,64.5,0.0,1014.2,6.1,15.0,0,2022-09-14,19
2022-09-14 20:00:00,79.5,65,66.8,0.0,1014.7,6.8,11.6,0,2022-09-14,20
2022-09-14 21:00:00,77.1,78,69.6,0.0,1015.6,4.0,11.4,0,2022-09-14,21
2022-09-14 22:00:00,75.2,86,70.7,0.0,1016.3,3.8,6.5,0,2022-09-14,22
2022-09-14 23:00:00,74.1,87,70.2,0.0,1016.7,2.4,4.3,0,2022-09-14,23
2022-09-15 00:00:00,72.9,86,68.4,0.0,1016.9,3.7,5.8,0,2022-09-15,0
2022-09-15 01:00:00,72.1,83,66.6,0.0,1016.9,3.9,6.0,0,2022-09-15,1
2022-09-15 02:00:00,71.8,79,65.0,0.0,1016.5,4.9,7.6,0,2022-09-15,2
2022-09-15 03:00:00,71.3,74,62.5,0.0,1016.4,5.9,9.6,0,2022-09-15,3
2022-09-15 04:00:00,70.5,71,60.6,0.0,1016.2,6.4,10.5,0,2022-09-15,4
2022-09-15 05:00:00,70.0,69,59.3,0.0,1016.4,6.7,11.0,0,2022-09-15,5
2022-09-15 06:00:00,69.5,68,58.5,0.0,1016.6,7.0,11.6,0,2022-09-15,6
2022-09-15 07:00:00,70.1,69,59.6,0.0,1016.9,7.0,11.9,0,2022-09-15,7
2022-09-15 08:00:00,70.7,70,60.3,0.0,1017.5,7.1,11.9,0,2022-09-15,8
2022-09-15 09:00:00,74.8,63,61.5,0.0,1017.9,5.6,11.9,0,2022-09-15,9
2022-09-15 10:00:00,79.8,55,62.2,0.0,1018.3,6.0,13.6,0,2022-09-15,10
2022-09-15 11:00:00,83.7,51,63.9,0.0,1018.4,7.3,16.3,0,2022-09-15,11
2022-09-15 12:00:00,86.2,51,65.8,0.0,1017.9,7.4,17.2,0,2022-09-15,12
2022-09-15 13:00:00,87.8,49,66.2,0.0,1017.1,6.3,17.0,0,2022-09-15,13
2022-09-15 14:00:00,89.6,46,66.1,0.0,1016.4,6.5,15.7,0,2022-09-15,14
2022-09-15 15:00:00,90.0,45,65.7,0.0,1015.7,6.8,15.9,0,2022-09-15,15
2022-09-15 16:00:00,89.9,45,65.8,0.0,1015.2,8.4,17.9,0,2022-09-15,16
2022-09-15 17:00:00,83.6,63,69.8,0.012,1015.5,12.8,25.3,51,2022-09-15,17
2022-09-15 18:00:00,82.1,70,71.5,0.004,1015.5,10.5,24.4,51,2022-09-15,18
2022-09-15 19:00:00,81.7,67,69.7,0.0,1015.8,9.1,19.5,0,2022-09-15,19
2022-09-15 20:00:00,79.7,75,71.2,0.0,1016.0,10.2,17.4,0,2022-09-15,20
2022-09-15 21:00:00,76.6,81,70.5,0.0,1016.6,7.3,17.7,0,2022-09-15,21
2022-09-15 22:00:00,76.0,85,71.2,0.0,1017.0,6.8,12.5,0,2022-09-15,22
2022-09-15 23:00:00,75.6,88,71.8,0.0,1017.3,5.1,11.4,1,2022-09-15,23
2022-09-16 00:00:00,75.7,88,71.9,0.0,1017.4,4.6,8.7,1,2022-09-16,0
2022-09-16 01:00:00,75.2,90,72.1,0.008,1017.1,3.9,7.6,51,2022-09-16,1
2022-09-16 02:00:00,74.8,92,72.4,0.0,1016.8,4.3,7.2,0,2022-09-16,2
2022-09-16 03:00:00,74.3,95,72.7,0.0,1016.5,4.8,7.8,0,2022-09-16,3
2022-09-16 04:00:00,74.2,95,72.7,0.0,1016.0,4.8,7.8,0,2022-09-16,4
2022-09-16 05:00:00,73.8,95,72.3,0.0,1016.0,4.3,7.8,0,2022-09-16,5
2022-09-16 06:00:00,73.6,96,72.2,0.0,1016.4,4.5,7.4,0,2022-09-16,6
2022-09-16 07:00:00,72.9,98,72.2,0.0,1016.9,4.5,7.6,0,2022-09-16,7
2022-09-16 08:00:00,73.8,98,73.1,0.012,1017.2,0.8,7.6,51,2022-09-16,8
2022-09-16 09:00:00,74.6,97,73.8,0.043,1018.3,5.9,12.3,55,2022-09-16,9
2022-09-16 10:00:00,76.7,90,73.5,0.016,1018.2,5.8,12.1,51,2022-09-16,10
2022-09-16 11:00:00,79.8,82,73.8,0.028,1018.6,3.8,16.6,53,2022-09-16,11
2022-09-16 12:00:00,83.0,74,74.0,0.004,1018.2,4.6,13.2,51,2022-09-16,12
2022-09-16 13:00:00,86.1,67,74.0,0.004,1017.5,4.5,14.1,51,2022-09-16,13
2022-09-16 14:00:00,88.2,60,72.7,0.004,1016.6,5.5,14.1,51,2022-09-16,14
2022-09-16 15:00:00,83.4,71,73.0,0.091,1016.1,8.0,16.3,61,2022-09-16,15
2022-09-16 16:00:00,82.0,75,73.2,0.012,1015.6,6.3,16.8,51,2022-09-16,16
2022-09-16 17:00:00,84.7,67,72.6,0.0,1015.1,7.1,15.0,1,2022-09-16,17
2022-09-16 18:00:00,83.8,67,71.7,0.0,1014.9,7.5,15.4,1,2022-09-16,18
2022-09-16 19:00:00,79.6,86,74.9,0.0,1015.0,5.9,14.8,0,2022-09-16,19
2022-09-16 20:00:00,76.5,90,73.4,0.0,1015.4,9.3,17.2,1,2022-09-16,20
2022-09-16 21:00:00,75.7,90,72.4,0.0,1015.9,6.3,15.4,1,2022-09-16,21
2022-09-16 22:00:00,75.4,90,72.1,0.0,1016.6,6.8,11.4,1,2022-09-16,22
2022-09-16 23:00:00,75.1,92,72.6,0.0,1016.7,5.8,11.2,0,2022-09-16,23
2022-09-17 00:00:00,75.1,94,73.1,0.0,1016.4,5.2,9.6,1,2022-09-17,0
2022-09-17 01:00:00,75.1,95,73.6,0.0,1016.2,4.2,8.3,0,2022-09-17,1
2022-09-17 02:00:00,74.9,96,73.8,0.0,1015.9,4.4,7.2,0,2022-09-17,2
2022-09-17 03:00:00,74.8,96,73.6,0.0,1015.6,4.0,7.2,0,2022-09-17,3
2022-09-17 04:00:00,74.5,96,73.4,0.0,1015.2,3.5,6.5,0,2022-09-17,4
2022-09-17 05:00:00,73.6,97,72.8,0.0,1015.3,4.1,5.1,0,2022-09-17,5
2022-09-17 06:00:00,73.2,97,72.4,0.0,1015.4,4.8,5.4,0,2022-09-17,6
2022-09-17 07:00:00,74.2,97,73.2,0.0,1015.7,4.2,5.4,0,2022-09-17,7
2022-09-17 08:00:00,76.8,92,74.3,0.0,1016.3,3.0,5.4,0,2022-09-17,8
2022-09-17 09:00:00,81.0,82,74.8,0.0,1016.8,1.9,6.5,0,2022-09-17,9
2022-09-17 10:00:00,84.7,69,73.3,0.004,1017.0,5.6,12.5,51,2022-09-17,10
2022-09-17 11:00:00,87.2,60,71.6,0.0,1017.0,6.7,15.7,0,2022-09-17,11
2022-09-17 12:00:00,89.6,54,70.6,0.0,1016.9,7.5,17.0,0,2022-09-17,12
2022-09-17 13:00:00,90.6,52,70.4,0.004,1016.5,8.0,18.1,51,2022-09-17,13
2022-09-17 14:00:00,90.9,52,70.7,0.004,1015.8,8.0,18.1,51,2022-09-17,14
2022-09-17 15:00:00,91.4,50,70.4,0.0,1015.0,8.4,18.1,3,2022-09-17,15
2022-09-17 16:00:00,86.3,59,70.3,0.0,1014.7,6.5,18.6,3,2022-09-17,16
2022-09-17 17:00:00,86.4,61,71.4,0.012,1014.4,5.1,14.5,51,2022-09-17,17
2022-09-17 18:00:00,86.4,58,70.0,0.0,1014.2,8.2,15.7,1,2022-09-17,18
2022-09-17 19:00:00,84.3,65,71.2,0.0,1014.5,7.4,15.9,1,2022-09-17,19
2022-09-17 20:00:00,81.9,72,72.1,0.0,1014.6,7.9,13.4,0,2022-09-17,20
2022-09-17 21:00:00,80.2,79,73.0,0.0,1014.9,7.3,13.4,0,2022-09-17,21
2022-09-17 22:00:00,79.0,84,73.6,0.0,1015.5,5.7,12.5,0,2022-09-17,22
2022-09-17 23:00:00,77.6,88,73.9,0.0,1015.4,4.5,9.6,0,2022-09-17,23
2022-09-18 00:00:00,76.3,94,74.3,0.0,1015.2,3.6,7.2,0,2022-09-18,0
2022-09-18 01:00:00,75.7,95,74.0,0.0,1015.1,3.7,5.6,0,2022-09-18,1
2022-09-18 02:00:00,75.4,96,74.0,0.0,1015.0,3.5,6.0,0,2022-09-18,2
2022-09-18 03:00:00,74.1,97,73.3,0.0,1014.8,4.6,5.4,0,2022-09-18,3
2022-09-18 04:00:00,73.9,98,73.2,0.0,1014.8,4.0,5.6,0,2022-09-18,4
2022-09-18 05:00:00,74.2,98,73.6,0.0,1014.8,2.6,4.7,1,2022-09-18,5
2022-09-18 06:00:00,74.3,98,73.7,0.0,1015.4,3.0,4.9,1,2022-09-18,6
2022-09-18 07:00:00,76.5,97,75.7,0.0,1015.5,0.2,4.9,3,2022-09-18,7
2022-09-18 08:00:00,76.4,99,76.1,0.02,1016.1,2.3,5.4,53,2022-09-18,8
2022-09-18 09:00:00,77.2,99,76.8,0.02,1016.5,2.7,6.0,53,2022-09-18,9
2022-09-18 10:00:00,78.0,95,76.5,0.012,1016.9,2.6,6.7,51,2022-09-18,10
2022-09-18 11:00:00,80.9,90,77.8,0.004,1017.3,1.1,8.5,51,2022-09-18,11
2022-09-18 12:00:00,84.1,80,77.4,0.0,1016.9,1.4,9.2,1,2022-09-18,12
2022-09-18 13:00:00,87.8,68,76.0,0.004,1016.3,3.4,11.4,51,2022-09-18,13
2022-09-18 14:00:00,89.7,62,74.9,0.0,1015.6,4.7,13.4,1,2022-09-18,14
2022-09-18 15:00:00,89.9,59,73.8,0.0,1014.7,6.0,14.3,3,2022-09-18,15
2022-09-18 16:00:00,88.2,60,72.7,0.008,1014.0,8.9,18.3,51,2022-09-18,16
2022-09-18 17:00:00,87.3,63,73.3,0.0,1013.5,7.7,18.3,1,2022-09-18,17
2022-09-18 18:00:00,86.6,65,73.4,0.0,1013.5,8.1,15.4,1,2022-09-18,18
2022-09-18 19:00:00,85.4,69,73.8,0.0,1014.1,6.3,15.7,0,2022-09-18,19
2022-09-18 20:00:00,82.9,76,74.5,0.0,1014.4,7.6,12.8,0,2022-09-18,20
2022-09-18 21:00:00,81.4,79,74.3,0.0,1014.9,6.8,13.0,0,2022-09-18,21
2022-09-18 22:00:00,80.2,82,74.1,0.0,1015.5,5.6,11.6,0,2022-09-18,22
2022-09-18 23:00:00,79.0,85,74.0,0.0,1015.6,4.5,9.4,0,2022-09-18,23
2022-09-19 00:00:00,77.7,88,74.0,0.0,1015.6,3.4,7.4,0,2022-09-19,0
2022-09-19 01:00:00,76.0,94,74.0,0.0,1015.7,4.1,5.1,0,2022-09-19,1
2022-09-19 02:00:00,77.2,89,73.8,0.0,1015.7,2.3,4.9,0,2022-09-19,2
2022-09-19 03:00:00,76.7,91,73.8,0.0,1015.5,1.3,2.5,1,2022-09-19,3
2022-09-19 04:00:00,74.9,96,73.8,0.0,1015.4,1.6,2.7,0,2022-09-19,4
2022-09-19 05:00:00,75.0,98,74.3,0.0,1015.4,3.0,4.7,0,2022-09-19,5
2022-09-19 06:00:00,74.9,99,74.5,0.0,1015.9,3.5,5.8,0,2022-09-19,6
2022-09-19 07:00:00,74.8,99,74.5,0.0,1016.5,3.6,6.0,0,2022-09-19,7
2022-09-19 08:00:00,75.2,99,74.8,0.02,1016.6,5.0,8.7,53,2022-09-19,8
2022-09-19 09:00:00,77.5,93,75.2,0.0,1017.2,4.6,11.0,2,2022-09-19,9
2022-09-19 10:00:00,81.3,80,74.4,0.0,1017.6,4.7,11.6,2,2022-09-19,10
2022-09-19 11:00:00,84.5,73,74.9,0.0,1017.7,4.9,13.0,2,2022-09-19,11
2022-09-19 12:00:00,87.0,67,74.8,0.0,1017.2,4.7,13.4,1,2022-09-19,12
2022-09-19 13:00:00,89.4,60,73.8,0.0,1016.4,4.6,13.6,0,2022-09-19,13
2022-09-19 14:00:00,90.9,56,72.9,0.0,1015.7,4.8,13.4,0,2022-09-19,14
2022-09-19 15:00:00,91.9,53,72.6,0.0,1014.6,5.1,13.6,0,2022-09-19,15
2022-09-19 16:00:00,92.0,53,72.2,0.0,1014.1,6.2,14.8,1,2022-09-19,16
2022-09-19 17:00:00,89.5,54,70.9,0.016,1013.7,7.9,16.1,51,2022-09-19,17
2022-09-19 18:00:00,87.9,57,71.0,0.0,1013.9,7.9,15.9,1,2022-09-19,18
2022-09-19 19:00:00,82.5,73,73.1,0.0,1015.0,6.6,16.1,1,2022-09-19,19
2022-09-19 20:00:00,80.7,80,74.0,0.0,1015.2,5.9,12.8,1,2022-09-19,20
2022-09-19 21:00:00,79.8,83,74.2,0.0,1015.7,4.7,9.8,0,2022-09-19,21
2022-09-19 22:00:00,78.9,84,73.7,0.0,1016.1,4.1,7.6,0,2022-09-19,22
2022-09-19 23:00:00,78.1,85,73.3,0.0,1015.9,3.6,6.7,0,2022-09-19,23
2022-09-20 00:00:00,77.1,88,73.4,0.0,1016.0,3.4,5.8,0,2022-09-20,0
2022-09-20 01:00:00,75.5,94,73.7,0.0,1016.2,3.9,5.4,0,2022-09-20,1
2022-09-20 02:00:00,75.9,92,73.5,0.0,1016.2,1.4,4.3,0,2022-09-20,2
2022-09-20 03:00:00,74.4,96,73.1,0.0,1016.2,1.7,2.0,0,2022-09-20,3
2022-09-20 04:00:00,73.6,97,72.8,0.0,1016.3,2.7,2.9,0,2022-09-20,4
2022-09-20 05:00:00,72.5,99,72.2,0.0,1016.3,3.2,4.0,0,2022-09-20,5
2022-09-20 06:00:00,73.3,98,72.9,0.0,1016.7,1.9,4.0,0,2022-09-20,6
2022-09-20 07:00:00,75.3,100,75.2,0.0,1016.9,1.6,2.2,0,2022-09-20,7
2022-09-20 08:00:00,75.9,99,75.6,0.012,1017.5,2.3,5.8,51,2022-09-20,8
2022-09-20 09:00:00,77.6,96,76.4,0.0,1017.9,2.2,7.6,3,2022-09-20,9
2022-09-20 10:00:00,82.2,83,76.4,0.0,1017.8,2.9,10.1,1,2022-09-20,10
2022-09-20 11:00:00,84.4,66,71.6,0.031,1018.1,4.9,12.8,53,2022-09-20,11
2022-09-20 12:00:00,86.4,63,72.2,0.004,1017.7,3.0,13.0,51,2022-09-20,12
2022-09-20 13:00:00,89.5,53,70.2,0.0,1017.0,3.8,12.1,0,2022-09-20,13
2022-09-20 14:00:00,90.9,48,68.4,0.0,1016.1,4.3,12.5,0,2022-09-20,14
2022-09-20 15:00:00,91.7,45,67.6,0.0,1015.3,4.9,13.9,0,2022-09-20,15
2022-09-20 16:00:00,91.7,45,67.5,0.0,1014.7,4.7,13.4,0,2022-09-20,16
2022-09-20 17:00:00,91.2,46,67.4,0.0,1014.3,3.8,12.5,0,2022-09-20,17
2022-09-20 18:00:00,90.2,47,67.5,0.0,1014.1,4.7,10.1,0,2022-09-20,18
2022-09-20 19:00:00,88.5,50,67.4,0.0,1014.3,4.6,10.3,0,2022-09-20,19
2022-09-20 20:00:00,85.8,57,69.0,0.0,1014.4,6.5,10.3,0,2022-09-20,20
2022-09-20 21:00:00,83.2,70,72.6,0.0,1014.8,8.0,13.4,0,2022-09-20,21
2022-09-20 22:00:00,81.1,78,73.5,0.0,1015.6,7.1,13.9,0,2022-09-20,22
2022-09-20 23:00:00,79.5,82,73.7,0.0,1015.6,5.5,11.9,0,2022-09-20,23
2022-09-21 00:00:00,78.2,87,73.9,0.0,1015.6,5.1,9.2,0,2022-09-21,0
2022-09-21 01:00:00,77.0,90,73.8,0.0,1015.6,3.7,8.3,0,2022-09-21,1
2022-09-21 02:00:00,76.2,91,73.5,0.0,1015.5,3.5,5.8,0,2022-09-21,2
2022-09-21 03:00:00,75.1,94,73.1,0.0,1015.5,3.0,5.6,0,2022-09-21,3
2022-09-21 04:00:00,73.8,96,72.5,0.0,1015.4,3.9,4.7,0,2022-09-21,4
2022-09-21 05:00:00,72.9,97,72.0,0.0,1015.5,4.0,4.9,0,2022-09-21,5
2022-09-21 06:00:00,72.4,97,71.5,0.0,1015.9,3.3,4.7,0,2022-09-21,6
2022-09-21 07:00:00,72.8,96,71.6,0.0,1016.2,4.0,4.3,0,2022-09-21,7
2022-09-21 08:00:00,74.5,92,71.9,0.0,1016.8,5.0,8.9,0,2022-09-21,8
2022-09-21 09:00:00,79.5,79,72.5,0.0,1017.0,3.4,8.9,0,2022-09-21,9
2022-09-21 10:00:00,84.7,65,71.5,0.0,1017.0,3.6,10.3,0,2022-09-21,10
2022-09-21 11:00:00,88.1,54,69.4,0.0,1017.0,2.8,10.7,0,2022-09-21,11
2022-09-21 12:00:00,90.1,49,68.6,0.0,1016.7,3.3,11.2,0,2022-09-21,12
2022-09-21 13:00:00,91.9,44,67.1,0.0,1016.1,3.6,12.1,0,2022-09-21,13
2022-09-21 14:00:00,93.2,39,64.8,0.0,1015.1,4.5,13.2,0,2022-09-21,14
2022-09-21 15:00:00,94.0,37,63.6,0.0,1014.2,5.1,13.6,0,2022-09-21,15
2022-09-21 16:00:00,94.1,37,63.7,0.0,1013.3,4.8,13.6,0,2022-09-21,16
2022-09-21 17:00:00,93.5,38,64.0,0.0,1012.9,5.4,12.8,0,2022-09-21,17
2022-09-21 18:00:00,91.6,39,63.0,0.0,1012.8,6.6,13.2,0,2022-09-21,18
2022-09-21 19:00:00,88.7,53,69.3,0.0,1013.5,4.9,13.4,0,2022-09-21,19
2022-09-21 20:00:00,85.1,62,70.5,0.0,1013.8,7.3,11.9,0,2022-09-21,20
2022-09-21 21:00:00,82.6,69,71.3,0.0,1014.5,6.4,12.3,0,2022-09-21,21
2022-09-21 22:00:00,81.0,69,70.0,0.0,1015.2,6.2,11.2,0,2022-09-21,22
2022-09-21 23:00:00,79.4,73,69.9,0.0,1015.3,5.3,10.3,0,2022-09-21,23
2022-09-22 00:00:00,77.9,80,71.2,0.0,1015.2,5.5,9.4,0,2022-09-22,0
2022-09-22 01:00:00,76.8,86,72.1,0.0,1015.1,5.7,9.4,0,2022-09-22,1
2022-09-22 02:00:00,76.1,88,72.3,0.0,1014.9,5.0,9.8,0,2022-09-22,2
2022-09-22 03:00:00,74.5,93,72.4,0.0,1015.2,2.8,8.1,0,2022-09-22,3
2022-09-22 04:00:00,74.5,93,72.3,0.0,1015.2,4.5,7.6,0,2022-09-22,4
2022-09-22 05:00:00,74.6,92,72.2,0.0,1015.1,4.9,7.8,0,2022-09-22,5
2022-09-22 06:00:00,74.3,93,72.1,0.0,1015.2,5.1,8.3,0,2022-09-22,6
2022-09-22 07:00:00,73.7,95,72.2,0.0,1015.5,5.3,8.3,0,2022-09-22,7
2022-09-22 08:00:00,75.0,91,72.2,0.0,1016.0,5.6,9.4,0,2022-09-22,8
2022-09-22 09:00:00,80.2,78,72.7,0.0,1016.3,4.1,9.8,0,2022-09-22,9
2022-09-22 10:00:00,86.5,62,72.0,0.0,1016.5,5.5,12.8,0,2022-09-22,10
2022-09-22 11:00:00,90.9,49,68.8,0.0,1016.6,6.1,15.2,0,2022-09-22,11
2022-09-22 12:00:00,93.4,41,65.9,0.0,1015.8,4.9,14.8,0,2022-09-22,12
2022-09-22 13:00:00,95.4,35,63.6,0.0,1015.0,4.8,13.6,0,2022-09-22,13
2022-09-22 14:00:00,96.9,32,62.0,0.0,1014.1,4.4,13.4,0,2022-09-22,14
2022-09-22 15:00:00,97.4,30,60.8,0.0,1012.9,4.1,13.0,0,2022-09-22,15
2022-09-22 16:00:00,97.6,29,60.3,0.0,1012.2,4.3,11.9,0,2022-09-22,16
2022-09-22 17:00:00,96.8,30,59.9,0.0,1011.7,4.7,11.6,0,2022-09-22,17
2022-09-22 18:00:00,95.6,30,59.1,0.0,1011.5,3.4,11.0,0,2022-09-22,18
2022-09-22 19:00:00,89.2,48,66.8,0.0,1012.4,4.0,6.7,0,2022-09-22,19
2022-09-22 20:00:00,86.1,51,66.1,0.0,1012.7,3.8,5.4,0,2022-09-22,20
2022-09-22 21:00:00,83.4,58,67.1,0.0,1013.3,4.7,4.9,0,2022-09-22,21
2022-09-22 22:00:00,82.9,61,67.9,0.0,1014.2,5.1,8.3,0,2022-09-22,22
2022-09-22 23:00:00,81.2,65,68.3,0.0,1014.5,4.4,8.1,0,2022-09-22,23
2022-09-23 00:00:00,80.0,67,68.2,0.0,1014.6,5.6,9.2,0,2022-09-23,0
2022-09-23 01:00:00,79.3,71,69.1,0.0,1014.7,5.6,9.8,0,2022-09-23,1
2022-09-23 02:00:00,78.3,73,69.0,0.0,1014.6,4.4,9.4,0,2022-09-23,2
2022-09-23 03:00:00,77.5,74,68.7,0.0,1014.5,4.0,6.9,0,2022-09-23,3
2022-09-23 04:00:00,76.2,78,68.8,0.0,1014.6,3.8,6.3,0,2022-09-23,4
2022-09-23 05:00:00,75.2,82,69.4,0.0,1015.0,3.5,4.7,0,2022-09-23,5
2022-09-23 06:00:00,74.4,84,69.2,0.0,1015.3,3.5,4.5,0,2022-09-23,6
2022-09-23 07:00:00,76.2,73,67.1,0.0,1015.6,5.2,4.5,0,2022-09-23,7
2022-09-23 08:00:00,76.7,72,67.2,0.0,1016.2,3.6,8.3,1,2022-09-23,8
2022-09-23 09:00:00,80.4,65,67.5,0.0,1016.8,2.3,7.2,1,2022-09-23,9
2022-09-23 10:00:00,84.2,58,67.8,0.0,1016.9,2.0,8.1,0,2022-09-23,10
2022-09-23 11:00:00,89.2,51,68.7,0.0,1016.9,2.1,9.4,0,2022-09-23,11
2022-09-23 12:00:00,92.9,44,67.8,0.0,1016.4,2.8,10.5,0,2022-09-23,12
2022-09-23 13:00:00,94.7,40,66.7,0.0,1015.6,4.2,12.5,0,2022-09-23,13
2022-09-23 14:00:00,95.8,37,65.0,0.0,1014.9,5.9,15.2,0,2022-09-23,14
2022-09-23 15:00:00,96.1,34,63.5,0.0,1014.2,7.1,16.1,1,2022-09-23,15
2022-09-23 16:00:00,95.9,32,61.6,0.0,1013.5,8.3,18.1,0,2022-09-23,16
2022-09-23 17:00:00,94.1,37,63.5,0.0,1013.3,9.1,18.1,0,2022-09-23,17
2022-09-23 18:00:00,91.4,42,64.8,0.0,1013.4,9.3,18.6,0,2022-09-23,18
2022-09-23 19:00:00,88.5,51,68.4,0.0,1013.8,8.1,17.9,0,2022-09-23,19
2022-09-23 20:00:00,85.0,66,72.6,0.0,1014.3,8.7,14.8,0,2022-09-23,20
2022-09-23 21:00:00,82.7,79,75.6,0.0,1015.1,8.2,14.8,0,2022-09-23,21
2022-09-23 22:00:00,81.2,85,76.5,0.0,1015.8,7.1,13.9,0,2022-09-23,22
2022-09-23 23:00:00,79.7,90,76.6,0.0,1016.0,5.7,11.9,0,2022-09-23,23
2022-09-24 00:00:00,78.3,95,76.6,0.0,1016.1,4.3,9.6,0,2022-09-24,0
2022-09-24 01:00:00,77.4,97,76.4,0.0,1016.2,3.8,7.2,0,2022-09-24,1
2022-09-24 02:00:00,76.2,98,75.7,0.0,1016.1,2.9,6.0,0,2022-09-24,2
2022-09-24 03:00:00,75.3,99,75.1,0.0,1016.1,2.7,4.5,0,2022-09-24,3
2022-09-24 04:00:00,74.4,100,74.4,0.0,1015.8,2.7,4.3,3,2022-09-24,4
2022-09-24 05:00:00,73.3,100,73.3,0.0,1015.8,4.0,4.7,3,2022-09-24,5
2022-09-24 06:00:00,72.8,100,72.8,0.0,1016.3,3.6,4.9,3,2022-09-24,6
2022-09-24 07:00:00,73.9,100,73.8,0.0,1016.6,2.4,4.5,3,2022-09-24,7
2022-09-24 08:00:00,73.9,99,73.6,0.0,1017.0,1.0,4.9,3,2022-09-24,8
2022-09-24 09:00:00,76.6,96,75.3,0.0,1017.4,0.9,5.8,3,2022-09-24,9
2022-09-24 10:00:00,81.8,80,75.0,0.0,1017.6,0.6,6.9,0,2022-09-24,10
2022-09-24 11:00:00,86.1,63,72.0,0.0,1017.7,1.9,9.2,1,2022-09-24,11
2022-09-24 12:00:00,89.4,51,68.7,0.0,1017.3,3.1,11.0,0,2022-09-24,12
2022-09-24 13:00:00,92.0,43,66.1,0.0,1016.4,4.6,13.4,0,2022-09-24,13
2022-09-24 14:00:00,93.8,37,64.0,0.0,1015.6,5.6,14.8,0,2022-09-24,14
2022-09-24 15:00:00,94.4,35,62.3,0.0,1014.6,5.6,15.0,1,2022-09-24,15
2022-09-24 16:00:00,94.6,34,61.8,0.0,1013.7,6.1,14.5,1,2022-09-24,16
2022-09-24 17:00:00,93.4,36,62.8,0.0,1013.2,7.6,15.9,0,2022-09-24,17
2022-09-24 18:00:00,90.5,45,66.2,0.0,1013.2,9.2,17.4,0,2022-09-24,18
2022-09-24 19:00:00,86.4,60,70.6,0.0,1013.6,8.8,17.7,0,2022-09-24,19
2022-09-24 20:00:00,82.5,74,73.3,0.0,1013.9,9.0,15.7,0,2022-09-24,20
2022-09-24 21:00:00,81.0,78,73.3,0.0,1014.2,7.8,15.4,2,2022-09-24,21
2022-09-24 22:00:00,79.4,81,73.2,0.0,1014.8,7.8,13.4,3,2022-09-24,22
2022-09-24 23:00:00,78.6,84,73.3,0.0,1014.8,6.7,13.2,3,2022-09-24,23
2022-09-25 00:00:00,78.0,87,73.8,0.0,1014.8,5.4,11.2,3,2022-09-25,0
2022-09-25 01:00:00,77.4,90,74.0,0.0,1014.6,5.5,8.9,3,2022-09-25,1
2022-09-25 02:00:00,76.6,92,74.1,0.0,1014.2,5.9,10.1,3,2022-09-25,2
2022-09-25 03:00:00,75.9,94,74.0,0.0,1014.2,5.3,10.1,1,2022-09-25,3
2022-09-25 04:00:00,74.6,97,73.6,0.0,1013.9,3.7,8.7,0,2022-09-25,4
2022-09-25 05:00:00,73.5,98,72.9,0.0,1014.0,3.0,6.0,2,2022-09-25,5
2022-09-25 06:00:00,72.4,99,72.1,0.0,1014.4,4.0,4.9,3,2022-09-25,6
2022-09-25 07:00:00,72.2,99,72.1,0.0,1014.7,4.4,4.9,3,2022-09-25,7
2022-09-25 08:00:00,74.0,98,73.4,0.0,1015.2,3.8,5.4,2,2022-09-25,8
2022-09-25 09:00:00,79.6,83,73.9,0.0,1015.5,2.2,7.2,0,2022-09-25,9
2022-09-25 10:00:00,84.0,70,73.1,0.0,1015.8,3.6,10.3,0,2022-09-25,10
2022-09-25 11:00:00,87.5,56,70.0,0.0,1015.8,3.7,11.6,0,2022-09-25,11
2022-09-25 12:00:00,90.5,45,66.0,0.0,1015.4,2.9,11.4,0,2022-09-25,12
2022-09-25 13:00:00,92.8,37,63.0,0.0,1014.6,2.1,11.0,0,2022-09-25,13
2022-09-25 14:00:00,94.1,34,61.2,0.0,1013.5,2.0,10.1,0,2022-09-25,14
2022-09-25 15:00:00,94.9,31,60.0,0.0,1012.6,1.8,9.6,0,2022-09-25,15
2022-09-25 16:00:00,95.4,30,58.9,0.0,1012.0,2.0,9.2,0,2022-09-25,16
2022-09-25 17:00:00,95.1,30,58.5,0.0,1011.3,1.6,8.5,0,2022-09-25,17
2022-09-25 18:00:00,94.1,31,58.5,0.0,1011.2,1.6,6.9,0,2022-09-25,18
2022-09-25 19:00:00,90.8,41,64.0,0.0,1011.9,2.9,4.9,1,2022-09-25,19
2022-09-25 20:00:00,86.8,47,64.3,0.0,1012.4,3.0,3.1,1,2022-09-25,20
2022-09-25 21:00:00,84.8,56,67.2,0.0,1013.1,6.9,10.5,0,2022-09-25,21
2022-09-25 22:00:00,81.9,72,72.1,0.0,1013.7,5.8,12.3,0,2022-09-25,22
2022-09-25 23:00:00,79.9,80,73.2,0.0,1014.2,4.7,9.6,0,2022-09-25,23
2022-09-26 00:00:00,78.5,84,73.3,0.0,1014.3,5.1,8.5,0,2022-09-26,0
2022-09-26 01:00:00,77.8,85,72.9,0.0,1014.2,5.7,9.2,0,2022-09-26,1
2022-09-26 02:00:00,77.0,86,72.3,0.0,1013.8,5.4,9.2,0,2022-09-26,2
2022-09-26 03:00:00,76.6,84,71.5,0.0,1013.6,6.2,10.3,1,2022-09-26,3
2022-09-26 04:00:00,76.2,83,70.7,0.0,1013.4,6.4,11.0,0,2022-09-26,4
2022-09-26 05:00:00,75.7,83,70.2,0.0,1013.6,6.3,10.7,0,2022-09-26,5
2022-09-26 06:00:00,75.7,79,68.6,0.0,1013.9,5.8,10.7,0,2022-09-26,6
2022-09-26 07:00:00,74.7,72,65.2,0.0,1014.3,6.4,10.7,0,2022-09-26,7
2022-09-26 08:00:00,75.0,75,66.4,0.0,1015.2,7.8,12.3,0,2022-09-26,8
2022-09-26 09:00:00,79.1,69,68.0,0.0,1015.8,8.8,16.8,0,2022-09-26,9
2022-09-26 10:00:00,82.6,62,68.4,0.0,1016.3,9.1,19.0,0,2022-09-26,10
2022-09-26 11:00:00,86.0,56,68.5,0.0,1016.5,8.9,19.5,0,2022-09-26,11
2022-09-26 12:00:00,89.4,50,68.1,0.0,1016.2,8.4,19.2,0,2022-09-26,12
2022-09-26 13:00:00,91.7,45,67.2,0.0,1015.5,9.0,19.9,0,2022-09-26,13
2022-09-26 14:00:00,92.8,40,64.6,0.0,1014.6,9.7,21.0,1,2022-09-26,14
2022-09-26 15:00:00,92.8,35,60.9,0.0,1013.7,9.7,21.0,1,2022-09-26,15
2022-09-26 16:00:00,92.8,31,57.7,0.0,1013.3,10.7,21.7,0,2022-09-26,16
2022-09-26 17:00:00,91.8,28,54.1,0.0,1013.3,10.4,21.9,0,2022-09-26,17
2022-09-26 18:00:00,89.5,28,52.2,0.0,1013.5,10.4,20.6,0,2022-09-26,18
2022-09-26 19:00:00,84.1,38,55.6,0.0,1014.5,7.3,19.0,0,2022-09-26,19
2022-09-26 20:00:00,81.6,38,53.3,0.0,1015.3,8.5,14.3,0,2022-09-26,20
2022-09-26 21:00:00,79.4,38,51.7,0.0,1016.3,7.9,14.3,1,2022-09-26,21
2022-09-26 22:00:00,77.3,38,49.9,0.0,1017.1,8.7,15.0,2,2022-09-26,22
2022-09-26 23:00:00,75.4,36,46.6,0.0,1017.5,8.0,15.0,0,2022-09-26,23
2022-09-27 00:00:00,73.3,36,44.8,0.0,1017.8,7.8,13.4,0,2022-09-27,0
2022-09-27 01:00:00,71.6,37,43.9,0.0,1017.6,7.6,13.0,0,2022-09-27,1
2022-09-27 02:00:00,70.0,39,43.7,0.0,1017.5,6.9,12.8,0,2022-09-27,2
2022-09-27 03:00:00,68.4,41,43.9,0.0,1017.0,6.0,11.4,0,2022-09-27,3
2022-09-27 04:00:00,66.6,45,44.5,0.0,1016.9,4.9,9.6,0,2022-09-27,4
2022-09-27 05:00:00,65.4,48,45.1,0.0,1017.2,5.1,8.1,0,2022-09-27,5
2022-09-27 06:00:00,64.2,50,45.3,0.0,1017.7,5.4,8.7,0,2022-09-27,6
2022-09-27 07:00:00,63.4,53,46.0,0.0,1018.7,5.9,8.7,0,2022-09-27,7
2022-09-27 08:00:00,63.5,58,48.7,0.0,1019.3,6.9,10.7,0,2022-09-27,8
2022-09-27 09:00:00,69.6,54,52.1,0.0,1019.8,6.2,12.5,0,2022-09-27,9
2022-09-27 10:00:00,75.8,45,52.8,0.0,1020.2,5.4,12.5,0,2022-09-27,10
2022-09-27 11:00:00,81.0,33,49.1,0.0,1020.6,6.2,14.1,0,2022-09-27,11
2022-09-27 12:00:00,83.6,28,47.1,0.0,1020.1,6.5,15.4,0,2022-09-27,12
2022-09-27 13:00:00,85.7,25,45.9,0.0,1019.5,7.4,16.8,0,2022-09-27,13
2022-09-27 14:00:00,87.3,23,44.7,0.0,1018.6,7.1,17.0,0,2022-09-27,14
2022-09-27 15:00:00,88.0,23,45.4,0.0,1017.7,7.0,16.3,0,2022-09-27,15
2022-09-27 16:00:00,88.1,24,46.6,0.0,1017.2,7.1,15.9,0,2022-09-27,16
2022-09-27 17:00:00,88.0,23,45.6,0.0,1016.8,7.6,15.7,0,2022-09-27,17
2022-09-27 18:00:00,86.2,24,45.0,0.0,1016.8,7.0,15.2,0,2022-09-27,18
2022-09-27 19:00:00,79.6,36,50.6,0.0,1017.7,4.1,12.3,0,2022-09-27,19
2022-09-27 20:00:00,77.2,36,48.0,0.0,1018.1,7.0,11.2,0,2022-09-27,20
2022-09-27 21:00:00,74.9,37,47.1,0.0,1019.0,6.0,11.4,0,2022-09-27,21
2022-09-27 22:00:00,72.9,42,48.4,0.0,1019.9,5.5,9.4,0,2022-09-27,22
2022-09-27 23:00:00,72.3,42,47.9,0.0,1020.3,6.0,9.8,0,2022-09-27,23
2022-09-28 00:00:00,72.0,42,47.8,0.0,1020.5,7.0,11.2,0,2022-09-28,0
2022-09-28 01:00:00,70.8,45,48.3,0.0,1020.7,6.8,12.1,0,2022-09-28,1
2022-09-28 02:00:00,69.1,48,48.7,0.0,1020.6,5.8,11.2,0,2022-09-28,2
2022-09-28 03:00:00,67.6,50,48.5,0.0,1020.7,6.1,9.8,0,2022-09-28,3
2022-09-28 04:00:00,66.7,50,47.6,0.0,1020.6,6.2,10.3,0,2022-09-28,4
2022-09-28 05:00:00,65.8,50,46.8,0.0,1021.0,6.2,10.3,0,2022-09-28,5
2022-09-28 06:00:00,64.8,51,46.4,0.0,1021.6,5.7,10.1,0,2022-09-28,6
2022-09-28 07:00:00,64.0,53,46.7,0.0,1022.6,5.7,9.2,0,2022-09-28,7
2022-09-28 08:00:00,64.6,54,47.8,0.0,1023.1,6.3,9.8,0,2022-09-28,8
2022-09-28 09:00:00,70.0,49,49.9,0.0,1023.6,5.2,11.4,0,2022-09-28,9
2022-09-28 10:00:00,75.1,41,49.9,0.0,1023.8,5.6,12.8,0,2022-09-28,10
2022-09-28 11:00:00,79.2,35,48.9,0.0,1024.0,7.1,15.7,0,2022-09-28,11
2022-09-28 12:00:00,82.5,29,46.6,0.0,1023.9,7.7,17.2,0,2022-09-28,12
2022-09-28 13:00:00,84.5,26,46.3,0.0,1023.5,6.9,17.2,0,2022-09-28,13
2022-09-28 14:00:00,85.6,26,47.0,0.0,1022.8,5.8,16.3,0,2022-09-28,14
2022-09-28 15:00:00,86.5,26,47.2,0.0,1021.8,4.1,14.5,0,2022-09-28,15
2022-09-28 16:00:00,87.3,25,46.9,0.0,1020.9,2.5,11.6,0,2022-09-28,16
2022-09-28 17:00:00,87.6,24,46.5,0.0,1020.5,4.1,9.6,0,2022-09-28,17
2022-09-28 18:00:00,85.6,27,47.8,0.0,1020.3,5.7,11.9,0,2022-09-28,18
2022-09-28 19:00:00,78.3,42,53.2,0.0,1021.0,5.0,10.1,0,2022-09-28,19
2022-09-28 20:00:00,74.4,45,51.8,0.0,1021.0,5.8,6.7,0,2022-09-28,20
2022-09-28 21:00:00,73.2,43,49.6,0.0,1021.6,4.5,6.9,0,2022-09-28,21
2022-09-28 22:00:00,71.1,48,50.2,0.0,1021.9,4.5,6.3,0,2022-09-28,22
2022-09-28 23:00:00,70.6,51,51.4,0.0,1022.3,5.2,8.1,0,2022-09-28,23
2022-09-29 00:00:00,70.4,49,50.4,0.0,1022.3,5.4,8.7,0,2022-09-29,0
2022-09-29 01:00:00,69.8,49,49.6,0.0,1022.2,5.8,9.2,0,2022-09-29,1
2022-09-29 02:00:00,68.3,51,49.6,0.0,1022.0,5.5,9.2,0,2022-09-29,2
2022-09-29 03:00:00,67.1,54,50.0,0.0,1021.9,4.9,8.5,0,2022-09-29,3
2022-09-29 04:00:00,65.9,56,50.0,0.0,1021.7,4.6,8.1,0,2022-09-29,4
2022-09-29 05:00:00,65.3,57,49.9,0.0,1021.8,5.1,7.8,0,2022-09-29,5
2022-09-29 06:00:00,64.9,57,49.4,0.0,1022.1,6.1,9.8,0,2022-09-29,6
2022-09-29 07:00:00,64.0,57,48.7,0.0,1023.3,6.2,10.3,0,2022-09-29,7
2022-09-29 08:00:00,64.0,57,48.4,0.0,1023.7,6.5,10.5,0,2022-09-29,8
2022-09-29 09:00:00,67.4,49,47.4,0.0,1024.1,7.0,13.6,0,2022-09-29,9
2022-09-29 10:00:00,70.3,41,45.6,0.0,1024.2,6.7,15.4,0,2022-09-29,10
2022-09-29 11:00:00,73.7,35,44.2,0.0,1024.2,6.2,15.2,0,2022-09-29,11
2022-09-29 12:00:00,76.8,31,43.6,0.0,1023.3,5.9,15.2,0,2022-09-29,12
2022-09-29 13:00:00,79.9,28,44.1,0.0,1022.1,5.8,15.0,0,2022-09-29,13
2022-09-29 14:00:00,82.2,27,45.0,0.0,1020.6,6.1,15.4,0,2022-09-29,14
2022-09-29 15:00:00,83.9,27,46.7,0.0,1018.9,6.6,15.9,0,2022-09-29,15
2022-09-29 16:00:00,84.8,27,47.3,0.0,1017.8,7.9,17.2,0,2022-09-29,16
2022-09-29 17:00:00,84.2,27,46.6,0.0,1017.3,8.6,17.9,0,2022-09-29,17
2022-09-29 18:00:00,82.6,28,45.9,0.0,1017.2,8.1,17.4,0,2022-09-29,18
2022-09-29 19:00:00,77.5,34,47.1,0.0,1017.4,5.0,15.0,0,2022-09-29,19
2022-09-29 20:00:00,74.6,37,46.6,0.0,1017.6,5.9,9.6,0,2022-09-29,20
2022-09-29 21:00:00,72.6,40,46.6,0.0,1018.0,5.1,9.6,0,2022-09-29,21
2022-09-29 22:00:00,70.6,44,47.5,0.0,1018.5,6.0,9.6,0,2022-09-29,22
2022-09-29 23:00:00,69.1,46,47.3,0.0,1018.9,6.8,10.7,0,2022-09-29,23
2022-09-30 00:00:00,68.1,46,46.3,0.0,1019.1,8.2,13.6,0,2022-09-30,0
2022-09-30 01:00:00,66.8,46,45.1,0.0,1018.9,9.3,16.1,0,2022-09-30,1
2022-09-30 02:00:00,65.4,47,44.8,0.0,1018.7,8.8,16.3,0,2022-09-30,2
2022-09-30 03:00:00,63.8,50,44.8,0.0,1018.3,6.7,15.0,0,2022-09-30,3
2022-09-30 04:00:00,61.7,55,45.4,0.0,1018.1,4.3,11.0,0,2022-09-30,4
2022-09-30 05:00:00,60.5,57,45.4,0.0,1018.1,4.9,8.1,0,2022-09-30,5
2022-09-30 06:00:00,59.7,59,45.5,0.0,1018.2,5.1,8.5,0,2022-09-30,6
2022-09-30 07:00:00,58.3,63,45.9,0.0,1018.7,3.9,8.3,0,2022-09-30,7
2022-09-30 08:00:00,59.1,64,46.8,0.0,1018.9,6.2,9.2,0,2022-09-30,8
2022-09-30 09:00:00,64.4,57,48.7,0.0,1018.9,4.7,10.5,0,2022-09-30,9
2022-09-30 10:00:00,69.4,48,48.8,0.0,1018.9,5.4,13.2,0,2022-09-30,10
2022-09-30 11:00:00,73.2,39,46.9,0.0,1018.7,5.7,14.5,0,2022-09-30,11
2022-09-30 12:00:00,76.0,36,46.8,0.0,1017.9,5.0,14.5,0,2022-09-30,12
2022-09-30 13:00:00,78.7,33,46.8,0.0,1017.0,4.3,13.6,0,2022-09-30,13
2022-09-30 14:00:00,81.1,29,45.7,0.0,1015.9,4.5,13.2,0,2022-09-30,14
2022-09-30 15:00:00,82.6,26,44.2,0.0,1014.6,5.2,13.6,0,2022-09-30,15
2022-09-30 16:00:00,83.1,24,43.0,0.0,1013.9,5.8,14.1,0,2022-09-30,16
2022-09-30 17:00:00,82.6,23,41.5,0.0,1013.3,6.8,14.3,0,2022-09-30,17
2022-09-30 18:00:00,80.4,26,42.2,0.0,1013.3,7.0,14.5,0,2022-09-30,18
2022-09-30 19:00:00,73.6,35,44.6,0.0,1013.9,5.1,12.8,0,2022-09-30,19
2022-09-30 20:00:00,72.6,34,42.5,0.0,1014.1,5.7,8.7,0,2022-09-30,20
2022-09-30 21:00:00,70.3,37,43.0,0.0,1014.6,6.6,10.5,0,2022-09-30,21
2022-09-30 22:00:00,68.0,41,43.7,0.0,1014.7,5.6,10.7,0,2022-09-30,22
2022-09-30 23:00:00,65.7,45,44.0,0.0,1015.0,4.7,9.2,0,2022-09-30,23
2022-10-01 00:00:00,64.8,47,43.8,0.0,1015.2,5.3,8.1,0,2022-10-01,0
2022-10-01 01:00:00,64.1,48,44.1,0.0,1015.2,5.3,8.9,0,2022-10-01,1
2022-10-01 02:00:00,61.3,56,45.4,0.0,1015.1,5.2,8.3,0,2022-10-01,2
2022-10-01 03:00:00,61.1,57,45.9,0.0,1015.2,4.3,6.9,0,2022-10-01,3
2022-10-01 04:00:00,60.6,59,46.1,0.0,1014.9,5.6,8.9,0,2022-10-01,4
2022-10-01 05:00:00,59.1,63,46.7,0.0,1015.3,4.8,8.9,0,2022-10-01,5
2022-10-01 06:00:00,58.0,68,47.5,0.0,1016.0,4.3,7.6,0,2022-10-01,6
2022-10-01 07:00:00,57.3,73,48.6,0.0,1017.0,4.2,6.7,0,2022-10-01,7
2022-10-01 08:00:00,58.2,73,49.5,0.0,1017.6,5.6,8.5,0,2022-10-01,8
2022-10-01 09:00:00,64.8,61,51.0,0.0,1018.1,3.9,10.1,0,2022-10-01,9
2022-10-01 10:00:00,71.5,49,51.2,0.0,1018.4,4.0,10.7,0,2022-10-01,10
2022-10-01 11:00:00,76.5,37,48.2,0.0,1018.4,4.7,12.8,0,2022-10-01,11
2022-10-01 12:00:00,78.8,33,47.7,0.0,1018.0,4.0,12.8,0,2022-10-01,12
2022-10-01 13:00:00,80.7,32,48.0,0.0,1017.3,4.0,12.5,0,2022-10-01,13
2022-10-01 14:00:00,82.2,30,48.1,0.0,1016.2,4.0,12.8,0,2022-10-01,14
2022-10-01 15:00:00,83.4,29,48.1,0.0,1015.4,3.6,12.5,0,2022-10-01,15
2022-10-01 16:00:00,83.8,29,48.0,0.0,1014.8,3.3,11.9,0,2022-10-01,16
2022-10-01 17:00:00,83.4,29,47.7,0.0,1014.5,3.5,10.5,0,2022-10-01,17
2022-10-01 18:00:00,82.0,30,47.3,0.0,1014.7,3.6,9.6,0,2022-10-01,18
2022-10-01 19:00:00,75.1,44,51.5,0.0,1015.4,5.1,7.2,0,2022-10-01,19
2022-10-01 20:00:00,71.6,49,51.2,0.0,1015.9,5.4,6.5,0,2022-10-01,20
2022-10-01 21:00:00,72.3,47,51.0,0.0,1016.3,3.9,6.5,0,2022-10-01,21
2022-10-01 22:00:00,67.3,58,51.9,0.0,1016.9,4.7,4.9,0,2022-10-01,22
2022-10-01 23:00:00,67.6,57,52.0,0.0,1017.7,5.0,8.7,0,2022-10-01,23
2022-10-02 00:00:00,64.0,67,52.9,0.0,1017.8,6.3,7.8,0,2022-10-02,0
2022-10-02 01:00:00,63.2,71,53.5,0.0,1017.7,5.7,7.2,0,2022-10-02,1
2022-10-02 02:00:00,61.6,74,53.2,0.0,1017.8,6.0,6.7,0,2022-10-02,2
2022-10-02 03:00:00,62.2,62,48.9,0.0,1017.9,5.1,8.3,0,2022-10-02,3
2022-10-02 04:00:00,60.9,58,45.9,0.0,1017.9,4.6,8.3,0,2022-10-02,4
2022-10-02 05:00:00,58.7,62,45.6,0.0,1018.3,4.0,7.4,1,2022-10-02,5
2022-10-02 06:00:00,57.5,65,45.8,0.0,1019.0,4.5,5.8,0,2022-10-02,6
2022-10-02 07:00:00,57.2,67,46.5,0.0,1019.7,4.0,5.8,3,2022-10-02,7
2022-10-02 08:00:00,58.3,67,47.2,0.0,1020.4,5.0,7.2,1,2022-10-02,8
2022-10-02 09:00:00,64.8,56,48.7,0.0,1021.0,3.5,9.2,1,2022-10-02,9
2022-10-02 10:00:00,71.5,46,49.5,0.0,1021.4,3.2,9.8,3,2022-10-02,10
2022-10-02 11:00:00,76.7,37,48.7,0.0,1021.5,3.3,10.7,3,2022-10-02,11
2022-10-02 12:00:00,79.8,29,45.0,0.0,1021.0,3.8,12.1,1,2022-10-02,12
2022-10-02 13:00:00,81.9,27,44.5,0.0,1020.1,4.8,13.6,3,2022-10-02,13
2022-10-02 14:00:00,83.5,25,44.3,0.0,1019.1,5.2,14.3,3,2022-10-02,14
2022-10-02 15:00:00,84.4,25,44.2,0.0,1018.3,4.8,14.3,3,2022-10-02,15
2022-10-02 16:00:00,84.7,24,44.3,0.0,1017.8,4.7,13.2,2,2022-10-02,16
2022-10-02 17:00:00,84.1,25,44.7,0.0,1017.7,5.0,12.3,2,2022-10-02,17
2022-10-02 18:00:00,82.6,27,45.0,0.0,1017.7,5.4,11.6,3,2022-10-02,18
2022-10-02 19:00:00,75.7,39,49.1,0.0,1018.6,4.7,9.6,2,2022-10-02,19
2022-10-02 20:00:00,73.8,39,47.0,0.0,1018.8,4.3,6.5,3,2022-10-02,20
2022-10-02 21:00:00,72.8,37,44.9,0.0,1019.2,4.5,7.4,3,2022-10-02,21
2022-10-02 22:00:00,70.2,41,45.2,0.0,1019.7,4.8,7.4,3,2022-10-02,22
2022-10-02 23:00:00,68.5,45,46.3,0.0,1020.0,5.1,8.7,3,2022-10-02,23
2022-10-03 00:00:00,67.0,50,47.8,0.0,1019.9,4.1,8.1,2,2022-10-03,0
2022-10-03 01:00:00,64.8,55,48.1,0.0,1019.6,4.3,6.9,0,2022-10-03,1
2022-10-03 02:00:00,62.8,58,47.9,0.0,1019.5,4.1,6.5,1,2022-10-03,2
2022-10-03 03:00:00,62.8,57,47.2,0.0,1019.4,5.6,8.9,0,2022-10-03,3
2022-10-03 04:00:00,62.0,58,46.9,0.0,1019.6,4.9,9.4,2,2022-10-03,4
2022-10-03 05:00:00,61.8,60,47.8,0.0,1019.9,4.4,7.6,3,2022-10-03,5
2022-10-03 06:00:00,61.9,62,48.7,0.0,1020.0,4.7,7.6,3,2022-10-03,6
2022-10-03 07:00:00,61.0,66,49.5,0.0,1020.2,4.6,7.6,3,2022-10-03,7
2022-10-03 08:00:00,61.3,67,50.5,0.0,1020.7,5.5,8.1,3,2022-10-03,8
2022-10-03 09:00:00,67.5,58,52.2,0.0,1021.1,4.5,10.5,3,2022-10-03,9
2022-10-03 10:00:00,72.9,50,53.0,0.0,1021.5,4.3,11.0,3,2022-10-03,10
2022-10-03 11:00:00,78.7,39,51.3,0.0,1021.5,4.9,13.0,2,2022-10-03,11
2022-10-03 12:00:00,82.0,32,48.9,0.0,1021.0,4.3,13.2,3,2022-10-03,12
2022-10-03 13:00:00,83.9,29,48.3,0.0,1020.1,3.6,12.5,1,2022-10-03,13
2022-10-03 14:00:00,85.5,28,48.2,0.0,1018.9,3.2,12.1,3,2022-10-03,14
2022-10-03 15:00:00,86.4,26,47.9,0.0,1017.8,3.2,11.2,3,2022-10-03,15
2022-10-03 16:00:00,86.8,26,47.6,0.0,1017.1,3.0,11.0,3,2022-10-03,16
2022-10-03 17:00:00,86.3,26,47.0,0.0,1016.8,3.0,9.6,3,2022-10-03,17
2022-10-03 18:00:00,84.4,29,48.8,0.0,1016.8,3.0,8.3,3,2022-10-03,18
2022-10-03 19:00:00,78.6,39,51.5,0.0,1017.2,4.7,6.0,3,2022-10-03,19
2022-10-03 20:00:00,77.2,44,53.6,0.0,1017.5,3.4,5.8,3,2022-10-03,20
2022-10-03 21:00:00,73.4,51,54.4,0.0,1018.1,4.5,4.7,3,2022-10-03,21
2022-10-03 22:00:00,73.4,51,54.1,0.0,1018.4,4.0,5.4,3,2022-10-03,22
2022-10-03 23:00:00,74.9,45,52.3,0.0,1018.5,2.4,4.3,3,2022-10-03,23
2022-10-04 00:00:00,71.4,53,53.5,0.0,1018.2,2.7,3.4,3,2022-10-04,0
2022-10-04 01:00:00,69.0,60,54.5,0.0,1018.1,2.2,3.4,3,2022-10-04,1
2022-10-04 02:00:00,67.5,65,55.1,0.0,1018.1,3.0,4.5,3,2022-10-04,2
2022-10-04 03:00:00,68.0,62,54.3,0.0,1017.9,6.5,10.3,3,2022-10-04,3
2022-10-04 04:00:00,68.5,55,51.5,0.0,1017.7,7.4,12.5,3,2022-10-04,4
2022-10-04 05:00:00,67.2,57,51.5,0.0,1017.7,6.6,12.8,3,2022-10-04,5
2022-10-04 06:00:00,66.0,60,51.9,0.0,1018.1,5.6,11.0,3,2022-10-04,6
2022-10-04 07:00:00,64.2,67,53.0,0.0,1018.6,3.5,8.9,3,2022-10-04,7
2022-10-04 08:00:00,64.5,67,53.4,0.0,1018.9,4.6,6.7,3,2022-10-04,8
2022-10-04 09:00:00,70.2,57,54.2,0.0,1019.2,3.8,8.9,3,2022-10-04,9
2022-10-04 10:00:00,75.5,48,54.4,0.0,1019.4,4.3,10.7,3,2022-10-04,10
2022-10-04 11:00:00,78.7,43,54.2,0.0,1019.5,4.9,12.5,3,2022-10-04,11
2022-10-04 12:00:00,81.2,38,52.9,0.0,1019.1,3.6,12.5,2,2022-10-04,12
2022-10-04 13:00:00,83.7,34,52.2,0.0,1018.4,2.5,11.6,2,2022-10-04,13
2022-10-04 14:00:00,85.3,31,51.2,0.0,1017.2,2.5,10.7,3,2022-10-04,14
2022-10-04 15:00:00,86.0,29,50.0,0.0,1016.1,2.8,10.7,0,2022-10-04,15
2022-10-04 16:00:00,86.6,27,48.5,0.0,1015.5,2.5,10.3,0,2022-10-04,16
2022-10-04 17:00:00,86.4,26,47.6,0.0,1015.3,2.9,9.4,0,2022-10-04,17
2022-10-04 18:00:00,85.0,27,47.4,0.0,1015.4,2.9,8.9,0,2022-10-04,18
2022-10-04 19:00:00,75.8,42,50.9,0.0,1016.2,4.6,6.3,3,2022-10-04,19
2022-10-04 20:00:00,73.1,47,51.9,0.0,1016.5,3.7,5.8,0,2022-10-04,20
2022-10-04 21:00:00,71.6,52,53.2,0.0,1017.2,4.5,7.4,0,2022-10-04,21
2022-10-04 22:00:00,70.3,56,53.8,0.0,1017.7,4.6,7.2,0,2022-10-04,22
2022-10-04 23:00:00,69.2,63,55.9,0.0,1018.1,4.9,7.8,0,2022-10-04,23
2022-10-05 00:00:00,68.4,72,58.8,0.0,1018.1,5.4,8.7,0,2022-10-05,0
2022-10-05 01:00:00,67.2,79,60.4,0.0,1017.8,4.2,8.7,0,2022-10-05,1
2022-10-05 02:00:00,64.6,88,60.9,0.0,1017.5,5.5,6.5,0,2022-10-05,2
2022-10-05 03:00:00,66.1,83,60.7,0.0,1017.4,3.0,6.3,0,2022-10-05,3
2022-10-05 04:00:00,64.3,87,60.3,0.0,1017.4,1.0,3.4,0,2022-10-05,4
2022-10-05 05:00:00,62.2,91,59.6,0.0,1017.4,1.6,2.7,0,2022-10-05,5
2022-10-05 06:00:00,61.4,92,59.0,0.0,1017.9,1.8,3.1,0,2022-10-05,6
2022-10-05 07:00:00,60.6,94,58.8,0.0,1018.4,3.1,3.8,0,2022-10-05,7
2022-10-05 08:00:00,61.3,91,58.5,0.0,1019.0,5.2,7.4,0,2022-10-05,8
2022-10-05 09:00:00,69.3,71,59.6,0.0,1019.5,3.1,8.9,0,2022-10-05,9
2022-10-05 10:00:00,76.4,55,58.8,0.0,1019.9,2.8,9.4,0,2022-10-05,10
2022-10-05 11:00:00,80.2,46,57.5,0.0,1020.0,2.8,10.5,0,2022-10-05,11
2022-10-05 12:00:00,82.7,41,56.3,0.0,1019.4,4.0,12.5,0,2022-10-05,12
2022-10-05 13:00:00,84.5,37,55.0,0.0,1018.7,4.6,13.6,0,2022-10-05,13
2022-10-05 14:00:00,85.8,34,54.4,0.0,1017.8,4.2,13.6,0,2022-10-05,14
2022-10-05 15:00:00,86.7,32,53.6,0.0,1016.7,3.8,13.2,0,2022-10-05,15
2022-10-05 16:00:00,87.1,31,52.4,0.0,1016.1,3.9,12.1,0,2022-10-05,16
2022-10-05 17:00:00,86.8,29,51.2,0.0,1015.8,3.8,11.4,0,2022-10-05,17
2022-10-05 18:00:00,85.7,29,49.7,0.0,1016.0,4.0,10.1,0,2022-10-05,18
2022-10-05 19:00:00,80.1,40,53.9,0.0,1017.0,3.6,8.1,0,2022-10-05,19
2022-10-05 20:00:00,76.3,51,56.6,0.0,1017.6,5.7,8.3,0,2022-10-05,20
2022-10-05 21:00:00,73.8,68,62.6,0.0,1018.4,5.9,11.9,0,2022-10-05,21
2022-10-05 22:00:00,72.1,75,63.6,0.0,1018.9,5.9,10.1,0,2022-10-05,22
2022-10-05 23:00:00,71.2,80,64.7,0.0,1019.1,5.4,9.6,0,2022-10-05,23
2022-10-06 00:00:00,70.2,82,64.3,0.0,1019.2,4.1,8.9,0,2022-10-06,0
2022-10-06 01:00:00,68.8,85,64.0,0.0,1019.1,3.6,6.3,0,2022-10-06,1
2022-10-06 02:00:00,67.0,90,64.0,0.0,1019.1,4.8,5.6,0,2022-10-06,2
2022-10-06 03:00:00,66.5,92,64.2,0.0,1019.3,4.0,5.6,0,2022-10-06,3
2022-10-06 04:00:00,66.0,93,64.0,0.0,1019.4,2.3,5.1,0,2022-10-06,4
2022-10-06 05:00:00,64.5,96,63.2,0.0,1019.2,3.0,4.3,0,2022-10-06,5
2022-10-06 06:00:00,63.9,96,62.8,0.0,1019.6,2.7,3.8,0,2022-10-06,6
2022-10-06 07:00:00,61.6,94,59.9,0.0,1020.2,4.0,5.1,0,2022-10-06,7
2022-10-06 08:00:00,62.9,89,59.7,0.0,1020.8,5.9,8.3,0,2022-10-06,8
2022-10-06 09:00:00,70.0,72,60.6,0.0,1021.4,4.0,10.1,0,2022-10-06,9
2022-10-06 10:00:00,76.8,57,60.4,0.0,1021.7,3.9,11.0,0,2022-10-06,10
2022-10-06 11:00:00,81.9,42,56.6,0.0,1021.5,3.6,11.6,0,2022-10-06,11
2022-10-06 12:00:00,85.1,33,53.2,0.0,1020.9,3.5,11.6,0,2022-10-06,12
2022-10-06 13:00:00,87.3,29,50.8,0.0,1020.1,4.2,13.0,0,2022-10-06,13
2022-10-06 14:00:00,88.5,27,50.5,0.0,1019.3,4.8,13.6,0,2022-10-06,14
2022-10-06 15:00:00,89.2,27,50.4,0.0,1018.3,4.6,13.6,2,2022-10-06,15
2022-10-06 16:00:00,89.4,25,49.1,0.0,1017.7,4.1,13.0,3,2022-10-06,16
2022-10-06 17:00:00,88.7,25,48.4,0.0,1017.5,6.1,13.0,3,2022-10-06,17
2022-10-06 18:00:00,86.7,26,47.5,0.0,1017.5,6.8,14.3,3,2022-10-06,18
2022-10-06 19:00:00,79.7,37,51.0,0.0,1018.4,5.4,11.9,3,2022-10-06,19
2022-10-06 20:00:00,76.3,43,52.4,0.0,1018.8,4.7,6.3,3,2022-10-06,20
2022-10-06 21:00:00,75.1,50,55.1,0.0,1019.7,4.6,7.2,3,2022-10-06,21
2022-10-06 22:00:00,74.2,60,59.3,0.0,1020.3,5.2,8.7,3,2022-10-06,22
2022-10-06 23:00:00,72.8,66,60.8,0.0,1020.9,5.2,8.5,3,2022-10-06,23
2022-10-07 00:00:00,71.5,74,62.6,0.0,1021.0,5.0,8.5,3,2022-10-07,0
2022-10-07 01:00:00,70.8,78,63.4,0.0,1020.8,4.6,8.1,2,2022-10-07,1
2022-10-07 02:00:00,69.7,80,63.3,0.0,1020.6,4.5,7.6,3,2022-10-07,2
2022-10-07 03:00:00,68.8,82,63.1,0.0,1020.7,4.3,7.4,1,2022-10-07,3
2022-10-07 04:00:00,67.5,85,62.8,0.0,1020.7,3.6,6.7,1,2022-10-07,4
2022-10-07 05:00:00,66.7,87,62.5,0.0,1020.8,3.8,5.4,0,2022-10-07,5
2022-10-07 06:00:00,66.6,86,62.3,0.0,1021.4,3.7,5.8,1,2022-10-07,6
2022-10-07 07:00:00,65.6,88,61.9,0.0,1021.9,4.1,5.6,3,2022-10-07,7
2022-10-07 08:00:00,66.2,86,61.8,0.0,1022.4,5.2,7.4,1,2022-10-07,8
2022-10-07 09:00:00,72.4,71,62.3,0.0,1022.9,3.5,9.2,3,2022-10-07,9
2022-10-07 10:00:00,76.6,62,62.4,0.0,1023.3,4.1,10.7,3,2022-10-07,10
2022-10-07 11:00:00,80.2,53,61.8,0.0,1023.3,3.2,10.7,3,2022-10-07,11
2022-10-07 12:00:00,85.7,38,57.5,0.0,1022.7,4.2,12.5,3,2022-10-07,12
2022-10-07 13:00:00,87.1,33,54.9,0.0,1022.2,4.5,12.8,3,2022-10-07,13
2022-10-07 14:00:00,87.4,32,53.6,0.0,1021.1,4.7,12.5,3,2022-10-07,14
2022-10-07 15:00:00,87.0,31,53.1,0.0,1020.2,5.3,12.1,3,2022-10-07,15
2022-10-07 16:00:00,86.4,32,52.7,0.0,1019.7,4.4,11.4,3,2022-10-07,16
2022-10-07 17:00:00,84.2,36,54.1,0.0,1019.8,2.3,9.2,3,2022-10-07,17
2022-10-07 18:00:00,81.9,42,56.2,0.0,1019.2,2.1,3.8,3,2022-10-07,18
2022-10-07 19:00:00,83.8,38,55.8,0.0,1019.9,2.5,5.4,3,2022-10-07,19
2022-10-07 20:00:00,77.2,51,57.5,0.0,1020.4,4.3,4.9,3,2022-10-07,20
2022-10-07 21:00:00,76.2,53,57.6,0.0,1021.2,3.5,5.6,3,2022-10-07,21
2022-10-07 22:00:00,74.9,55,57.5,0.0,1022.1,4.3,6.9,3,2022-10-07,22
2022-10-07 23:00:00,74.8,46,52.9,0.0,1022.3,5.1,8.1,3,2022-10-07,23
2022-10-08 00:00:00,73.3,46,51.5,0.0,1022.6,5.6,8.9,2,2022-10-08,0
2022-10-08 01:00:00,71.8,50,52.1,0.0,1022.5,6.9,11.2,3,2022-10-08,1
2022-10-08 02:00:00,72.6,50,53.2,0.0,1022.1,7.2,12.5,3,2022-10-08,2
2022-10-08 03:00:00,71.9,53,54.0,0.0,1022.1,7.2,12.1,3,2022-10-08,3
2022-10-08 04:00:00,70.6,57,54.6,0.0,1022.1,6.8,12.1,2,2022-10-08,4
2022-10-08 05:00:00,69.3,60,54.7,0.0,1022.4,7.1,11.9,0,2022-10-08,5
2022-10-08 06:00:00,68.4,61,54.5,0.0,1023.0,6.8,11.9,0,2022-10-08,6
2022-10-08 07:00:00,66.9,64,54.4,0.0,1023.2,7.2,11.4,0,2022-10-08,7
2022-10-08 08:00:00,67.7,62,54.3,0.0,1023.6,8.4,13.4,0,2022-10-08,8
2022-10-08 09:00:00,72.6,53,54.6,0.0,1024.2,7.6,14.8,0,2022-10-08,9
2022-10-08 10:00:00,77.1,46,54.5,0.0,1024.8,9.3,18.8,0,2022-10-08,10
2022-10-08 11:00:00,81.1,42,55.5,0.0,1024.7,9.6,20.1,0,2022-10-08,11
2022-10-08 12:00:00,84.5,38,56.1,0.0,1024.3,9.6,20.6,0,2022-10-08,12
2022-10-08 13:00:00,87.1,35,55.9,0.0,1023.4,9.4,21.5,0,2022-10-08,13
2022-10-08 14:00:00,88.6,32,54.8,0.0,1022.3,8.8,21.3,0,2022-10-08,14
2022-10-08 15:00:00,89.7,29,53.7,0.0,1021.1,8.1,19.9,0,2022-10-08,15
2022-10-08 16:00:00,89.4,29,53.0,0.0,1020.4,8.1,18.3,0,2022-10-08,16
2022-10-08 17:00:00,88.4,29,52.2,0.0,1020.3,7.2,17.4,1,2022-10-08,17
2022-10-08 18:00:00,86.7,30,51.7,0.0,1020.3,5.6,15.2,1,2022-10-08,18
2022-10-08 19:00:00,80.2,43,55.6,0.0,1021.3,4.3,10.3,3,2022-10-08,19
2022-10-08 20:00:00,77.4,47,55.8,0.0,1021.9,3.4,5.4,1,2022-10-08,20
2022-10-08 21:00:00,76.0,54,58.2,0.0,1022.8,3.4,5.6,3,2022-10-08,21
2022-10-08 22:00:00,74.3,60,59.6,0.0,1023.2,3.5,6.0,3,2022-10-08,22
2022-10-08 23:00:00,73.0,61,58.7,0.0,1023.5,4.1,6.7,1,2022-10-08,23
2022-10-09 00:00:00,72.5,57,56.2,0.0,1023.6,5.4,8.3,3,2022-10-09,0
2022-10-09 01:00:00,72.0,55,55.0,0.0,1023.6,6.5,11.0,1,2022-10-09,1
2022-10-09 02:00:00,70.2,60,55.4,0.0,1023.5,5.3,11.0,0,2022-10-09,2
2022-10-09 03:00:00,68.8,62,55.2,0.0,1023.5,5.5,8.9,0,2022-10-09,3
2022-10-09 04:00:00,67.6,64,54.9,0.0,1023.1,5.0,8.9,0,2022-10-09,4
2022-10-09 05:00:00,66.6,65,54.5,0.0,1023.2,4.7,8.5,0,2022-10-09,5
2022-10-09 06:00:00,65.6,67,54.3,0.0,1023.8,4.2,7.6,0,2022-10-09,6
2022-10-09 07:00:00,64.7,70,54.5,0.0,1024.1,4.3,7.4,0,2022-10-09,7
2022-10-09 08:00:00,64.5,70,54.5,0.0,1024.7,6.3,9.4,0,2022-10-09,8
2022-10-09 09:00:00,69.3,59,54.4,0.0,1025.3,5.4,11.6,0,2022-10-09,9
2022-10-09 10:00:00,73.9,51,54.4,0.0,1025.8,5.5,13.6,0,2022-10-09,10
2022-10-09 11:00:00,78.5,44,54.6,0.0,1025.6,5.6,14.3,0,2022-10-09,11
2022-10-09 12:00:00,82.1,39,54.9,0.0,1025.1,4.9,14.5,0,2022-10-09,12
2022-10-09 13:00:00,84.6,36,54.5,0.0,1024.3,3.8,14.1,0,2022-10-09,13
2022-10-09 14:00:00,86.2,32,53.2,0.0,1023.2,3.4,12.8,2,2022-10-09,14
2022-10-09 15:00:00,86.9,30,52.1,0.0,1022.0,3.8,12.3,0,2022-10-09,15
2022-10-09 16:00:00,87.1,29,51.4,0.0,1021.4,5.0,13.0,0,2022-10-09,16
2022-10-09 17:00:00,86.9,29,51.1,0.0,1020.6,4.7,13.2,0,2022-10-09,17
2022-10-09 18:00:00,86.3,29,50.5,0.0,1020.2,4.8,11.2,0,2022-10-09,18
2022-10-09 19:00:00,81.1,39,53.9,0.0,1021.2,7.2,9.2,0,2022-10-09,19
2022-10-09 20:00:00,76.5,55,59.2,0.0,1021.7,5.9,12.3,3,2022-10-09,20
2022-10-09 21:00:00,74.5,60,59.8,0.0,1022.0,5.4,9.8,1,2022-10-09,21
2022-10-09 22:00:00,72.9,62,59.4,0.0,1022.5,5.4,9.6,0,2022-10-09,22
2022-10-09 23:00:00,72.0,64,59.3,0.0,1022.7,4.7,9.2,0,2022-10-09,23
2022-10-10 00:00:00,69.6,70,59.4,0.0,1022.4,4.7,7.4,0,2022-10-10,0
2022-10-10 01:00:00,70.2,68,59.1,0.0,1022.1,3.4,5.6,0,2022-10-10,1
2022-10-10 02:00:00,69.8,69,59.0,0.0,1021.9,1.1,3.6,0,2022-10-10,2
2022-10-10 03:00:00,67.5,75,59.4,0.0,1021.6,1.3,1.6,0,2022-10-10,3
2022-10-10 04:00:00,65.4,82,59.6,0.0,1021.5,1.9,3.1,0,2022-10-10,4
2022-10-10 05:00:00,64.8,85,60.2,0.0,1021.6,2.5,4.5,0,2022-10-10,5
2022-10-10 06:00:00,64.0,89,60.5,0.0,1021.9,2.9,4.7,0,2022-10-10,6
2022-10-10 07:00:00,62.5,94,60.7,0.0,1022.1,3.6,6.0,0,2022-10-10,7
2022-10-10 08:00:00,63.6,91,61.0,0.0,1022.3,5.4,7.6,0,2022-10-10,8
2022-10-10 09:00:00,70.6,72,61.3,0.0,1022.9,4.0,9.6,0,2022-10-10,9
2022-10-10 10:00:00,76.7,54,58.8,0.0,1023.3,4.8,12.3,0,2022-10-10,10
2022-10-10 11:00:00,80.9,42,55.5,0.0,1023.3,6.1,15.0,0,2022-10-10,11
2022-10-10 12:00:00,83.6,34,52.4,0.0,1023.1,7.9,17.9,0,2022-10-10,12
2022-10-10 13:00:00,85.2,32,51.7,0.0,1022.2,8.1,18.8,0,2022-10-10,13
2022-10-10 14:00:00,86.3,30,51.5,0.0,1021.2,7.9,18.8,0,2022-10-10,14
2022-10-10 15:00:00,86.8,30,51.4,0.0,1020.3,8.2,18.8,0,2022-10-10,15
2022-10-10 16:00:00,86.3,31,51.7,0.0,1019.4,8.7,19.0,0,2022-10-10,16
2022-10-10 17:00:00,84.1,35,53.7,0.0,1018.8,10.0,20.1,0,2022-10-10,17
2022-10-10 18:00:00,79.7,42,54.7,0.0,1018.7,11.7,21.9,0,2022-10-10,18
2022-10-10 19:00:00,76.3,47,54.9,0.0,1019.8,8.6,21.7,0,2022-10-10,19
2022-10-10 20:00:00,74.0,55,56.8,0.0,1020.3,7.8,14.8,0,2022-10-10,20
2022-10-10 21:00:00,72.4,62,58.7,0.0,1020.7,6.2,13.4,0,2022-10-10,21
2022-10-10 22:00:00,70.7,67,59.2,0.0,1021.0,4.3,10.5,0,2022-10-10,22
2022-10-10 23:00:00,69.5,70,59.5,0.0,1021.0,4.2,6.9,0,2022-10-10,23
2022-10-11 00:00:00,68.6,73,59.8,0.0,1021.0,3.8,6.7,0,2022-10-11,0
2022-10-11 01:00:00,68.4,76,60.4,0.0,1020.4,4.4,6.7,0,2022-10-11,1
2022-10-11 02:00:00,67.9,79,61.1,0.0,1019.7,4.3,7.4,0,2022-10-11,2
2022-10-11 03:00:00,66.6,84,61.5,0.0,1019.4,3.8,6.9,0,2022-10-11,3
2022-10-11 04:00:00,65.4,88,61.7,0.0,1019.1,4.8,5.8,0,2022-10-11,4
2022-10-11 05:00:00,65.0,89,61.8,0.0,1019.2,4.5,5.8,0,2022-10-11,5
2022-10-11 06:00:00,64.8,90,61.9,0.0,1019.8,4.4,5.8,0,2022-10-11,6
2022-10-11 07:00:00,65.2,90,62.1,0.0,1019.6,3.5,5.6,0,2022-10-11,7
2022-10-11 08:00:00,66.3,86,62.1,0.0,1019.8,5.3,7.6,1,2022-10-11,8
2022-10-11 09:00:00,71.8,71,62.0,0.0,1020.5,4.6,10.1,1,2022-10-11,9
2022-10-11 10:00:00,76.1,60,61.2,0.004,1020.8,6.3,13.2,51,2022-10-11,10
2022-10-11 11:00:00,78.7,57,62.2,0.02,1021.0,6.9,15.2,53,2022-10-11,11
2022-10-11 12:00:00,81.7,50,61.0,0.0,1020.4,10.1,20.6,2,2022-10-11,12
2022-10-11 13:00:00,83.9,45,60.2,0.0,1019.0,10.1,21.5,0,2022-10-11,13
2022-10-11 14:00:00,85.6,41,59.0,0.0,1017.8,10.2,21.7,1,2022-10-11,14
2022-10-11 15:00:00,85.5,41,58.8,0.0,1016.7,10.4,21.9,3,2022-10-11,15
2022-10-11 16:00:00,84.1,42,58.6,0.0,1016.2,9.4,21.5,3,2022-10-11,16
2022-10-11 17:00:00,81.9,49,60.7,0.0,1015.9,11.7,21.7,3,2022-10-11,17
2022-10-11 18:00:00,80.2,53,61.6,0.0,1016.0,11.6,23.7,2,2022-10-11,18
2022-10-11 19:00:00,75.9,75,67.5,0.0,1016.2,7.5,21.0,1,2022-10-11,19
2022-10-11 20:00:00,74.8,78,67.6,0.0,1016.3,8.2,14.3,0,2022-10-11,20
2022-10-11 21:00:00,73.9,82,68.0,0.0,1016.6,6.7,14.1,0,2022-10-11,21
2022-10-11 22:00:00,73.4,84,68.3,0.0,1016.7,6.2,11.2,1,2022-10-11,22
2022-10-11 23:00:00,73.1,85,68.4,0.0,1016.9,6.8,11.4,1,2022-10-11,23
2022-10-12 00:00:00,72.9,87,69.0,0.0,1016.4,7.1,12.1,0,2022-10-12,0
2022-10-12 01:00:00,73.2,90,70.2,0.0,1016.0,6.8,12.1,1,2022-10-12,1
2022-10-12 02:00:00,73.8,91,70.9,0.0,1015.6,6.5,11.9,0,2022-10-12,2
2022-10-12 03:00:00,73.8,91,70.9,0.0,1015.2,6.4,11.2,0,2022-10-12,3
2022-10-12 04:00:00,73.2,91,70.5,0.0,1015.1,5.9,11.0,0,2022-10-12,4
2022-10-12 05:00:00,72.1,94,70.3,0.0,1014.6,3.6,9.8,0,2022-10-12,5
2022-10-12 06:00:00,70.9,97,69.9,0.0,1014.6,4.2,5.8,1,2022-10-12,6
2022-10-12 07:00:00,70.2,97,69.3,0.0,1015.9,6.2,4.9,0,2022-10-12,7
2022-10-12 08:00:00,69.5,93,67.6,0.0,1015.4,4.3,11.0,1,2022-10-12,8
2022-10-12 09:00:00,72.1,89,68.6,0.0,1015.6,4.5,10.3,0,2022-10-12,9
2022-10-12 10:00:00,76.6,78,69.2,0.0,1015.7,4.7,11.9,0,2022-10-12,10
2022-10-12 11:00:00,81.1,67,69.3,0.0,1015.7,3.7,12.3,0,2022-10-12,11
2022-10-12 12:00:00,86.0,57,69.2,0.0,1015.1,6.4,15.0,2,2022-10-12,12
2022-10-12 13:00:00,88.4,52,68.7,0.0,1014.2,7.0,19.5,1,2022-10-12,13
2022-10-12 14:00:00,90.1,49,68.5,0.0,1013.1,6.8,18.8,2,2022-10-12,14
2022-10-12 15:00:00,90.8,48,68.3,0.0,1011.8,7.8,17.7,1,2022-10-12,15
2022-10-12 16:00:00,91.4,46,67.6,0.0,1011.1,6.9,17.9,0,2022-10-12,16
2022-10-12 17:00:00,90.7,46,67.0,0.0,1010.7,7.1,16.1,1,2022-10-12,17
2022-10-12 18:00:00,89.9,46,66.1,0.0,1010.4,6.4,15.0,0,2022-10-12,18
2022-10-12 19:00:00,76.8,79,69.7,0.0,1011.5,8.2,11.9,2,2022-10-12,19
2022-10-12 20:00:00,78.5,76,70.2,0.0,1011.8,6.4,12.1,1,2022-10-12,20
2022-10-12 21:00:00,78.8,76,70.5,0.0,1012.5,6.2,10.7,0,2022-10-12,21
2022-10-12 22:00:00,77.9,81,71.5,0.0,1012.7,5.8,10.3,0,2022-10-12,22
2022-10-12 23:00:00,77.3,84,72.1,0.0,1013.0,7.2,11.9,0,2022-10-12,23
2022-10-13 00:00:00,76.6,87,72.6,0.0,1012.7,7.9,13.4,0,2022-10-13,0
2022-10-13 01:00:00,75.7,92,73.1,0.0,1012.5,6.0,13.2,0,2022-10-13,1
2022-10-13 02:00:00,74.8,94,72.9,0.0,1012.5,5.3,10.3,0,2022-10-13,2
2022-10-13 03:00:00,74.2,94,72.5,0.0,1012.4,5.0,9.6,0,2022-10-13,3
2022-10-13 04:00:00,73.1,96,71.8,0.0,1012.5,3.6,8.1,0,2022-10-13,4
2022-10-13 05:00:00,72.2,95,70.6,0.02,1013.6,9.3,18.3,53,2022-10-13,5
2022-10-13 06:00:00,72.6,92,70.2,0.0,1012.5,3.2,15.7,2,2022-10-13,6
2022-10-13 07:00:00,71.5,95,70.1,0.0,1013.6,4.7,5.6,1,2022-10-13,7
2022-10-13 08:00:00,68.9,99,68.7,0.705,1014.3,7.2,21.7,65,2022-10-13,8
2022-10-13 09:00:00,70.3,95,68.7,0.256,1014.4,1.6,14.1,63,2022-10-13,9
2022-10-13 10:00:00,73.8,86,69.3,0.0,1015.4,7.3,14.8,1,2022-10-13,10
2022-10-13 11:00:00,77.6,80,70.8,0.0,1015.2,6.1,14.8,1,2022-10-13,11
2022-10-13 12:00:00,80.7,71,70.3,0.0,1015.1,4.7,14.3,1,2022-10-13,12
2022-10-13 13:00:00,82.5,66,69.8,0.0,1014.5,3.6,12.5,3,2022-10-13,13
2022-10-13 14:00:00,83.7,60,68.4,0.0,1013.7,2.7,11.0,2,2022-10-13,14
2022-10-13 15:00:00,85.7,54,66.9,0.0,1012.7,1.7,8.9,0,2022-10-13,15
2022-10-13 16:00:00,86.7,51,66.4,0.0,1012.2,0.6,7.8,0,2022-10-13,16
2022-10-13 17:00:00,86.2,49,65.0,0.0,1012.0,3.7,7.8,1,2022-10-13,17
2022-10-13 18:00:00,83.6,59,67.6,0.0,1012.1,3.0,8.5,1,2022-10-13,18
2022-10-13 19:00:00,76.4,83,71.0,0.0,1012.8,9.6,6.3,1,2022-10-13,19
2022-10-13 20:00:00,73.2,91,70.3,0.0,1013.4,4.7,17.9,2,2022-10-13,20
2022-10-13 21:00:00,72.8,93,70.6,0.0,1014.4,5.1,11.2,1,2022-10-13,21
2022-10-13 22:00:00,72.4,92,69.9,0.0,1015.3,3.1,7.8,1,2022-10-13,22
2022-10-13 23:00:00,71.3,95,69.7,0.0,1015.2,2.2,5.4,0,2022-10-13,23
2022-10-14 00:00:00,69.2,98,68.4,0.0,1015.1,3.2,4.7,0,2022-10-14,0
2022-10-14 01:00:00,68.8,98,68.3,0.0,1014.7,2.2,4.3,0,2022-10-14,1
2022-10-14 02:00:00,68.4,98,67.8,0.0,1014.4,3.1,5.1,0,2022-10-14,2
2022-10-14 03:00:00,67.8,100,67.7,0.0,1014.4,4.1,6.5,3,2022-10-14,3
2022-10-14 04:00:00,66.9,100,66.9,0.0,1014.1,4.5,7.2,3,2022-10-14,4
2022-10-14 05:00:00,65.6,96,64.3,0.0,1014.4,5.9,9.8,0,2022-10-14,5
2022-10-14 06:00:00,64.8,71,55.3,0.0,1015.0,6.3,10.7,0,2022-10-14,6
2022-10-14 07:00:00,62.5,81,56.7,0.0,1015.6,4.8,10.3,0,2022-10-14,7
2022-10-14 08:00:00,62.6,79,55.9,0.0,1016.0,5.1,7.6,0,2022-10-14,8
2022-10-14 09:00:00,67.6,70,57.4,0.0,1016.6,4.5,9.8,0,2022-10-14,9
2022-10-14 10:00:00,72.7,60,58.2,0.0,1017.4,3.7,10.3,0,2022-10-14,10
2022-10-14 11:00:00,78.2,50,57.8,0.0,1017.3,4.4,11.6,0,2022-10-14,11
2022-10-14 12:00:00,82.2,38,54.2,0.0,1016.9,5.3,13.2,0,2022-10-14,12
2022-10-14 13:00:00,84.1,33,51.8,0.0,1016.3,5.9,14.3,0,2022-10-14,13
2022-10-14 14:00:00,84.8,32,51.8,0.0,1015.2,6.5,15.4,0,2022-10-14,14
2022-10-14 15:00:00,84.9,32,52.1,0.0,1014.3,7.7,16.8,0,2022-10-14,15
2022-10-14 16:00:00,84.1,34,52.3,0.0,1013.7,8.4,17.7,0,2022-10-14,16
2022-10-14 17:00:00,82.2,33,50.5,0.0,1013.8,9.6,18.6,0,2022-10-14,17
2022-10-14 18:00:00,79.3,38,51.3,0.0,1013.9,7.9,18.6,2,2022-10-14,18
2022-10-14 19:00:00,76.2,54,58.2,0.0,1013.9,7.8,13.9,1,2022-10-14,19
2022-10-14 20:00:00,73.9,65,61.4,0.0,1014.4,8.7,14.5,1,2022-10-14,20
2022-10-14 21:00:00,72.8,66,60.9,0.0,1014.8,8.1,14.5,1,2022-10-14,21
2022-10-14 22:00:00,71.8,70,61.6,0.0,1015.2,7.0,13.6,3,2022-10-14,22
2022-10-14 23:00:00,71.1,77,63.4,0.0,1015.6,6.9,11.6,1,2022-10-14,23
2022-10-15 00:00:00,70.4,83,64.8,0.0,1015.3,7.1,12.1,0,2022-10-15,0
2022-10-15 01:00:00,69.6,87,65.7,0.0,1015.1,5.4,11.9,0,2022-10-15,1
2022-10-15 02:00:00,67.6,93,65.4,0.0,1015.4,5.0,8.5,0,2022-10-15,2
2022-10-15 03:00:00,67.1,94,65.3,0.0,1015.3,4.9,6.3,0,2022-10-15,3
2022-10-15 04:00:00,67.4,94,65.7,0.0,1015.1,3.7,5.8,0,2022-10-15,4
2022-10-15 05:00:00,67.6,94,65.8,0.0,1015.2,4.0,6.0,0,2022-10-15,5
2022-10-15 06:00:00,67.6,95,65.9,0.0,1015.7,4.0,6.3,0,2022-10-15,6
2022-10-15 07:00:00,65.8,98,65.1,0.0,1016.1,5.0,6.0,1,2022-10-15,7
2022-10-15 08:00:00,67.2,97,66.4,0.0,1016.4,3.6,6.9,1,2022-10-15,8
2022-10-15 09:00:00,73.6,85,68.8,0.0,1017.0,3.1,8.3,1,2022-10-15,9
2022-10-15 10:00:00,79.0,76,70.6,0.0,1017.7,4.3,10.5,0,2022-10-15,10
2022-10-15 11:00:00,82.6,66,69.9,0.0,1017.7,6.1,14.5,1,2022-10-15,11
2022-10-15 12:00:00,85.5,55,67.6,0.0,1017.0,6.3,15.0,2,2022-10-15,12
2022-10-15 13:00:00,87.8,46,64.4,0.0,1016.4,6.9,16.3,2,2022-10-15,13
2022-10-15 14:00:00,89.3,40,62.2,0.0,1015.5,7.0,16.3,3,2022-10-15,14
2022-10-15 15:00:00,89.7,37,59.9,0.0,1014.6,7.6,16.3,3,2022-10-15,15
2022-10-15 16:00:00,88.9,38,60.3,0.0,1014.1,9.9,19.0,3,2022-10-15,16
2022-10-15 17:00:00,84.5,57,67.6,0.0,1014.1,12.5,23.3,3,2022-10-15,17
2022-10-15 18:00:00,81.4,66,69.1,0.0,1014.0,11.7,23.5,2,2022-10-15,18
2022-10-15 19:00:00,78.2,78,70.8,0.0,1015.0,8.9,21.3,1,2022-10-15,19
2022-10-15 20:00:00,75.8,84,70.6,0.0,1015.5,9.3,16.3,1,2022-10-15,20
2022-10-15 21:00:00,74.7,87,70.4,0.0,1016.0,8.6,16.1,0,2022-10-15,21
2022-10-15 22:00:00,73.6,90,70.3,0.0,1016.2,7.3,14.5,1,2022-10-15,22
2022-10-15 23:00:00,72.3,94,70.3,0.0,1016.4,5.6,12.3,3,2022-10-15,23
2022-10-16 00:00:00,72.0,94,70.2,0.0,1016.5,5.9,9.8,0,2022-10-16,0
2022-10-16 01:00:00,71.5,95,70.0,0.0,1015.9,6.0,10.1,0,2022-10-16,1
2022-10-16 02:00:00,71.2,95,69.6,0.0,1015.8,5.0,10.1,2,2022-10-16,2
2022-10-16 03:00:00,71.2,95,69.6,0.0,1015.7,5.2,8.5,3,2022-10-16,3
2022-10-16 04:00:00,71.1,95,69.5,0.0,1015.2,4.8,8.3,1,2022-10-16,4
2022-10-16 05:00:00,71.0,95,69.5,0.0,1015.0,4.5,8.1,2,2022-10-16,5
2022-10-16 06:00:00,71.1,95,69.5,0.0,1014.8,5.4,8.5,1,2022-10-16,6
2022-10-16 07:00:00,72.7,93,70.6,0.0,1015.1,2.8,8.9,1,2022-10-16,7
2022-10-16 08:00:00,72.9,92,70.5,0.0,1015.6,3.5,5.6,0,2022-10-16,8
2022-10-16 09:00:00,76.7,83,71.1,0.008,1016.2,3.3,7.6,51,2022-10-16,9
2022-10-16 10:00:00,79.5,75,71.0,0.004,1016.9,3.5,9.4,51,2022-10-16,10
2022-10-16 11:00:00,82.2,68,70.4,0.008,1016.9,4.7,12.1,51,2022-10-16,11
2022-10-16 12:00:00,84.1,61,69.2,0.0,1016.3,4.0,12.3,0,2022-10-16,12
2022-10-16 13:00:00,85.9,55,67.8,0.0,1015.7,3.4,11.9,1,2022-10-16,13
2022-10-16 14:00:00,87.1,51,66.6,0.0,1014.6,2.8,11.2,1,2022-10-16,14
2022-10-16 15:00:00,87.5,48,65.6,0.0,1013.8,4.0,11.4,1,2022-10-16,15
2022-10-16 16:00:00,86.8,50,65.9,0.0,1013.2,5.3,13.0,0,2022-10-16,16
2022-10-16 17:00:00,85.7,52,66.3,0.0,1012.8,5.1,13.0,1,2022-10-16,17
2022-10-16 18:00:00,82.0,65,68.9,0.004,1012.9,7.8,14.3,51,2022-10-16,18
2022-10-16 19:00:00,78.9,82,72.9,0.0,1013.5,2.5,14.5,2,2022-10-16,19
2022-10-16 20:00:00,73.7,90,70.4,0.055,1014.2,6.3,12.3,61,2022-10-16,20
2022-10-16 21:00:00,73.6,94,71.9,0.012,1014.4,4.8,10.7,51,2022-10-16,21
2022-10-16 22:00:00,73.1,97,72.1,0.0,1014.2,4.0,7.8,2,2022-10-16,22
2022-10-16 23:00:00,73.8,94,72.0,0.0,1014.4,1.6,6.9,2,2022-10-16,23
2022-10-17 00:00:00,71.8,99,71.6,0.02,1014.5,4.9,7.2,53,2022-10-17,0
2022-10-17 01:00:00,69.3,98,68.8,0.358,1014.8,7.2,17.2,65,2022-10-17,1
2022-10-17 02:00:00,69.5,98,69.1,0.114,1014.6,7.8,14.1,63,2022-10-17,2
2022-10-17 03:00:00,69.5,98,68.8,0.067,1014.5,6.5,14.3,61,2022-10-17,3
2022-10-17 04:00:00,69.5,98,69.0,0.016,1014.8,9.1,15.2,51,2022-10-17,4
2022-10-17 05:00:00,68.7,97,67.9,0.059,1014.8,10.5,17.9,61,2022-10-17,5
2022-10-17 06:00:00,68.4,96,67.2,0.024,1014.7,10.4,18.1,53,2022-10-17,6
2022-10-17 07:00:00,68.1,98,67.6,0.0,1015.8,9.8,17.9,3,2022-10-17,7
2022-10-17 08:00:00,67.8,98,67.2,0.063,1015.6,10.1,18.1,61,2022-10-17,8
2022-10-17 09:00:00,67.5,98,66.8,0.11,1016.5,10.0,17.7,63,2022-10-17,9
2022-10-17 10:00:00,66.7,98,66.0,0.205,1017.3,11.4,20.1,63,2022-10-17,10
2022-10-17 11:00:00,65.0,97,64.0,0.189,1017.7,11.4,21.5,63,2022-10-17,11
2022-10-17 12:00:00,64.0,96,62.9,0.075,1017.9,11.2,19.9,61,2022-10-17,12
2022-10-17 13:00:00,63.3,96,62.1,0.043,1017.4,11.2,21.0,55,2022-10-17,13
2022-10-17 14:00:00,64.7,87,60.6,0.016,1016.9,7.8,18.8,51,2022-10-17,14
2022-10-17 15:00:00,71.3,62,57.7,0.004,1015.7,7.5,15.2,51,2022-10-17,15
2022-10-17 16:00:00,74.3,44,51.2,0.0,1015.0,11.7,21.5,3,2022-10-17,16
2022-10-17 17:00:00,72.0,47,50.7,0.0,1015.1,8.3,21.7,3,2022-10-17,17
2022-10-17 18:00:00,70.2,50,50.5,0.0,1015.0,5.5,14.5,1,2022-10-17,18
2022-10-17 19:00:00,67.6,49,47.8,0.0,1015.8,4.8,8.9,0,2022-10-17,19
2022-10-17 20:00:00,66.7,47,45.9,0.0,1016.4,5.9,9.2,0,2022-10-17,20
2022-10-17 21:00:00,66.2,39,40.5,0.0,1016.8,9.2,14.8,0,2022-10-17,21
2022-10-17 22:00:00,65.8,35,37.5,0.0,1017.6,9.8,17.2,0,2022-10-17,22
2022-10-17 23:00:00,64.3,36,37.0,0.0,1018.3,10.3,17.7,0,2022-10-17,23
2022-10-18 00:00:00,63.0,36,36.0,0.0,1018.7,10.8,18.8,1,2022-10-18,0
2022-10-18 01:00:00,61.9,37,35.2,0.0,1018.5,10.4,19.0,1,2022-10-18,1
2022-10-18 02:00:00,60.7,37,34.3,0.0,1019.0,9.9,18.1,1,2022-10-18,2
2022-10-18 03:00:00,59.5,36,32.5,0.0,1019.1,10.5,18.1,1,2022-10-18,3
2022-10-18 04:00:00,58.2,35,30.5,0.0,1019.1,10.8,18.6,3,2022-10-18,4
2022-10-18 05:00:00,57.1,35,29.8,0.0,1019.5,10.4,18.6,3,2022-10-18,5
2022-10-18 06:00:00,56.1,37,30.0,0.0,1020.1,9.4,17.9,2,2022-10-18,6
2022-10-18 07:00:00,54.6,37,28.7,0.0,1021.5,10.2,16.3,3,2022-10-18,7
2022-10-18 08:00:00,54.3,38,29.5,0.0,1022.1,9.8,17.7,3,2022-10-18,8
2022-10-18 09:00:00,56.0,38,30.6,0.0,1023.6,9.6,17.2,3,2022-10-18,9
2022-10-18 10:00:00,57.7,35,30.3,0.0,1024.5,10.4,20.4,3,2022-10-18,10
2022-10-18 11:00:00,58.4,35,30.7,0.0,1024.4,10.8,20.8,3,2022-10-18,11
2022-10-18 12:00:00,59.4,33,30.2,0.0,1024.1,10.7,21.5,3,2022-10-18,12
2022-10-18 13:00:00,61.8,30,29.8,0.0,1023.4,10.8,21.7,3,2022-10-18,13
2022-10-18 14:00:00,64.4,27,30.0,0.0,1022.5,11.0,22.6,0,2022-10-18,14
2022-10-18 15:00:00,66.1,25,29.7,0.0,1021.6,11.0,23.3,0,2022-10-18,15
2022-10-18 16:00:00,66.6,24,29.1,0.0,1021.2,11.5,22.8,2,2022-10-18,16
2022-10-18 17:00:00,65.6,24,28.2,0.0,1021.3,11.0,22.8,0,2022-10-18,17
2022-10-18 18:00:00,63.9,26,28.0,0.0,1021.4,9.5,21.0,0,2022-10-18,18
2022-10-18 19:00:00,60.3,32,30.6,0.0,1022.3,5.0,16.8,0,2022-10-18,19
2022-10-18 20:00:00,58.2,36,31.0,0.0,1023.0,5.6,9.6,0,2022-10-18,20
2022-10-18 21:00:00,56.8,37,31.0,0.0,1023.8,6.8,10.7,0,2022-10-18,21
2022-10-18 22:00:00,56.5,32,27.2,0.0,1024.5,9.4,15.4,0,2022-10-18,22
2022-10-18 23:00:00,56.0,28,23.5,0.0,1025.4,9.9,17.4,0,2022-10-18,23
2022-10-19 00:00:00,53.8,34,26.1,0.0,1025.7,6.9,17.0,0,2022-10-19,0
2022-10-19 01:00:00,51.4,42,29.0,0.0,1025.8,5.5,11.4,0,2022-10-19,1
2022-10-19 02:00:00,49.9,45,29.5,0.0,1025.7,5.4,9.2,0,2022-10-19,2
2022-10-19 03:00:00,48.7,47,29.5,0.0,1025.8,5.4,8.7,0,2022-10-19,3
2022-10-19 04:00:00,47.8,48,29.3,0.0,1025.7,5.8,9.4,0,2022-10-19,4
2022-10-19 05:00:00,47.0,48,28.4,0.0,1025.6,6.3,10.3,0,2022-10-19,5
2022-10-19 06:00:00,46.2,47,27.3,0.0,1026.2,6.1,10.7,0,2022-10-19,6
2022-10-19 07:00:00,44.8,50,27.0,0.0,1026.8,5.3,10.1,0,2022-10-19,7
2022-10-19 08:00:00,44.1,53,27.9,0.0,1027.5,5.8,9.2,0,2022-10-19,8
2022-10-19 09:00:00,48.7,48,30.0,0.0,1028.2,4.7,10.5,0,2022-10-19,9
2022-10-19 10:00:00,53.0,39,28.9,0.0,1028.7,4.3,11.6,0,2022-10-19,10
2022-10-19 11:00:00,56.6,32,26.7,0.0,1028.5,3.4,11.6,0,2022-10-19,11
2022-10-19 12:00:00,59.5,27,25.8,0.0,1027.8,3.4,11.6,0,2022-10-19,12
2022-10-19 13:00:00,62.0,26,26.3,0.0,1026.8,4.6,13.2,0,2022-10-19,13
2022-10-19 14:00:00,63.8,26,27.9,0.0,1025.6,5.3,14.3,0,2022-10-19,14
2022-10-19 15:00:00,64.8,27,30.3,0.0,1024.2,5.5,14.5,0,2022-10-19,15
2022-10-19 16:00:00,65.4,28,31.2,0.0,1023.8,4.9,14.1,0,2022-10-19,16
2022-10-19 17:00:00,65.1,27,30.5,0.0,1023.4,4.3,12.5,0,2022-10-19,17
2022-10-19 18:00:00,63.5,30,31.5,0.0,1023.4,3.4,10.5,0,2022-10-19,18
2022-10-19 19:00:00,62.3,30,30.3,0.0,1023.3,1.6,6.5,0,2022-10-19,19
2022-10-19 20:00:00,60.6,33,31.1,0.0,1023.7,1.1,2.2,0,2022-10-19,20
2022-10-19 21:00:00,54.0,49,35.4,0.0,1023.7,3.9,5.1,0,2022-10-19,21
2022-10-19 22:00:00,53.8,51,36.2,0.0,1023.8,5.6,8.9,0,2022-10-19,22
2022-10-19 23:00:00,52.2,48,33.0,0.0,1023.8,5.4,9.2,0,2022-10-19,23
2022-10-20 00:00:00,51.3,49,33.0,0.0,1023.1,5.6,9.2,0,2022-10-20,0
2022-10-20 01:00:00,50.8,53,34.2,0.0,1022.3,5.5,9.2,0,2022-10-20,1
2022-10-20 02:00:00,50.5,55,34.9,0.0,1021.8,5.6,8.9,0,2022-10-20,2
2022-10-20 03:00:00,49.9,58,35.9,0.0,1021.5,4.5,8.9,0,2022-10-20,3
2022-10-20 04:00:00,49.5,62,36.9,0.0,1021.0,4.7,7.4,0,2022-10-20,4
2022-10-20 05:00:00,49.5,63,37.5,0.0,1020.4,5.0,7.8,0,2022-10-20,5
2022-10-20 06:00:00,49.7,63,37.5,0.0,1020.4,5.1,8.3,0,2022-10-20,6
2022-10-20 07:00:00,49.5,66,38.8,0.0,1020.3,4.9,8.1,0,2022-10-20,7
2022-10-20 08:00:00,49.3,68,39.3,0.0,1020.2,5.4,8.1,0,2022-10-20,8
2022-10-20 09:00:00,56.2,60,42.3,0.0,1020.5,5.6,10.7,0,2022-10-20,9
2022-10-20 10:00:00,62.6,52,45.0,0.0,1020.7,5.5,12.3,0,2022-10-20,10
2022-10-20 11:00:00,67.8,46,46.4,0.0,1020.6,6.5,15.0,0,2022-10-20,11
2022-10-20 12:00:00,72.0,42,47.8,0.0,1019.7,7.8,17.2,0,2022-10-20,12
2022-10-20 13:00:00,75.5,39,48.8,0.0,1018.7,8.9,19.2,0,2022-10-20,13
2022-10-20 14:00:00,77.7,37,49.1,0.0,1017.4,9.6,20.4,0,2022-10-20,14
2022-10-20 15:00:00,78.9,33,47.8,0.0,1016.3,9.7,20.4,0,2022-10-20,15
2022-10-20 16:00:00,78.9,32,46.1,0.0,1015.7,9.7,20.1,0,2022-10-20,16
2022-10-20 17:00:00,77.9,32,45.4,0.0,1015.1,9.6,19.5,0,2022-10-20,17
2022-10-20 18:00:00,75.1,37,47.0,0.0,1015.0,6.4,17.9,0,2022-10-20,18
2022-10-20 19:00:00,67.6,48,47.4,0.0,1014.7,6.8,10.7,0,2022-10-20,19
2022-10-20 20:00:00,68.4,45,46.0,0.0,1015.1,6.1,9.2,0,2022-10-20,20
2022-10-20 21:00:00,67.7,46,46.4,0.0,1016.0,10.2,17.2,0,2022-10-20,21
2022-10-20 22:00:00,65.9,55,49.1,0.0,1016.3,10.3,17.4,0,2022-10-20,22
2022-10-20 23:00:00,64.8,58,49.7,0.0,1016.6,10.1,17.4,0,2022-10-20,23
2022-10-21 00:00:00,64.0,61,50.3,0.0,1016.7,9.2,17.2,0,2022-10-21,0
2022-10-21 01:00:00,63.2,64,50.9,0.0,1016.4,8.9,15.7,0,2022-10-21,1
2022-10-21 02:00:00,62.6,67,51.4,0.0,1016.2,8.1,15.0,0,2022-10-21,2
2022-10-21 03:00:00,61.9,70,52.1,0.0,1016.2,7.4,13.4,0,2022-10-21,3
2022-10-21 04:00:00,61.2,74,52.9,0.0,1016.0,6.6,12.3,0,2022-10-21,4
2022-10-21 05:00:00,60.8,77,53.7,0.0,1016.2,6.3,10.7,0,2022-10-21,5
2022-10-21 06:00:00,60.5,81,54.7,0.0,1016.5,6.0,10.3,0,2022-10-21,6
2022-10-21 07:00:00,60.3,87,56.5,0.0,1016.9,6.4,10.1,0,2022-10-21,7
2022-10-21 08:00:00,60.3,89,57.1,0.0,1017.1,7.1,11.2,0,2022-10-21,8
2022-10-21 09:00:00,65.8,78,58.5,0.0,1017.7,7.2,13.2,0,2022-10-21,9
2022-10-21 10:00:00,71.1,64,58.4,0.0,1018.4,8.4,16.8,0,2022-10-21,10
2022-10-21 11:00:00,75.6,52,56.8,0.0,1018.2,10.0,20.1,0,2022-10-21,11
2022-10-21 12:00:00,78.9,42,54.0,0.0,1017.5,11.2,23.0,0,2022-10-21,12
2022-10-21 13:00:00,81.1,38,53.3,0.0,1016.7,10.4,23.0,0,2022-10-21,13
2022-10-21 14:00:00,82.7,37,53.4,0.0,1015.7,10.0,21.9,0,2022-10-21,14
2022-10-21 15:00:00,83.5,37,54.3,0.0,1014.6,9.7,21.0,0,2022-10-21,15
2022-10-21 16:00:00,83.7,37,54.9,0.0,1013.9,8.8,20.1,0,2022-10-21,16
2022-10-21 17:00:00,83.1,37,54.2,0.0,1013.4,8.3,18.1,0,2022-10-21,17
2022-10-21 18:00:00,81.2,39,54.0,0.0,1013.2,6.8,15.9,0,2022-10-21,18
2022-10-21 19:00:00,75.4,49,55.1,0.0,1014.2,12.9,21.5,1,2022-10-21,19
2022-10-21 20:00:00,73.6,54,55.8,0.0,1015.2,12.8,23.5,0,2022-10-21,20
2022-10-21 21:00:00,71.2,60,56.7,0.0,1015.8,11.2,22.6,0,2022-10-21,21
2022-10-21 22:00:00,69.7,65,57.3,0.0,1016.0,9.2,19.7,0,2022-10-21,22
2022-10-21 23:00:00,68.1,70,57.7,0.0,1016.2,8.5,16.1,0,2022-10-21,23
2022-10-22 00:00:00,67.0,73,58.2,0.0,1016.1,9.0,15.2,0,2022-10-22,0
2022-10-22 01:00:00,66.6,75,58.5,0.0,1015.5,9.0,15.7,0,2022-10-22,1
2022-10-22 02:00:00,65.8,77,58.2,0.0,1015.1,7.6,15.2,0,2022-10-22,2
2022-10-22 03:00:00,65.0,79,58.3,0.0,1014.8,6.7,13.0,0,2022-10-22,3
2022-10-22 04:00:00,64.1,83,58.7,0.0,1014.6,6.3,11.2,0,2022-10-22,4
2022-10-22 05:00:00,64.0,84,59.2,0.0,1014.3,6.5,10.5,0,2022-10-22,5
2022-10-22 06:00:00,63.9,85,59.4,0.0,1014.6,6.5,10.7,0,2022-10-22,6
2022-10-22 07:00:00,63.6,89,60.2,0.0,1014.8,6.1,10.7,0,2022-10-22,7
2022-10-22 08:00:00,64.1,87,60.1,0.0,1015.1,7.1,10.7,0,2022-10-22,8
2022-10-22 09:00:00,70.2,73,61.2,0.0,1015.7,7.8,13.4,0,2022-10-22,9
2022-10-22 10:00:00,76.1,62,62.0,0.0,1016.3,8.9,17.0,0,2022-10-22,10
2022-10-22 11:00:00,79.7,51,59.9,0.0,1016.3,13.7,25.9,0,2022-10-22,11
2022-10-22 12:00:00,82.4,43,57.5,0.0,1015.8,15.6,30.0,1,2022-10-22,12
2022-10-22 13:00:00,85.0,37,55.8,0.0,1014.8,14.1,29.8,1,2022-10-22,13
2022-10-22 14:00:00,85.5,36,55.1,0.0,1013.8,15.2,29.3,1,2022-10-22,14
2022-10-22 15:00:00,84.2,37,55.4,0.0,1012.7,15.9,30.4,2,2022-10-22,15
2022-10-22 16:00:00,84.0,34,52.6,0.0,1012.2,14.4,30.2,1,2022-10-22,16
2022-10-22 17:00:00,82.2,38,54.1,0.0,1012.2,16.5,29.5,1,2022-10-22,17
2022-10-22 18:00:00,79.0,41,53.1,0.0,1012.5,14.6,31.3,2,2022-10-22,18
2022-10-22 19:00:00,76.7,58,60.8,0.0,1012.7,11.7,26.2,1,2022-10-22,19
2022-10-22 20:00:00,75.1,66,62.8,0.0,1013.3,12.4,22.6,3,2022-10-22,20
2022-10-22 21:00:00,74.3,65,61.9,0.0,1013.5,11.8,21.9,3,2022-10-22,21
2022-10-22 22:00:00,73.5,67,61.9,0.0,1013.9,11.1,20.6,3,2022-10-22,22
2022-10-22 23:00:00,73.4,70,63.0,0.0,1013.7,11.1,20.1,3,2022-10-22,23
2022-10-23 00:00:00,72.1,73,63.0,0.0,1013.6,9.7,19.7,2,2022-10-23,0
2022-10-23 01:00:00,72.1,73,62.9,0.0,1013.0,10.3,17.9,1,2022-10-23,1
2022-10-23 02:00:00,71.7,73,62.4,0.0,1012.8,9.0,17.9,1,2022-10-23,2
2022-10-23 03:00:00,70.7,77,63.0,0.0,1012.8,8.2,15.2,2,2022-10-23,3
2022-10-23 04:00:00,70.4,76,62.4,0.0,1012.4,8.2,14.5,1,2022-10-23,4
2022-10-23 05:00:00,68.5,80,62.0,0.0,1012.6,6.2,14.1,1,2022-10-23,5
2022-10-23 06:00:00,68.9,77,61.5,0.0,1013.0,6.6,10.3,2,2022-10-23,6
2022-10-23 07:00:00,71.2,79,64.2,0.0,1013.3,9.0,13.9,3,2022-10-23,7
2022-10-23 08:00:00,71.4,82,65.5,0.0,1013.4,9.8,16.8,3,2022-10-23,8
2022-10-23 09:00:00,74.9,73,65.6,0.0,1014.2,8.1,17.7,1,2022-10-23,9
2022-10-23 10:00:00,79.0,61,64.4,0.0,1014.8,13.4,24.8,1,2022-10-23,10
2022-10-23 11:00:00,81.9,52,62.8,0.004,1014.9,15.7,29.8,51,2022-10-23,11
2022-10-23 12:00:00,83.4,46,60.6,0.0,1014.6,15.6,30.0,3,2022-10-23,12
2022-10-23 13:00:00,84.0,41,57.5,0.0,1014.0,15.8,29.8,3,2022-10-23,13
2022-10-23 14:00:00,85.2,38,56.4,0.0,1012.9,17.1,32.0,3,2022-10-23,14
2022-10-23 15:00:00,83.5,40,56.3,0.0,1012.1,15.5,32.7,3,2022-10-23,15
2022-10-23 16:00:00,83.2,41,57.3,0.0,1011.7,17.0,32.2,3,2022-10-23,16
2022-10-23 17:00:00,81.3,45,57.8,0.0,1011.8,16.3,31.3,1,2022-10-23,17
2022-10-23 18:00:00,80.1,47,57.9,0.0,1011.9,14.0,30.2,3,2022-10-23,18
2022-10-23 19:00:00,77.3,60,62.5,0.0,1012.1,9.4,25.1,3,2022-10-23,19
2022-10-23 20:00:00,75.4,70,65.1,0.0,1012.8,9.9,17.7,1,2022-10-23,20
2022-10-23 21:00:00,74.4,74,65.8,0.0,1013.2,10.0,17.4,3,2022-10-23,21
2022-10-23 22:00:00,75.5,72,65.9,0.0,1013.2,10.4,18.8,2,2022-10-23,22
2022-10-23 23:00:00,75.2,71,65.0,0.0,1013.4,11.4,19.5,2,2022-10-23,23
2022-10-24 00:00:00,74.9,75,66.5,0.0,1013.1,12.1,21.0,3,2022-10-24,0
2022-10-24 01:00:00,75.3,71,65.4,0.0,1012.3,13.2,23.0,3,2022-10-24,1
2022-10-24 02:00:00,75.6,67,64.0,0.0,1011.8,13.3,24.6,3,2022-10-24,2
2022-10-24 03:00:00,75.7,65,63.1,0.0,1011.8,12.0,23.5,3,2022-10-24,3
2022-10-24 04:00:00,75.0,66,62.9,0.0,1011.6,10.6,21.0,3,2022-10-24,4
2022-10-24 05:00:00,74.4,68,63.0,0.0,1011.7,9.2,18.6,3,2022-10-24,5
2022-10-24 06:00:00,74.2,70,63.8,0.0,1011.7,8.6,15.9,3,2022-10-24,6
2022-10-24 07:00:00,74.5,77,66.7,0.0,1011.3,9.7,16.8,3,2022-10-24,7
2022-10-24 08:00:00,74.5,81,68.2,0.008,1011.4,10.9,19.0,51,2022-10-24,8
2022-10-24 09:00:00,75.1,82,69.3,0.008,1011.6,11.0,19.2,51,2022-10-24,9
2022-10-24 10:00:00,75.7,83,70.1,0.043,1012.0,13.8,27.5,55,2022-10-24,10
2022-10-24 11:00:00,80.0,69,68.9,0.008,1011.7,15.3,26.4,51,2022-10-24,11
2022-10-24 12:00:00,81.5,63,67.9,0.012,1011.0,20.2,36.9,51,2022-10-24,12
2022-10-24 13:00:00,85.0,52,65.2,0.0,1009.9,20.4,39.4,2,2022-10-24,13
2022-10-24 14:00:00,83.3,55,65.6,0.0,1009.1,21.1,40.5,3,2022-10-24,14
2022-10-24 15:00:00,81.7,59,66.1,0.0,1007.9,20.1,38.7,3,2022-10-24,15
2022-10-24 16:00:00,81.2,60,66.0,0.0,1007.5,17.0,36.5,3,2022-10-24,16
2022-10-24 17:00:00,81.7,58,65.3,0.0,1007.2,16.0,32.0,3,2022-10-24,17
2022-10-24 18:00:00,81.0,58,65.0,0.0,1007.1,15.9,29.5,3,2022-10-24,18
2022-10-24 19:00:00,75.1,84,69.8,0.0,1007.7,10.4,28.4,3,2022-10-24,19
2022-10-24 20:00:00,76.6,79,69.7,0.004,1007.8,10.1,18.8,51,2022-10-24,20
2022-10-24 21:00:00,76.7,78,69.5,0.0,1007.8,11.8,19.9,2,2022-10-24,21
2022-10-24 22:00:00,76.1,79,69.1,0.0,1007.8,11.9,21.5,1,2022-10-24,22
2022-10-24 23:00:00,75.9,79,69.0,0.0,1008.5,11.2,20.6,1,2022-10-24,23
2022-10-25 00:00:00,75.6,83,70.2,0.0,1007.7,13.0,22.8,1,2022-10-25,0
2022-10-25 01:00:00,76.1,86,71.5,0.0,1006.8,14.4,25.7,2,2022-10-25,1
2022-10-25 02:00:00,75.7,88,71.8,0.012,1008.0,14.2,25.5,51,2022-10-25,2
2022-10-25 03:00:00,59.9,81,54.0,0.555,1010.9,16.0,41.4,65,2022-10-25,3
2022-10-25 04:00:00,60.3,81,54.4,0.134,1010.6,8.4,27.3,63,2022-10-25,4
2022-10-25 05:00:00,60.2,82,54.7,0.0,1010.6,5.2,13.6,0,2022-10-25,5
2022-10-25 06:00:00,58.4,82,53.1,0.0,1011.8,6.2,11.2,0,2022-10-25,6
2022-10-25 07:00:00,61.2,53,43.9,0.0,1013.3,15.7,14.5,0,2022-10-25,7
2022-10-25 08:00:00,58.9,55,42.7,0.0,1014.5,15.2,29.1,0,2022-10-25,8
2022-10-25 09:00:00,58.2,57,42.9,0.0,1015.7,15.2,27.7,0,2022-10-25,9
2022-10-25 10:00:00,60.3,52,42.8,0.0,1017.0,14.4,27.5,0,2022-10-25,10
2022-10-25 11:00:00,63.3,48,43.1,0.0,1017.3,14.3,27.3,0,2022-10-25,11
2022-10-25 12:00:00,66.5,42,42.8,0.0,1017.0,15.3,29.5,0,2022-10-25,12
2022-10-25 13:00:00,68.6,39,42.4,0.0,1016.2,14.3,29.8,0,2022-10-25,13
2022-10-25 14:00:00,69.7,38,42.8,0.0,1015.2,13.0,28.0,0,2022-10-25,14
2022-10-25 15:00:00,70.5,36,42.4,0.0,1014.7,12.6,25.7,0,2022-10-25,15
2022-10-25 16:00:00,71.1,33,40.6,0.0,1014.2,12.4,24.6,0,2022-10-25,16
2022-10-25 17:00:00,70.0,33,39.9,0.0,1014.2,11.4,23.7,0,2022-10-25,17
2022-10-25 18:00:00,68.0,37,40.6,0.0,1014.6,7.7,21.0,0,2022-10-25,18
2022-10-25 19:00:00,63.6,41,39.7,0.0,1014.8,5.0,13.2,0,2022-10-25,19
2022-10-25 20:00:00,61.3,46,40.6,0.0,1015.5,4.7,7.8,0,2022-10-25,20
2022-10-25 21:00:00,59.5,51,41.5,0.0,1016.1,4.6,7.6,0,2022-10-25,21
2022-10-25 22:00:00,57.1,58,42.5,0.0,1016.6,4.4,7.2,0,2022-10-25,22
2022-10-25 23:00:00,55.2,65,43.5,0.0,1017.0,5.3,6.5,0,2022-10-25,23
2022-10-26 00:00:00,54.0,69,44.0,0.0,1017.2,5.2,6.5,0,2022-10-26,0
2022-10-26 01:00:00,52.9,73,44.4,0.0,1017.1,5.3,6.7,0,2022-10-26,1
2022-10-26 02:00:00,52.3,74,44.2,0.0,1017.0,4.3,6.5,0,2022-10-26,2
2022-10-26 03:00:00,52.6,71,43.6,0.0,1017.2,4.7,6.9,0,2022-10-26,3
2022-10-26 04:00:00,53.0,67,42.3,0.0,1017.0,6.3,10.1,0,2022-10-26,4
2022-10-26 05:00:00,53.2,64,41.3,0.0,1017.0,6.7,10.7,0,2022-10-26,5
2022-10-26 06:00:00,52.8,63,40.6,0.0,1017.2,6.3,10.7,0,2022-10-26,6
2022-10-26 07:00:00,51.4,70,42.1,0.0,1018.0,5.9,10.3,0,2022-10-26,7
2022-10-26 08:00:00,51.0,71,42.1,0.0,1018.5,6.1,9.8,0,2022-10-26,8
2022-10-26 09:00:00,56.7,61,43.5,0.0,1019.3,5.4,10.7,0,2022-10-26,9
2022-10-26 10:00:00,62.3,50,43.4,0.0,1020.2,3.5,9.8,0,2022-10-26,10
2022-10-26 11:00:00,67.0,38,40.5,0.0,1020.2,5.1,12.3,0,2022-10-26,11
2022-10-26 12:00:00,69.6,31,38.0,0.0,1019.8,5.8,14.5,0,2022-10-26,12
2022-10-26 13:00:00,71.2,30,38.1,0.0,1018.8,4.3,14.3,0,2022-10-26,13
2022-10-26 14:00:00,72.3,29,38.5,0.0,1017.5,2.5,12.1,0,2022-10-26,14
2022-10-26 15:00:00,73.0,29,38.9,0.0,1016.3,1.3,9.8,0,2022-10-26,15
2022-10-26 16:00:00,73.1,29,39.3,0.0,1015.7,0.8,8.1,0,2022-10-26,16
2022-10-26 17:00:00,72.5,30,39.5,0.0,1015.3,1.1,6.5,0,2022-10-26,17
2022-10-26 18:00:00,69.0,58,53.7,0.0,1015.3,2.5,4.9,0,2022-10-26,18
2022-10-26 19:00:00,68.2,37,40.9,0.0,1015.1,2.0,3.8,0,2022-10-26,19
2022-10-26 20:00:00,60.5,55,44.5,0.0,1015.6,4.8,5.1,0,2022-10-26,20
2022-10-26 21:00:00,57.6,62,44.7,0.0,1016.1,5.5,6.5,0,2022-10-26,21
2022-10-26 22:00:00,58.1,61,44.8,0.0,1016.4,4.5,6.5,0,2022-10-26,22
2022-10-26 23:00:00,55.8,69,46.0,0.0,1016.7,4.6,5.1,0,2022-10-26,23
2022-10-27 00:00:00,55.6,70,46.1,0.0,1016.7,4.5,6.0,0,2022-10-27,0
2022-10-27 01:00:00,57.5,63,45.0,0.0,1016.3,2.7,4.9,0,2022-10-27,1
2022-10-27 02:00:00,56.0,65,44.5,0.0,1016.1,1.3,3.1,0,2022-10-27,2
2022-10-27 03:00:00,51.6,80,45.7,0.0,1016.1,1.6,1.8,0,2022-10-27,3
2022-10-27 04:00:00,50.5,86,46.4,0.0,1015.8,2.3,3.6,0,2022-10-27,4
2022-10-27 05:00:00,49.8,88,46.5,0.0,1015.7,3.4,4.7,0,2022-10-27,5
2022-10-27 06:00:00,50.4,86,46.4,0.0,1015.9,3.8,5.6,0,2022-10-27,6
2022-10-27 07:00:00,50.5,82,45.0,0.0,1016.2,5.1,7.2,0,2022-10-27,7
2022-10-27 08:00:00,50.5,76,43.3,0.0,1016.4,6.3,9.8,0,2022-10-27,8
2022-10-27 09:00:00,56.1,65,44.6,0.0,1016.9,6.8,12.3,0,2022-10-27,9
2022-10-27 10:00:00,62.4,55,46.1,0.0,1017.3,5.3,12.1,0,2022-10-27,10
2022-10-27 11:00:00,67.9,46,46.5,0.0,1017.3,6.5,14.8,0,2022-10-27,11
2022-10-27 12:00:00,71.7,39,45.2,0.0,1016.9,7.4,17.0,0,2022-10-27,12
2022-10-27 13:00:00,73.9,38,46.6,0.0,1015.8,7.4,17.2,0,2022-10-27,13
2022-10-27 14:00:00,75.3,37,47.5,0.0,1015.0,7.1,17.0,0,2022-10-27,14
2022-10-27 15:00:00,75.7,38,48.5,0.0,1014.4,7.6,17.0,0,2022-10-27,15
2022-10-27 16:00:00,75.2,39,48.5,0.0,1013.9,8.1,17.2,0,2022-10-27,16
2022-10-27 17:00:00,73.6,42,48.9,0.0,1013.9,9.1,17.4,0,2022-10-27,17
2022-10-27 18:00:00,70.4,49,50.1,0.0,1014.1,7.9,17.7,0,2022-10-27,18
2022-10-27 19:00:00,67.4,56,51.1,0.0,1014.1,6.5,13.9,0,2022-10-27,19
2022-10-27 20:00:00,66.2,63,53.1,0.0,1014.5,6.2,11.0,2,2022-10-27,20
2022-10-27 21:00:00,66.9,66,55.0,0.0,1014.8,7.6,13.4,1,2022-10-27,21
2022-10-27 22:00:00,65.3,71,55.7,0.016,1015.1,6.4,12.8,51,2022-10-27,22
2022-10-27 23:00:00,64.7,78,57.6,0.02,1015.6,5.6,10.3,53,2022-10-27,23
2022-10-28 00:00:00,64.1,80,57.7,0.154,1016.4,2.4,9.2,63,2022-10-28,0
2022-10-28 01:00:00,62.2,90,59.2,0.248,1015.8,9.6,16.3,63,2022-10-28,1
2022-10-28 02:00:00,61.9,92,59.5,0.24,1014.9,9.6,18.6,63,2022-10-28,2
2022-10-28 03:00:00,62.4,93,60.3,0.0,1014.1,10.1,16.3,3,2022-10-28,3
2022-10-28 04:00:00,62.6,93,60.6,0.0,1013.4,11.3,18.8,1,2022-10-28,4
2022-10-28 05:00:00,62.3,94,60.5,0.0,1012.8,11.0,19.7,3,2022-10-28,5
2022-10-28 06:00:00,63.4,94,61.5,0.051,1013.1,10.0,18.6,61,2022-10-28,6
2022-10-28 07:00:00,63.0,94,61.1,0.02,1014.1,11.2,18.8,53,2022-10-28,7
2022-10-28 08:00:00,63.6,94,62.0,0.028,1013.9,10.4,19.0,53,2022-10-28,8
2022-10-28 09:00:00,65.4,92,63.0,0.0,1014.2,12.9,22.1,1,2022-10-28,9
2022-10-28 10:00:00,67.9,86,63.5,0.004,1015.2,14.4,26.6,51,2022-10-28,10
2022-10-28 11:00:00,68.9,85,64.3,0.094,1015.2,14.2,26.6,61,2022-10-28,11
2022-10-28 12:00:00,69.4,88,65.8,0.039,1014.4,13.7,25.7,55,2022-10-28,12
2022-10-28 13:00:00,68.1,96,67.0,0.177,1014.7,11.2,23.9,63,2022-10-28,13
2022-10-28 14:00:00,69.9,92,67.4,0.067,1012.9,14.9,32.0,61,2022-10-28,14
2022-10-28 15:00:00,69.4,95,67.9,0.264,1012.8,13.6,29.3,63,2022-10-28,15
2022-10-28 16:00:00,71.2,89,67.7,0.004,1011.6,16.0,28.2,51,2022-10-28,16
2022-10-28 17:00:00,70.6,89,67.4,0.004,1011.6,14.8,29.1,51,2022-10-28,17
2022-10-28 18:00:00,70.2,93,68.0,0.035,1012.0,11.7,27.1,53,2022-10-28,18
2022-10-28 19:00:00,67.0,98,66.5,0.039,1014.4,4.6,19.7,55,2022-10-28,19
2022-10-28 20:00:00,64.7,98,64.0,0.028,1014.7,9.6,15.9,53,2022-10-28,20
2022-10-28 21:00:00,62.3,95,60.8,0.012,1015.7,12.4,23.3,51,2022-10-28,21
2022-10-28 22:00:00,61.4,95,60.1,0.004,1016.1,9.9,21.0,51,2022-10-28,22
2022-10-28 23:00:00,60.5,95,59.1,0.0,1015.8,11.3,20.6,3,2022-10-28,23
2022-10-29 00:00:00,59.9,96,58.6,0.0,1015.6,9.0,19.2,3,2022-10-29,0
2022-10-29 01:00:00,59.4,96,58.1,0.0,1015.2,10.0,17.2,3,2022-10-29,1
2022-10-29 02:00:00,57.9,96,56.7,0.0,1014.8,11.2,19.9,3,2022-10-29,2
2022-10-29 03:00:00,57.7,95,56.2,0.0,1014.9,10.4,19.5,3,2022-10-29,3
2022-10-29 04:00:00,57.3,94,55.6,0.0,1014.9,11.2,19.7,3,2022-10-29,4
2022-10-29 05:00:00,57.9,91,55.2,0.0,1015.0,11.4,21.3,3,2022-10-29,5
2022-10-29 06:00:00,58.1,89,54.8,0.0,1015.4,11.3,19.9,3,2022-10-29,6
2022-10-29 07:00:00,58.7,89,55.4,0.0,1015.9,7.2,20.4,3,2022-10-29,7
2022-10-29 08:00:00,57.7,92,55.3,0.0,1016.1,6.6,12.8,3,2022-10-29,8
2022-10-29 09:00:00,59.7,82,54.2,0.0,1017.0,11.1,19.9,3,2022-10-29,9
2022-10-29 10:00:00,60.5,77,53.3,0.0,1017.5,12.4,23.5,3,2022-10-29,10
2022-10-29 11:00:00,61.7,73,52.9,0.0,1017.6,11.6,23.3,3,2022-10-29,11
2022-10-29 12:00:00,64.7,66,53.0,0.0,1017.2,9.7,21.7,3,2022-10-29,12
2022-10-29 13:00:00,65.5,66,53.8,0.0,1016.7,10.5,19.9,3,2022-10-29,13
2022-10-29 14:00:00,66.2,65,54.0,0.004,1015.8,11.6,21.9,51,2022-10-29,14
2022-10-29 15:00:00,66.4,66,54.9,0.0,1015.1,11.7,22.1,3,2022-10-29,15
2022-10-29 16:00:00,67.1,65,54.9,0.0,1014.9,11.1,21.7,3,2022-10-29,16
2022-10-29 17:00:00,66.7,67,55.2,0.0,1014.8,9.3,20.4,3,2022-10-29,17
2022-10-29 18:00:00,66.2,67,55.0,0.0,1014.9,7.9,17.2,3,2022-10-29,18
2022-10-29 19:00:00,63.9,73,55.2,0.0,1016.2,6.5,14.1,3,2022-10-29,19
2022-10-29 20:00:00,63.2,75,55.0,0.0,1016.5,6.1,11.4,3,2022-10-29,20
2022-10-29 21:00:00,62.6,76,55.0,0.0,1016.7,5.4,10.5,0,2022-10-29,21
2022-10-29 22:00:00,58.9,86,54.9,0.0,1016.8,4.1,9.2,1,2022-10-29,22
2022-10-29 23:00:00,58.6,87,54.8,0.0,1016.9,4.7,7.4,3,2022-10-29,23
2022-10-30 00:00:00,59.5,84,54.9,0.0,1016.8,5.4,8.7,3,2022-10-30,0
2022-10-30 01:00:00,60.5,82,55.0,0.0,1016.2,5.1,9.4,3,2022-10-30,1
2022-10-30 02:00:00,60.1,84,55.2,0.0,1015.7,4.1,8.5,0,2022-10-30,2
2022-10-30 03:00:00,57.4,91,54.9,0.0,1015.6,5.0,8.1,0,2022-10-30,3
2022-10-30 04:00:00,56.3,93,54.3,0.0,1015.5,4.9,8.5,0,2022-10-30,4
2022-10-30 05:00:00,55.6,94,53.8,0.0,1015.5,4.9,8.1,0,2022-10-30,5
2022-10-30 06:00:00,55.0,94,53.3,0.0,1015.7,4.9,8.3,0,2022-10-30,6
2022-10-30 07:00:00,55.1,95,53.8,0.0,1016.4,4.7,8.3,0,2022-10-30,7
2022-10-30 08:00:00,54.8,96,53.6,0.0,1016.8,4.5,7.4,0,2022-10-30,8
2022-10-30 09:00:00,59.1,88,55.5,0.0,1017.4,4.5,9.6,0,2022-10-30,9
2022-10-30 10:00:00,63.5,78,56.6,0.0,1017.7,4.9,11.4,0,2022-10-30,10
2022-10-30 11:00:00,67.1,69,56.6,0.0,1017.5,5.9,13.4,0,2022-10-30,11
2022-10-30 12:00:00,69.7,62,55.9,0.0,1017.1,6.9,15.4,0,2022-10-30,12
2022-10-30 13:00:00,71.8,56,55.0,0.0,1016.0,8.5,17.9,1,2022-10-30,13
2022-10-30 14:00:00,72.9,52,54.2,0.0,1014.9,9.1,18.6,1,2022-10-30,14
2022-10-30 15:00:00,73.1,50,53.2,0.0,1014.0,9.6,18.8,3,2022-10-30,15
2022-10-30 16:00:00,71.9,54,54.2,0.0,1013.8,9.1,19.0,2,2022-10-30,16
2022-10-30 17:00:00,71.8,55,54.6,0.0,1013.8,7.3,16.8,3,2022-10-30,17
2022-10-30 18:00:00,69.3,64,56.8,0.0,1013.9,3.5,13.0,3,2022-10-30,18
2022-10-30 19:00:00,66.5,72,57.3,0.0,1014.1,4.0,6.3,3,2022-10-30,19
2022-10-30 20:00:00,66.7,69,56.2,0.0,1014.6,4.5,6.7,1,2022-10-30,20
2022-10-30 21:00:00,64.3,74,55.7,0.0,1015.0,4.6,7.2,3,2022-10-30,21
2022-10-30 22:00:00,61.8,81,55.9,0.0,1015.4,4.0,7.2,3,2022-10-30,22
2022-10-30 23:00:00,60.2,87,56.2,0.0,1015.8,4.7,6.0,3,2022-10-30,23
2022-10-31 00:00:00,58.9,90,55.9,0.0,1015.8,5.0,6.3,3,2022-10-31,0
2022-10-31 01:00:00,57.7,91,55.0,0.0,1015.5,5.4,6.7,3,2022-10-31,1
2022-10-31 02:00:00,57.0,91,54.4,0.0,1015.5,4.9,6.3,1,2022-10-31,2
2022-10-31 03:00:00,56.1,92,53.9,0.0,1015.0,4.7,5.6,1,2022-10-31,3
2022-10-31 04:00:00,55.4,93,53.4,0.0,1015.1,4.6,5.4,0,2022-10-31,4
2022-10-31 05:00:00,56.5,91,53.9,0.0,1015.3,3.1,5.1,3,2022-10-31,5
2022-10-31 06:00:00,56.8,90,54.0,0.0,1015.8,2.8,3.6,3,2022-10-31,6
2022-10-31 07:00:00,54.0,93,52.0,0.0,1016.2,3.6,4.3,3,2022-10-31,7
2022-10-31 08:00:00,53.5,95,52.0,0.0,1016.8,3.1,5.4,3,2022-10-31,8
2022-10-31 09:00:00,59.4,84,54.7,0.0,1017.5,3.2,6.7,3,2022-10-31,9
2022-10-31 10:00:00,65.6,75,57.3,0.0,1018.2,1.4,6.9,3,2022-10-31,10
2022-10-31 11:00:00,69.9,64,57.1,0.0,1018.5,2.0,7.4,3,2022-10-31,11
2022-10-31 12:00:00,72.7,56,56.3,0.0,1018.1,1.0,7.8,3,2022-10-31,12
2022-10-31 13:00:00,74.2,53,55.8,0.0,1017.5,0.3,6.7,3,2022-10-31,13
2022-10-31 14:00:00,75.2,50,55.0,0.0,1016.5,0.7,6.5,3,2022-10-31,14
2022-10-31 15:00:00,75.7,48,54.7,0.0,1015.9,1.1,6.9,3,2022-10-31,15
2022-10-31 16:00:00,75.7,48,54.4,0.0,1015.6,2.2,6.9,2,2022-10-31,16
2022-10-31 17:00:00,74.7,51,55.1,0.0,1015.5,3.7,7.4,2,2022-10-31,17
2022-10-31 18:00:00,71.2,63,57.9,0.0,1015.7,3.4,7.4,1,2022-10-31,18
2022-10-31 19:00:00,68.3,66,56.4,0.0,1016.2,5.5,7.2,1,2022-10-31,19
2022-10-31 20:00:00,66.3,69,55.8,0.0,1016.7,5.1,9.8,1,2022-10-31,20
2022-10-31 21:00:00,63.9,76,56.2,0.0,1017.1,3.8,8.5,1,2022-10-31,21
2022-10-31 22:00:00,62.4,82,56.8,0.0,1018.1,4.3,6.3,2,2022-10-31,22
2022-10-31 23:00:00,62.1,84,57.0,0.004,1018.7,3.5,4.7,51,2022-10-31,23
2022-11-01 00:00:00,60.7,90,57.7,0.0,1018.1,4.4,5.6,1,2022-11-01,0
2022-11-01 01:00:00,60.2,92,57.9,0.0,1017.8,4.7,6.0,1,2022-11-01,1
2022-11-01 02:00:00,63.0,86,58.8,0.0,1018.4,2.0,6.5,0,2022-11-01,2
2022-11-01 03:00:00,61.5,89,58.4,0.0,1018.6,0.3,3.1,1,2022-11-01,3
2022-11-01 04:00:00,58.8,95,57.3,0.0,1019.0,2.0,3.4,1,2022-11-01,4
2022-11-01 05:00:00,57.5,97,56.7,0.0,1018.9,2.9,4.9,1,2022-11-01,5
2022-11-01 06:00:00,57.4,96,56.4,0.039,1019.4,3.8,5.6,55,2022-11-01,6
2022-11-01 07:00:00,61.9,96,60.7,0.004,1019.9,2.7,7.2,51,2022-11-01,7
2022-11-01 08:00:00,61.9,96,60.6,0.11,1019.6,5.7,10.3,63,2022-11-01,8
2022-11-01 09:00:00,62.1,95,60.7,0.189,1020.1,8.3,13.2,63,2022-11-01,9
2022-11-01 10:00:00,62.5,96,61.2,0.15,1021.3,13.1,21.9,63,2022-11-01,10
2022-11-01 11:00:00,63.0,96,61.9,0.161,1021.4,8.4,24.8,63,2022-11-01,11
2022-11-01 12:00:00,64.0,97,63.1,0.079,1021.3,4.5,13.6,61,2022-11-01,12
2022-11-01 13:00:00,64.6,96,63.3,0.055,1020.9,7.4,12.8,61,2022-11-01,13
2022-11-01 14:00:00,64.8,97,64.0,0.043,1020.2,7.9,14.3,55,2022-11-01,14
2022-11-01 15:00:00,64.5,97,63.5,0.035,1020.2,5.2,13.9,53,2022-11-01,15
2022-11-01 16:00:00,64.7,94,63.0,0.028,1019.5,6.9,12.5,53,2022-11-01,16
2022-11-01 17:00:00,64.5,96,63.2,0.0,1019.8,7.1,12.3,3,2022-11-01,17
2022-11-01 18:00:00,64.1,96,63.0,0.0,1020.3,7.0,14.1,3,2022-11-01,18
2022-11-01 19:00:00,63.3,99,63.0,0.0,1021.4,6.2,11.9,1,2022-11-01,19
2022-11-01 20:00:00,62.2,99,62.0,0.008,1021.9,6.3,10.7,51,2022-11-01,20
2022-11-01 21:00:00,62.0,98,61.5,0.0,1022.2,6.5,11.6,1,2022-11-01,21
2022-11-01 22:00:00,61.1,99,60.7,0.0,1022.8,5.4,11.2,0,2022-11-01,22
2022-11-01 23:00:00,60.5,99,60.2,0.0,1023.1,5.3,9.2,0,2022-11-01,23
2022-11-02 00:00:00,60.2,98,59.7,0.0,1022.8,6.1,10.1,0,2022-11-02,0
2022-11-02 01:00:00,59.5,99,59.1,0.0,1022.2,5.9,10.5,0,2022-11-02,1
2022-11-02 02:00:00,58.6,99,58.3,0.0,1022.1,5.2,9.8,0,2022-11-02,2
2022-11-02 03:00:00,58.1,99,57.7,0.0,1021.9,5.1,8.9,0,2022-11-02,3
2022-11-02 04:00:00,57.9,98,57.5,0.0,1021.8,5.1,8.5,3,2022-11-02,4
2022-11-02 05:00:00,59.6,95,58.3,0.0,1021.8,6.2,10.5,3,2022-11-02,5
2022-11-02 06:00:00,60.0,95,58.5,0.0,1022.3,6.0,10.1,3,2022-11-02,6
2022-11-02 07:00:00,59.9,95,58.5,0.0,1022.4,6.3,9.8,3,2022-11-02,7
2022-11-02 08:00:00,59.9,97,59.1,0.039,1023.0,6.0,10.1,55,2022-11-02,8
2022-11-02 09:00:00,60.9,97,59.9,0.039,1023.5,6.4,11.0,55,2022-11-02,9
2022-11-02 10:00:00,63.2,94,61.5,0.004,1023.8,5.3,10.5,51,2022-11-02,10
2022-11-02 11:00:00,65.5,90,62.4,0.0,1023.6,6.5,13.2,1,2022-11-02,11
2022-11-02 12:00:00,70.2,79,63.4,0.0,1023.2,7.9,17.0,1,2022-11-02,12
2022-11-02 13:00:00,72.8,75,64.3,0.0,1022.6,7.8,17.0,3,2022-11-02,13
2022-11-02 14:00:00,72.9,76,65.1,0.0,1021.7,6.7,17.0,3,2022-11-02,14
2022-11-02 15:00:00,72.6,80,66.0,0.0,1021.0,6.6,14.8,3,2022-11-02,15
2022-11-02 16:00:00,72.6,81,66.3,0.0,1020.6,7.2,13.0,3,2022-11-02,16
2022-11-02 17:00:00,72.0,83,66.4,0.0,1020.5,6.9,13.6,3,2022-11-02,17
2022-11-02 18:00:00,70.8,86,66.3,0.0,1020.5,6.0,12.3,3,2022-11-02,18
2022-11-02 19:00:00,70.2,92,67.6,0.0,1020.4,4.1,10.5,3,2022-11-02,19
2022-11-02 20:00:00,70.2,94,68.4,0.012,1020.7,5.9,9.6,51,2022-11-02,20
2022-11-02 21:00:00,69.8,95,68.4,0.0,1021.0,6.7,11.0,2,2022-11-02,21
2022-11-02 22:00:00,68.7,96,67.5,0.004,1021.1,7.7,13.0,51,2022-11-02,22
2022-11-02 23:00:00,68.4,97,67.6,0.012,1021.0,7.6,13.6,51,2022-11-02,23
2022-11-03 00:00:00,68.3,98,67.6,0.008,1020.7,7.6,13.4,51,2022-11-03,0
2022-11-03 01:00:00,68.5,97,67.7,0.008,1020.1,8.2,13.6,51,2022-11-03,1
2022-11-03 02:00:00,69.4,98,68.7,0.0,1019.6,8.1,14.3,3,2022-11-03,2
2022-11-03 03:00:00,69.3,98,68.9,0.0,1019.1,6.2,13.4,2,2022-11-03,3
2022-11-03 04:00:00,68.8,98,68.3,0.004,1018.6,5.2,10.3,51,2022-11-03,4
2022-11-03 05:00:00,68.8,98,68.3,0.016,1018.5,3.2,8.7,51,2022-11-03,5
2022-11-03 06:00:00,68.8,98,68.3,0.008,1018.7,4.2,6.9,51,2022-11-03,6
2022-11-03 07:00:00,70.4,98,70.0,0.004,1018.9,5.5,6.7,51,2022-11-03,7
2022-11-03 08:00:00,70.5,98,70.1,0.016,1019.0,5.4,11.2,51,2022-11-03,8
2022-11-03 09:00:00,71.2,98,70.5,0.012,1019.8,7.6,13.2,51,2022-11-03,9
2022-11-03 10:00:00,73.0,91,70.3,0.008,1020.1,5.8,13.9,51,2022-11-03,10
2022-11-03 11:00:00,74.8,86,70.5,0.008,1020.1,4.0,11.4,51,2022-11-03,11
2022-11-03 12:00:00,77.7,78,70.4,0.008,1019.2,6.6,13.6,51,2022-11-03,12
2022-11-03 13:00:00,80.0,73,70.7,0.008,1018.0,9.0,17.7,51,2022-11-03,13
2022-11-03 14:00:00,80.1,75,71.6,0.024,1017.0,11.2,21.3,53,2022-11-03,14
2022-11-03 15:00:00,79.5,77,71.7,0.004,1016.3,12.1,22.8,51,2022-11-03,15
2022-11-03 16:00:00,79.3,76,71.2,0.004,1015.9,13.3,24.4,51,2022-11-03,16
2022-11-03 17:00:00,78.2,78,70.9,0.004,1015.5,13.6,25.1,51,2022-11-03,17
2022-11-03 18:00:00,75.9,85,71.0,0.0,1015.8,11.9,24.6,1,2022-11-03,18
2022-11-03 19:00:00,73.7,97,72.7,0.0,1016.0,10.0,20.8,1,2022-11-03,19
2022-11-03 20:00:00,72.9,96,71.6,0.004,1016.5,11.1,19.5,51,2022-11-03,20
2022-11-03 21:00:00,72.4,96,71.2,0.035,1016.6,10.1,19.7,53,2022-11-03,21
2022-11-03 22:00:00,72.0,97,71.1,0.008,1016.5,11.6,20.4,51,2022-11-03,22
2022-11-03 23:00:00,71.3,97,70.3,0.0,1016.3,10.7,19.9,3,2022-11-03,23
2022-11-04 00:00:00,71.6,97,70.7,0.0,1016.0,11.1,19.2,3,2022-11-04,0
2022-11-04 01:00:00,72.1,96,71.1,0.0,1015.4,11.2,19.7,3,2022-11-04,1
2022-11-04 02:00:00,71.9,97,71.0,0.0,1015.1,10.1,19.5,3,2022-11-04,2
2022-11-04 03:00:00,71.6,97,70.7,0.0,1014.6,9.3,17.4,3,2022-11-04,3
2022-11-04 04:00:00,71.5,97,70.5,0.0,1014.0,9.2,16.1,3,2022-11-04,4
2022-11-04 05:00:00,71.4,97,70.5,0.0,1013.8,9.4,16.1,3,2022-11-04,5
2022-11-04 06:00:00,71.7,97,70.7,0.0,1013.4,9.6,16.3,3,2022-11-04,6
2022-11-04 07:00:00,72.9,98,72.4,0.0,1013.3,11.0,16.8,1,2022-11-04,7
2022-11-04 08:00:00,73.4,96,72.2,0.0,1013.3,11.4,19.9,3,2022-11-04,8
2022-11-04 09:00:00,74.7,92,72.2,0.0,1013.8,11.6,19.9,3,2022-11-04,9
2022-11-04 10:00:00,76.2,88,72.4,0.008,1014.0,15.7,28.2,51,2022-11-04,10
2022-11-04 11:00:00,78.2,85,73.4,0.008,1013.8,12.8,30.4,51,2022-11-04,11
2022-11-04 12:00:00,79.6,83,74.0,0.012,1013.1,14.3,33.1,51,2022-11-04,12
2022-11-04 13:00:00,80.3,76,72.2,0.012,1012.0,16.9,36.5,51,2022-11-04,13
2022-11-04 14:00:00,82.4,74,73.1,0.008,1010.3,17.8,33.3,51,2022-11-04,14
2022-11-04 15:00:00,80.8,80,74.0,0.004,1009.2,16.5,33.8,51,2022-11-04,15
2022-11-04 16:00:00,82.2,73,72.7,0.004,1008.1,18.5,34.4,51,2022-11-04,16
2022-11-04 17:00:00,81.6,74,72.6,0.004,1007.6,17.6,33.8,51,2022-11-04,17
2022-11-04 18:00:00,80.1,79,72.8,0.0,1007.7,16.9,32.9,1,2022-11-04,18
2022-11-04 19:00:00,71.3,99,71.2,0.02,1009.3,12.7,32.2,53,2022-11-04,19
2022-11-04 20:00:00,70.3,99,70.1,0.567,1010.3,4.8,24.4,65,2022-11-04,20
2022-11-04 21:00:00,71.1,97,70.2,0.524,1010.6,2.9,13.9,65,2022-11-04,21
2022-11-04 22:00:00,70.5,98,70.0,0.476,1011.1,3.4,13.6,65,2022-11-04,22
2022-11-04 23:00:00,70.2,98,69.7,0.307,1010.6,4.1,16.8,65,2022-11-04,23
2022-11-05 00:00:00,69.3,100,69.3,0.079,1011.4,7.7,13.0,61,2022-11-05,0
2022-11-05 01:00:00,67.2,91,64.5,0.118,1011.9,18.9,31.5,63,2022-11-05,1
2022-11-05 02:00:00,62.0,85,57.6,0.091,1012.8,9.4,33.1,61,2022-11-05,2
2022-11-05 03:00:00,60.3,86,56.0,0.016,1012.8,8.9,15.2,51,2022-11-05,3
2022-11-05 04:00:00,59.5,83,54.4,0.0,1013.3,6.3,15.0,3,2022-11-05,4
2022-11-05 05:00:00,59.0,82,53.4,0.0,1013.2,3.5,9.8,3,2022-11-05,5
2022-11-05 06:00:00,60.2,77,53.0,0.0,1013.2,5.2,9.2,3,2022-11-05,6
2022-11-05 07:00:00,58.5,84,53.6,0.0,1013.3,5.6,9.4,2,2022-11-05,7
2022-11-05 08:00:00,56.3,92,54.0,0.0,1014.3,2.6,9.4,3,2022-11-05,8
2022-11-05 09:00:00,60.0,83,55.0,0.0,1015.7,3.7,7.8,1,2022-11-05,9
2022-11-05 10:00:00,62.9,74,54.4,0.0,1016.4,5.3,11.9,1,2022-11-05,10
2022-11-05 11:00:00,65.1,64,52.5,0.0,1016.4,5.3,13.2,3,2022-11-05,11
2022-11-05 12:00:00,66.5,59,51.8,0.0,1015.9,4.4,12.8,3,2022-11-05,12
2022-11-05 13:00:00,67.6,56,51.6,0.0,1015.0,3.7,11.6,1,2022-11-05,13
2022-11-05 14:00:00,69.6,53,51.6,0.0,1013.7,2.6,10.7,0,2022-11-05,14
2022-11-05 15:00:00,70.9,50,51.2,0.0,1013.0,1.8,9.4,0,2022-11-05,15
2022-11-05 16:00:00,70.9,51,51.9,0.0,1012.6,3.5,9.2,0,2022-11-05,16
2022-11-05 17:00:00,70.1,54,52.6,0.0,1012.1,3.5,9.2,0,2022-11-05,17
2022-11-05 18:00:00,67.0,69,56.7,0.0,1011.9,2.5,7.8,0,2022-11-05,18
2022-11-05 19:00:00,64.1,74,55.8,0.0,1012.0,4.1,6.0,0,2022-11-05,19
2022-11-05 20:00:00,63.6,77,56.1,0.0,1012.7,6.3,10.1,0,2022-11-05,20
2022-11-05 21:00:00,62.4,75,54.5,0.0,1013.0,5.9,11.0,0,2022-11-05,21
2022-11-05 22:00:00,61.5,75,53.5,0.0,1013.1,6.4,10.3,0,2022-11-05,22
2022-11-05 23:00:00,60.8,80,54.7,0.0,1013.2,6.1,10.7,0,2022-11-05,23
2022-11-06 00:00:00,60.3,87,56.5,0.0,1013.1,5.3,10.1,0,2022-11-06,0
2022-11-06 01:00:00,59.9,91,57.3,0.0,1012.8,4.2,8.9,0,2022-11-06,1
2022-11-06 02:00:00,59.9,91,57.4,0.0,1012.6,5.2,6.7,0,2022-11-06,2
2022-11-06 03:00:00,62.7,87,58.6,0.0,1012.4,2.7,5.6,0,2022-11-06,3
2022-11-06 04:00:00,63.6,86,59.4,0.0,1012.1,2.0,2.9,0,2022-11-06,4
2022-11-06 05:00:00,63.9,87,59.8,0.0,1012.1,1.1,2.2,0,2022-11-06,5
2022-11-06 06:00:00,63.6,88,60.1,0.0,1012.1,1.4,1.6,1,2022-11-06,6
2022-11-06 07:00:00,64.8,93,62.7,0.004,1012.3,3.0,3.6,51,2022-11-06,7
2022-11-06 08:00:00,65.7,95,64.2,0.0,1012.9,3.0,5.1,3,2022-11-06,8
2022-11-06 09:00:00,70.0,93,67.9,0.0,1013.8,5.2,8.9,2,2022-11-06,9
2022-11-06 10:00:00,74.4,85,69.7,0.0,1014.2,9.4,17.7,1,2022-11-06,10
2022-11-06 11:00:00,76.7,79,69.9,0.012,1014.9,8.9,20.6,51,2022-11-06,11
2022-11-06 12:00:00,75.9,83,70.2,0.008,1014.8,7.2,18.1,51,2022-11-06,12
2022-11-06 13:00:00,78.4,79,71.4,0.0,1014.3,5.6,17.2,3,2022-11-06,13
2022-11-06 14:00:00,77.3,81,71.1,0.012,1013.8,4.1,16.1,51,2022-11-06,14
2022-11-06 15:00:00,78.9,79,71.9,0.004,1013.1,2.9,10.3,51,2022-11-06,15
2022-11-06 16:00:00,77.5,80,71.1,0.024,1013.4,9.9,17.9,53,2022-11-06,16
2022-11-06 17:00:00,76.1,85,71.4,0.016,1013.3,4.2,18.8,51,2022-11-06,17
2022-11-06 18:00:00,75.5,90,72.2,0.0,1013.6,4.3,9.2,1,2022-11-06,18
2022-11-06 19:00:00,73.4,96,72.3,0.0,1014.2,3.6,7.6,0,2022-11-06,19
2022-11-06 20:00:00,73.0,98,72.5,0.004,1014.6,4.3,7.2,51,2022-11-06,20
2022-11-06 21:00:00,73.1,98,72.6,0.0,1015.6,4.7,7.6,1,2022-11-06,21
2022-11-06 22:00:00,73.0,99,72.7,0.0,1016.1,4.9,8.5,1,2022-11-06,22
2022-11-06 23:00:00,72.8,98,72.2,0.012,1016.9,5.4,9.4,51,2022-11-06,23
2022-11-07 00:00:00,72.8,98,72.1,0.008,1017.2,4.5,8.9,51,2022-11-07,0
2022-11-07 01:00:00,72.1,98,71.6,0.0,1017.6,4.5,7.4,1,2022-11-07,1
2022-11-07 02:00:00,72.0,99,71.7,0.0,1017.6,5.2,8.7,0,2022-11-07,2
2022-11-07 03:00:00,71.2,99,71.0,0.0,1017.7,3.6,8.3,1,2022-11-07,3
2022-11-07 04:00:00,71.1,99,70.9,0.0,1017.5,4.4,6.9,1,2022-11-07,4
2022-11-07 05:00:00,70.9,100,70.8,0.0,1017.8,4.3,7.8,3,2022-11-07,5
2022-11-07 06:00:00,70.9,100,70.8,0.0,1018.5,4.0,6.7,3,2022-11-07,6
2022-11-07 07:00:00,71.7,100,71.6,0.0,1019.7,3.1,8.3,3,2022-11-07,7
2022-11-07 08:00:00,72.9,99,72.7,0.0,1020.2,5.6,8.5,3,2022-11-07,8
2022-11-07 09:00:00,73.8,98,73.2,0.0,1020.9,5.6,10.1,3,2022-11-07,9
2022-11-07 10:00:00,74.3,97,73.4,0.004,1021.6,6.6,12.5,51,2022-11-07,10
2022-11-07 11:00:00,77.1,87,72.9,0.008,1021.8,5.9,13.9,51,2022-11-07,11
2022-11-07 12:00:00,79.7,79,72.5,0.004,1021.5,6.2,15.0,51,2022-11-07,12
2022-11-07 13:00:00,81.5,75,72.9,0.004,1021.0,5.3,15.0,51,2022-11-07,13
2022-11-07 14:00:00,82.5,72,72.4,0.004,1020.0,6.5,15.0,51,2022-11-07,14
2022-11-07 15:00:00,83.0,69,71.8,0.0,1019.1,6.2,14.8,0,2022-11-07,15
2022-11-07 16:00:00,82.6,69,71.2,0.0,1018.9,6.5,13.9,0,2022-11-07,16
2022-11-07 17:00:00,81.3,71,71.0,0.0,1018.8,6.8,13.6,0,2022-11-07,17
2022-11-07 18:00:00,78.9,78,71.3,0.0,1019.4,6.0,13.0,0,2022-11-07,18
2022-11-07 19:00:00,75.8,87,71.8,0.0,1020.2,5.6,10.3,0,2022-11-07,19
2022-11-07 20:00:00,73.9,89,70.4,0.0,1021.3,6.8,11.4,0,2022-11-07,20
2022-11-07 21:00:00,72.3,88,68.6,0.0,1021.8,6.2,11.4,0,2022-11-07,21
2022-11-07 22:00:00,70.7,90,67.7,0.0,1022.0,3.8,10.1,0,2022-11-07,22
2022-11-07 23:00:00,69.1,93,66.8,0.0,1022.4,4.3,6.0,0,2022-11-07,23
2022-11-08 00:00:00,68.3,93,66.3,0.0,1022.3,4.9,5.8,0,2022-11-08,0
2022-11-08 01:00:00,68.3,93,66.3,0.0,1022.0,3.8,5.8,0,2022-11-08,1
2022-11-08 02:00:00,69.0,93,66.7,0.0,1021.7,4.9,7.6,0,2022-11-08,2
2022-11-08 03:00:00,69.4,92,67.0,0.0,1021.1,6.5,10.5,0,2022-11-08,3
2022-11-08 04:00:00,69.3,93,67.1,0.0,1020.6,6.8,11.2,0,2022-11-08,4
2022-11-08 05:00:00,68.9,94,67.1,0.0,1020.7,6.3,11.2,0,2022-11-08,5
2022-11-08 06:00:00,68.5,95,67.1,0.0,1021.2,5.6,10.3,0,2022-11-08,6
2022-11-08 07:00:00,68.1,98,67.5,0.0,1022.3,4.9,9.2,0,2022-11-08,7
2022-11-08 08:00:00,68.2,98,67.6,0.0,1022.7,4.8,7.8,0,2022-11-08,8
2022-11-08 09:00:00,71.4,92,69.1,0.0,1023.4,5.8,11.0,0,2022-11-08,9
2022-11-08 10:00:00,74.9,85,70.1,0.0,1023.8,8.1,15.2,1,2022-11-08,10
2022-11-08 11:00:00,78.0,78,70.6,0.0,1024.0,7.5,17.9,0,2022-11-08,11
2022-11-08 12:00:00,80.4,73,70.8,0.0,1023.4,7.1,15.7,0,2022-11-08,12
2022-11-08 13:00:00,81.9,67,69.9,0.0,1022.9,8.9,19.2,0,2022-11-08,13
2022-11-08 14:00:00,82.5,60,67.3,0.0,1021.9,9.7,19.7,0,2022-11-08,14
2022-11-08 15:00:00,82.5,55,64.8,0.0,1021.2,9.9,19.2,0,2022-11-08,15
2022-11-08 16:00:00,81.5,56,64.2,0.0,1021.0,10.0,19.5,0,2022-11-08,16
2022-11-08 17:00:00,79.7,62,65.8,0.0,1021.1,9.3,18.8,0,2022-11-08,17
2022-11-08 18:00:00,76.8,71,66.7,0.0,1021.4,6.3,16.8,0,2022-11-08,18
2022-11-08 19:00:00,75.2,78,68.0,0.0,1021.8,6.0,11.0,0,2022-11-08,19
2022-11-08 20:00:00,73.6,82,67.6,0.0,1022.2,5.6,10.3,2,2022-11-08,20
2022-11-08 21:00:00,71.8,85,67.2,0.0,1022.5,4.6,9.4,0,2022-11-08,21
2022-11-08 22:00:00,70.5,88,66.9,0.0,1022.6,4.8,7.6,1,2022-11-08,22
2022-11-08 23:00:00,69.7,91,66.9,0.0,1022.5,4.7,7.8,0,2022-11-08,23
2022-11-09 00:00:00,69.0,93,66.7,0.0,1022.3,4.2,7.6,0,2022-11-09,0
2022-11-09 01:00:00,68.8,94,67.0,0.0,1021.9,4.6,7.2,2,2022-11-09,1
2022-11-09 02:00:00,68.7,95,67.1,0.0,1021.7,4.4,7.4,0,2022-11-09,2
2022-11-09 03:00:00,68.4,95,67.0,0.0,1021.3,4.3,7.2,0,2022-11-09,3
2022-11-09 04:00:00,66.4,97,65.4,0.0,1020.9,5.5,6.5,0,2022-11-09,4
2022-11-09 05:00:00,65.6,97,64.8,0.0,1020.8,5.7,6.7,0,2022-11-09,5
2022-11-09 06:00:00,65.8,98,65.0,0.0,1020.8,4.5,6.7,2,2022-11-09,6
2022-11-09 07:00:00,66.0,98,65.3,0.0,1021.2,3.8,6.5,3,2022-11-09,7
2022-11-09 08:00:00,66.2,97,65.4,0.0,1021.5,3.8,6.0,3,2022-11-09,8
2022-11-09 09:00:00,70.2,91,67.6,0.0,1022.0,4.3,8.5,3,2022-11-09,9
2022-11-09 10:00:00,74.1,84,68.8,0.0,1022.4,4.0,9.6,3,2022-11-09,10
2022-11-09 11:00:00,77.3,75,68.6,0.0,1022.3,5.6,12.5,3,2022-11-09,11
2022-11-09 12:00:00,79.5,68,68.0,0.0,1021.8,6.6,13.9,3,2022-11-09,12
2022-11-09 13:00:00,81.0,63,67.1,0.0,1020.9,8.4,17.0,1,2022-11-09,13
2022-11-09 14:00:00,82.0,59,66.4,0.0,1019.7,8.2,17.7,0,2022-11-09,14
2022-11-09 15:00:00,81.8,59,65.8,0.0,1018.6,9.4,18.3,1,2022-11-09,15
2022-11-09 16:00:00,80.8,61,66.2,0.0,1018.0,8.7,18.3,0,2022-11-09,16
2022-11-09 17:00:00,79.8,63,66.1,0.0,1017.8,8.1,17.0,0,2022-11-09,17
2022-11-09 18:00:00,76.8,70,66.4,0.0,1017.7,5.9,14.8,0,2022-11-09,18
2022-11-09 19:00:00,74.3,75,65.8,0.0,1017.8,6.5,10.1,0,2022-11-09,19
2022-11-09 20:00:00,72.3,79,65.6,0.0,1017.9,5.5,10.7,3,2022-11-09,20
2022-11-09 21:00:00,71.1,86,66.6,0.0,1018.1,5.4,9.2,2,2022-11-09,21
2022-11-09 22:00:00,70.2,90,67.3,0.0,1018.1,5.5,9.2,1,2022-11-09,22
2022-11-09 23:00:00,69.5,94,67.7,0.0,1018.1,5.9,9.6,0,2022-11-09,23
2022-11-10 00:00:00,69.4,95,68.1,0.0,1017.6,6.4,10.3,0,2022-11-10,0
2022-11-10 01:00:00,69.3,95,67.9,0.0,1016.9,6.3,10.7,0,2022-11-10,1
2022-11-10 02:00:00,68.6,95,67.2,0.0,1016.1,5.8,10.7,0,2022-11-10,2
2022-11-10 03:00:00,67.7,95,66.4,0.0,1015.6,4.8,9.6,2,2022-11-10,3
2022-11-10 04:00:00,66.2,97,65.2,0.0,1015.2,3.8,7.8,1,2022-11-10,4
2022-11-10 05:00:00,65.1,98,64.4,0.0,1014.9,4.6,6.5,1,2022-11-10,5
2022-11-10 06:00:00,66.0,97,65.1,0.0,1014.6,4.3,6.7,0,2022-11-10,6
2022-11-10 07:00:00,64.8,98,64.2,0.0,1014.8,4.6,6.7,0,2022-11-10,7
2022-11-10 08:00:00,65.8,98,65.1,0.0,1015.0,3.6,5.6,2,2022-11-10,8
2022-11-10 09:00:00,69.3,93,67.3,0.0,1015.4,4.5,8.3,0,2022-11-10,9
2022-11-10 10:00:00,72.8,85,67.9,0.0,1015.6,5.9,11.6,1,2022-11-10,10
2022-11-10 11:00:00,75.0,75,66.4,0.0,1015.6,6.6,14.8,1,2022-11-10,11
2022-11-10 12:00:00,76.7,68,65.6,0.0,1014.7,6.5,14.8,0,2022-11-10,12
2022-11-10 13:00:00,78.2,64,65.1,0.0,1013.7,5.5,14.5,1,2022-11-10,13
2022-11-10 14:00:00,79.0,61,64.4,0.0,1012.3,4.0,13.2,1,2022-11-10,14
2022-11-10 15:00:00,79.4,59,63.8,0.0,1011.3,3.0,10.7,0,2022-11-10,15
2022-11-10 16:00:00,79.8,57,63.0,0.0,1010.7,2.1,8.7,1,2022-11-10,16
2022-11-10 17:00:00,79.5,57,63.0,0.0,1010.3,0.9,6.5,2,2022-11-10,17
2022-11-10 18:00:00,76.6,67,64.8,0.0,1009.9,3.2,4.7,1,2022-11-10,18
2022-11-10 19:00:00,72.9,77,65.2,0.0,1010.1,7.9,14.1,0,2022-11-10,19
2022-11-10 20:00:00,70.7,80,64.4,0.0,1010.3,6.2,13.4,0,2022-11-10,20
2022-11-10 21:00:00,68.9,88,65.1,0.0,1010.7,5.7,10.5,0,2022-11-10,21
2022-11-10 22:00:00,67.8,91,65.1,0.0,1010.6,5.2,9.4,0,2022-11-10,22
2022-11-10 23:00:00,66.7,94,65.0,0.0,1010.5,4.0,8.3,0,2022-11-10,23
2022-11-11 00:00:00,66.0,95,64.6,0.0,1010.3,3.9,6.3,0,2022-11-11,0
2022-11-11 01:00:00,65.8,96,64.6,0.0,1009.8,4.7,7.4,0,2022-11-11,1
2022-11-11 02:00:00,65.4,97,64.5,0.0,1009.4,4.5,7.6,0,2022-11-11,2
2022-11-11 03:00:00,64.8,98,64.2,0.0,1009.4,3.5,7.2,0,2022-11-11,3
2022-11-11 04:00:00,64.3,99,64.0,0.0,1009.0,3.3,5.8,0,2022-11-11,4
2022-11-11 05:00:00,64.1,99,63.9,0.0,1008.8,3.2,5.1,0,2022-11-11,5
2022-11-11 06:00:00,63.8,100,63.7,0.0,1008.8,3.3,4.9,0,2022-11-11,6
2022-11-11 07:00:00,66.5,98,65.9,0.0,1009.3,4.0,5.8,0,2022-11-11,7
2022-11-11 08:00:00,65.2,99,64.8,0.0,1009.7,4.2,6.3,1,2022-11-11,8
2022-11-11 09:00:00,69.5,93,67.5,0.0,1010.1,2.7,6.7,2,2022-11-11,9
2022-11-11 10:00:00,72.7,87,68.5,0.004,1010.2,2.3,6.9,51,2022-11-11,10
2022-11-11 11:00:00,74.6,82,68.5,0.008,1010.5,4.6,10.5,51,2022-11-11,11
2022-11-11 12:00:00,76.3,77,68.4,0.004,1010.2,4.1,12.1,51,2022-11-11,12
2022-11-11 13:00:00,77.9,71,67.8,0.0,1009.7,4.8,13.0,3,2022-11-11,13
2022-11-11 14:00:00,74.0,79,67.2,0.02,1009.5,6.0,13.0,53,2022-11-11,14
2022-11-11 15:00:00,70.2,95,68.7,0.185,1009.9,3.9,12.8,63,2022-11-11,15
2022-11-11 16:00:00,71.2,88,67.4,0.008,1009.4,3.6,7.2,51,2022-11-11,16
2022-11-11 17:00:00,70.4,95,69.1,0.024,1009.6,3.8,8.1,53,2022-11-11,17
2022-11-11 18:00:00,70.2,93,68.0,0.008,1009.8,3.2,8.3,51,2022-11-11,18
2022-11-11 19:00:00,60.1,95,58.7,0.004,1011.8,14.3,11.2,51,2022-11-11,19
2022-11-11 20:00:00,56.6,94,54.9,0.591,1013.2,12.0,25.7,65,2022-11-11,20
2022-11-11 21:00:00,53.8,94,52.0,0.185,1014.6,13.9,24.8,63,2022-11-11,21
2022-11-11 22:00:00,51.7,91,49.1,0.106,1015.4,17.1,30.0,63,2022-11-11,22
2022-11-11 23:00:00,50.5,87,46.8,0.0,1016.5,14.1,31.5,3,2022-11-11,23
2022-11-12 00:00:00,49.5,88,46.0,0.02,1017.7,13.9,26.2,53,2022-11-12,0
2022-11-12 01:00:00,48.5,82,43.2,0.0,1017.3,15.6,28.0,1,2022-11-12,1
2022-11-12 02:00:00,47.8,75,40.2,0.0,1017.9,12.9,27.7,3,2022-11-12,2
2022-11-12 03:00:00,47.4,68,37.2,0.0,1018.3,11.5,22.6,3,2022-11-12,3
2022-11-12 04:00:00,46.8,62,34.4,0.0,1018.4,13.2,23.3,3,2022-11-12,4
2022-11-12 05:00:00,45.8,59,32.3,0.0,1019.0,13.3,23.9,3,2022-11-12,5
2022-11-12 06:00:00,45.2,59,31.7,0.0,1019.8,12.9,23.5,3,2022-11-12,6
2022-11-12 07:00:00,42.8,70,33.6,0.0,1021.0,11.9,23.3,2,2022-11-12,7
2022-11-12 08:00:00,42.3,72,34.1,0.0,1021.6,11.9,21.0,3,2022-11-12,8
2022-11-12 09:00:00,44.5,69,35.1,0.0,1023.0,11.8,23.7,3,2022-11-12,9
2022-11-12 10:00:00,46.5,62,34.2,0.0,1024.2,14.0,26.2,2,2022-11-12,10
2022-11-12 11:00:00,49.1,56,34.2,0.0,1024.3,13.7,26.8,2,2022-11-12,11
2022-11-12 12:00:00,51.9,54,35.6,0.0,1023.8,12.5,26.6,1,2022-11-12,12
2022-11-12 13:00:00,54.9,51,36.9,0.0,1023.4,12.4,24.8,2,2022-11-12,13
2022-11-12 14:00:00,56.5,46,36.0,0.0,1022.5,13.2,25.9,3,2022-11-12,14
2022-11-12 15:00:00,57.1,44,35.2,0.0,1022.1,13.6,26.6,0,2022-11-12,15
2022-11-12 16:00:00,56.5,42,33.8,0.0,1021.8,13.9,27.1,0,2022-11-12,16
2022-11-12 17:00:00,55.1,45,33.9,0.0,1022.2,12.9,26.4,0,2022-11-12,17
2022-11-12 18:00:00,52.9,47,33.1,0.0,1023.0,10.4,23.9,0,2022-11-12,18
2022-11-12 19:00:00,50.6,43,29.1,0.0,1023.8,8.2,18.3,0,2022-11-12,19
2022-11-12 20:00:00,49.0,45,28.4,0.0,1024.7,7.9,14.1,0,2022-11-12,20
2022-11-12 21:00:00,47.7,46,28.0,0.0,1025.0,8.3,14.3,0,2022-11-12,21
2022-11-12 22:00:00,46.0,51,28.7,0.0,1025.5,6.7,13.9,1,2022-11-12,22
2022-11-12 23:00:00,44.3,57,29.8,0.0,1025.8,6.0,11.2,0,2022-11-12,23
2022-11-13 00:00:00,43.1,62,31.1,0.0,1025.8,5.1,9.8,1,2022-11-13,0
2022-11-13 01:00:00,42.2,66,31.6,0.0,1025.9,5.3,8.7,0,2022-11-13,1
2022-11-13 02:00:00,41.3,68,31.6,0.0,1026.0,5.7,8.9,0,2022-11-13,2
2022-11-13 03:00:00,40.8,69,31.3,0.0,1025.8,6.2,10.3,0,2022-11-13,3
2022-11-13 04:00:00,40.4,68,30.7,0.0,1025.9,6.1,10.5,1,2022-11-13,4
2022-11-13 05:00:00,39.8,69,30.5,0.0,1026.0,6.0,10.1,0,2022-11-13,5
2022-11-13 06:00:00,39.2,70,30.4,0.0,1026.3,6.0,10.1,0,2022-11-13,6
2022-11-13 07:00:00,38.7,71,30.0,0.0,1026.6,6.0,9.8,0,2022-11-13,7
2022-11-13 08:00:00,37.8,72,29.7,0.0,1026.7,6.4,10.1,0,2022-11-13,8
2022-11-13 09:00:00,41.5,66,31.1,0.0,1027.1,6.4,12.1,0,2022-11-13,9
2022-11-13 10:00:00,45.6,57,31.4,0.0,1027.2,7.0,14.8,0,2022-11-13,10
2022-11-13 11:00:00,49.3,48,30.4,0.0,1026.9,7.3,16.1,0,2022-11-13,11
2022-11-13 12:00:00,51.9,44,30.4,0.0,1025.9,6.6,16.3,0,2022-11-13,12
2022-11-13 13:00:00,54.2,42,31.6,0.0,1025.0,5.4,15.7,0,2022-11-13,13
2022-11-13 14:00:00,55.9,41,32.7,0.0,1023.7,4.5,14.1,0,2022-11-13,14
2022-11-13 15:00:00,56.9,41,33.7,0.0,1022.4,4.3,12.5,1,2022-11-13,15
2022-11-13 16:00:00,57.2,41,33.9,0.0,1021.7,4.3,11.9,0,2022-11-13,16
2022-11-13 17:00:00,56.5,43,34.2,0.0,1021.3,4.5,11.0,1,2022-11-13,17
2022-11-13 18:00:00,53.5,55,37.9,0.0,1021.1,2.8,9.8,1,2022-11-13,18
2022-11-13 19:00:00,50.8,57,36.2,0.0,1020.9,3.8,6.0,3,2022-11-13,19
2022-11-13 20:00:00,49.7,60,36.6,0.0,1021.3,3.9,6.0,1,2022-11-13,20
2022-11-13 21:00:00,49.0,64,37.2,0.0,1021.0,5.2,8.3,0,2022-11-13,21
2022-11-13 22:00:00,48.4,64,36.8,0.0,1020.9,5.5,8.9,3,2022-11-13,22
2022-11-13 23:00:00,50.5,56,35.2,0.0,1021.0,6.3,11.2,3,2022-11-13,23
2022-11-14 00:00:00,50.7,56,35.4,0.0,1020.4,5.8,10.7,3,2022-11-14,0
2022-11-14 01:00:00,50.5,54,34.5,0.0,1019.9,6.5,11.2,3,2022-11-14,1
2022-11-14 02:00:00,50.2,54,34.3,0.0,1019.5,6.5,12.3,3,2022-11-14,2
2022-11-14 03:00:00,49.6,56,34.5,0.0,1019.2,6.8,12.5,3,2022-11-14,3
2022-11-14 04:00:00,49.4,56,34.5,0.0,1018.6,6.9,12.8,3,2022-11-14,4
2022-11-14 05:00:00,49.3,56,34.2,0.0,1018.5,7.4,13.2,3,2022-11-14,5
2022-11-14 06:00:00,49.2,56,34.2,0.0,1018.0,7.6,13.6,3,2022-11-14,6
2022-11-14 07:00:00,46.8,67,36.3,0.0,1018.4,6.2,13.4,3,2022-11-14,7
2022-11-14 08:00:00,46.3,75,38.8,0.008,1017.7,10.3,17.7,51,2022-11-14,8
2022-11-14 09:00:00,47.6,77,40.5,0.0,1017.6,9.7,18.3,3,2022-11-14,9
2022-11-14 10:00:00,48.0,80,42.2,0.02,1017.6,8.6,18.3,53,2022-11-14,10
2022-11-14 11:00:00,49.9,85,45.7,0.02,1017.1,11.0,20.4,53,2022-11-14,11
2022-11-14 12:00:00,50.7,94,49.1,0.02,1015.5,11.1,19.9,53,2022-11-14,12
2022-11-14 13:00:00,57.9,82,52.3,0.0,1014.1,12.8,23.3,3,2022-11-14,13
2022-11-14 14:00:00,60.0,81,54.2,0.0,1013.0,8.1,24.2,3,2022-11-14,14
2022-11-14 15:00:00,61.6,82,56.1,0.004,1011.6,8.5,17.0,51,2022-11-14,15
2022-11-14 16:00:00,63.0,85,58.4,0.004,1010.6,8.3,16.8,51,2022-11-14,16
2022-11-14 17:00:00,65.9,90,62.8,0.004,1009.9,10.5,20.8,51,2022-11-14,17
2022-11-14 18:00:00,66.2,93,64.1,0.004,1010.0,6.1,18.8,51,2022-11-14,18
2022-11-14 19:00:00,51.4,95,50.1,0.217,1014.2,14.7,32.9,63,2022-11-14,19
2022-11-14 20:00:00,50.0,97,49.1,0.039,1014.5,11.1,26.2,55,2022-11-14,20
2022-11-14 21:00:00,50.5,94,48.9,0.0,1015.1,10.3,19.2,2,2022-11-14,21
2022-11-14 22:00:00,50.0,94,48.3,0.0,1016.7,10.9,19.2,0,2022-11-14,22
2022-11-14 23:00:00,48.3,94,46.6,0.0,1018.3,11.6,20.1,0,2022-11-14,23
2022-11-15 00:00:00,46.9,94,45.2,0.0,1019.1,11.8,20.4,0,2022-11-15,0
2022-11-15 01:00:00,45.7,94,44.0,0.0,1019.2,12.8,23.3,0,2022-11-15,1
2022-11-15 02:00:00,44.8,93,43.0,0.0,1019.8,11.5,22.4,0,2022-11-15,2
2022-11-15 03:00:00,43.5,96,42.3,0.0,1020.0,12.6,21.9,3,2022-11-15,3
2022-11-15 04:00:00,43.1,95,41.8,0.0,1020.6,12.9,23.0,3,2022-11-15,4
2022-11-15 05:00:00,43.8,89,40.7,0.0,1021.3,13.1,25.3,3,2022-11-15,5
2022-11-15 06:00:00,44.2,83,39.5,0.0,1022.2,12.6,24.2,3,2022-11-15,6
2022-11-15 07:00:00,44.8,82,39.7,0.0,1023.3,12.6,24.8,3,2022-11-15,7
2022-11-15 08:00:00,44.8,79,38.6,0.0,1024.3,12.5,21.9,3,2022-11-15,8
2022-11-15 09:00:00,45.6,72,37.2,0.0,1025.4,14.9,25.9,3,2022-11-15,9
2022-11-15 10:00:00,47.5,66,36.7,0.0,1026.4,12.2,26.6,3,2022-11-15,10
2022-11-15 11:00:00,51.0,60,37.6,0.0,1026.7,11.7,23.5,3,2022-11-15,11
2022-11-15 12:00:00,52.3,58,38.1,0.0,1026.4,11.2,22.6,3,2022-11-15,12
2022-11-15 13:00:00,53.9,55,38.1,0.0,1025.5,12.3,23.9,3,2022-11-15,13
2022-11-15 14:00:00,54.9,53,38.0,0.0,1024.6,12.1,24.8,3,2022-11-15,14
2022-11-15 15:00:00,55.3,52,38.2,0.0,1024.4,11.7,24.6,2,2022-11-15,15
2022-11-15 16:00:00,54.2,55,38.3,0.0,1024.6,11.2,23.0,3,2022-11-15,16
2022-11-15 17:00:00,52.9,56,37.7,0.0,1024.9,11.0,21.9,3,2022-11-15,17
2022-11-15 18:00:00,50.8,60,37.2,0.0,1025.3,9.5,20.8,3,2022-11-15,18
2022-11-15 19:00:00,46.9,67,36.4,0.0,1026.4,9.6,16.6,3,2022-11-15,19
2022-11-15 20:00:00,46.1,67,36.0,0.0,1027.0,10.6,18.6,3,2022-11-15,20
2022-11-15 21:00:00,45.3,69,35.6,0.0,1027.9,10.3,19.0,2,2022-11-15,21
2022-11-15 22:00:00,43.7,73,35.5,0.0,1028.4,8.5,18.1,3,2022-11-15,22
2022-11-15 23:00:00,42.4,76,35.5,0.0,1028.8,6.1,14.5,3,2022-11-15,23
2022-11-16 00:00:00,41.5,80,35.6,0.0,1028.9,5.1,10.1,3,2022-11-16,0
2022-11-16 01:00:00,42.1,78,35.7,0.0,1028.9,5.6,9.8,3,2022-11-16,1
2022-11-16 02:00:00,41.5,78,35.3,0.0,1028.7,6.7,11.4,3,2022-11-16,2
2022-11-16 03:00:00,41.5,77,34.9,0.0,1028.8,7.3,12.8,3,2022-11-16,3
2022-11-16 04:00:00,41.6,75,34.4,0.0,1029.1,7.4,12.8,3,2022-11-16,4
2022-11-16 05:00:00,41.4,75,34.2,0.0,1029.5,7.6,13.4,3,2022-11-16,5
2022-11-16 06:00:00,41.1,76,34.1,0.0,1029.9,7.3,13.2,3,2022-11-16,6
2022-11-16 07:00:00,40.7,80,35.1,0.0,1031.1,6.5,12.8,3,2022-11-16,7
2022-11-16 08:00:00,40.8,80,35.2,0.0,1031.2,7.0,11.9,3,2022-11-16,8
2022-11-16 09:00:00,42.5,76,35.6,0.0,1031.4,7.9,14.5,3,2022-11-16,9
2022-11-16 10:00:00,44.5,71,35.7,0.0,1031.9,8.6,17.2,3,2022-11-16,10
2022-11-16 11:00:00,46.9,66,36.2,0.0,1032.2,7.4,17.2,3,2022-11-16,11
2022-11-16 12:00:00,49.9,61,37.0,0.0,1031.6,6.6,16.3,3,2022-11-16,12
2022-11-16 13:00:00,52.8,56,37.5,0.0,1030.6,6.4,15.4,3,2022-11-16,13
2022-11-16 14:00:00,54.6,51,36.9,0.0,1029.6,6.9,15.9,3,2022-11-16,14
2022-11-16 15:00:00,55.9,47,36.0,0.0,1029.0,7.7,16.6,3,2022-11-16,15
2022-11-16 16:00:00,56.2,45,35.2,0.0,1028.5,8.4,17.2,2,2022-11-16,16
2022-11-16 17:00:00,55.4,43,33.4,0.0,1028.4,9.1,17.4,0,2022-11-16,17
2022-11-16 18:00:00,52.8,48,33.9,0.0,1028.9,6.5,17.0,0,2022-11-16,18
2022-11-16 19:00:00,48.3,59,34.5,0.0,1029.8,5.5,11.2,0,2022-11-16,19
2022-11-16 20:00:00,46.9,63,35.0,0.0,1030.4,4.9,8.7,0,2022-11-16,20
2022-11-16 21:00:00,45.7,66,35.1,0.0,1030.9,5.7,9.2,0,2022-11-16,21
2022-11-16 22:00:00,44.4,69,35.0,0.0,1031.4,6.1,10.1,0,2022-11-16,22
2022-11-16 23:00:00,43.5,71,34.8,0.0,1031.7,6.7,11.2,0,2022-11-16,23
2022-11-17 00:00:00,42.7,72,34.3,0.0,1031.6,6.3,11.2,0,2022-11-17,0
2022-11-17 01:00:00,41.8,73,33.7,0.0,1031.5,5.6,10.3,0,2022-11-17,1
2022-11-17 02:00:00,41.2,73,33.3,0.0,1031.2,5.6,9.2,0,2022-11-17,2
2022-11-17 03:00:00,40.8,73,32.9,0.0,1030.8,5.9,9.6,0,2022-11-17,3
2022-11-17 04:00:00,40.6,73,32.7,0.0,1030.3,5.7,9.8,0,2022-11-17,4
2022-11-17 05:00:00,40.1,74,32.6,0.0,1030.6,5.0,9.4,0,2022-11-17,5
2022-11-17 06:00:00,39.4,77,32.7,0.0,1030.8,4.4,8.1,1,2022-11-17,6
2022-11-17 07:00:00,39.7,76,32.7,0.0,1030.8,5.2,7.8,3,2022-11-17,7
2022-11-17 08:00:00,42.7,69,33.1,0.0,1031.0,4.1,10.1,3,2022-11-17,8
2022-11-17 09:00:00,44.6,68,34.8,0.0,1031.8,4.1,7.6,3,2022-11-17,9
2022-11-17 10:00:00,46.2,67,36.0,0.0,1032.3,3.3,6.9,3,2022-11-17,10
2022-11-17 11:00:00,48.3,65,37.2,0.0,1032.5,4.8,10.1,3,2022-11-17,11
2022-11-17 12:00:00,49.6,61,36.8,0.0,1032.2,4.5,10.3,3,2022-11-17,12
2022-11-17 13:00:00,51.7,55,36.0,0.0,1031.2,4.3,10.5,3,2022-11-17,13
2022-11-17 14:00:00,53.3,47,33.7,0.0,1030.3,4.1,11.0,2,2022-11-17,14
2022-11-17 15:00:00,55.1,43,33.2,0.0,1029.3,3.3,11.4,0,2022-11-17,15
2022-11-17 16:00:00,56.1,43,33.9,0.0,1028.3,2.5,10.1,0,2022-11-17,16
2022-11-17 17:00:00,56.0,44,34.2,0.0,1027.8,2.2,8.3,3,2022-11-17,17
2022-11-17 18:00:00,54.5,51,36.9,0.0,1027.7,2.8,5.8,3,2022-11-17,18
2022-11-17 19:00:00,52.3,64,40.6,0.0,1027.9,3.6,5.6,3,2022-11-17,19
2022-11-17 20:00:00,50.2,72,41.5,0.0,1028.5,3.8,4.9,2,2022-11-17,20
2022-11-17 21:00:00,50.2,72,41.5,0.0,1028.8,2.7,4.5,3,2022-11-17,21
2022-11-17 22:00:00,50.7,77,43.8,0.0,1028.9,2.6,3.1,3,2022-11-17,22
2022-11-17 23:00:00,50.8,67,40.1,0.0,1029.1,3.0,4.7,3,2022-11-17,23
2022-11-18 00:00:00,50.4,64,38.5,0.0,1028.8,4.3,6.9,3,2022-11-18,0
2022-11-18 01:00:00,50.2,61,37.2,0.0,1028.4,5.0,8.3,3,2022-11-18,1
2022-11-18 02:00:00,49.6,60,36.4,0.0,1027.9,4.7,8.5,3,2022-11-18,2
2022-11-18 03:00:00,49.5,57,35.1,0.0,1027.3,4.6,7.8,3,2022-11-18,3
2022-11-18 04:00:00,48.8,56,34.0,0.0,1026.9,5.1,8.5,3,2022-11-18,4
2022-11-18 05:00:00,47.7,57,33.3,0.0,1027.1,5.0,8.7,3,2022-11-18,5
2022-11-18 06:00:00,46.9,57,32.5,0.0,1027.3,5.2,8.5,3,2022-11-18,6
2022-11-18 07:00:00,47.2,55,32.0,0.0,1027.3,5.6,10.5,3,2022-11-18,7
2022-11-18 08:00:00,46.3,56,31.6,0.0,1028.1,4.8,9.6,3,2022-11-18,8
2022-11-18 09:00:00,48.0,55,32.8,0.0,1028.3,5.1,9.6,3,2022-11-18,9
2022-11-18 10:00:00,49.0,53,32.8,0.0,1028.8,4.8,9.8,3,2022-11-18,10
2022-11-18 11:00:00,50.1,52,33.2,0.0,1028.7,5.0,11.2,3,2022-11-18,11
2022-11-18 12:00:00,50.9,49,32.6,0.0,1028.3,5.6,11.9,3,2022-11-18,12
2022-11-18 13:00:00,52.5,46,32.5,0.0,1027.4,6.1,13.2,3,2022-11-18,13
2022-11-18 14:00:00,54.2,45,33.1,0.0,1026.5,5.6,13.0,3,2022-11-18,14
2022-11-18 15:00:00,55.7,42,32.9,0.0,1025.6,6.5,14.8,3,2022-11-18,15
2022-11-18 16:00:00,55.8,40,31.9,0.0,1025.3,6.4,13.4,3,2022-11-18,16
2022-11-18 17:00:00,55.7,39,30.9,0.0,1025.1,6.9,13.0,3,2022-11-18,17
2022-11-18 18:00:00,54.5,42,31.7,0.0,1025.5,5.5,12.5,3,2022-11-18,18
2022-11-18 19:00:00,54.5,53,37.8,0.0,1026.2,1.7,10.1,3,2022-11-18,19
2022-11-18 20:00:00,53.7,57,38.9,0.0,1026.3,2.7,5.4,3,2022-11-18,20
2022-11-18 21:00:00,53.1,60,39.6,0.0,1027.2,3.4,7.2,3,2022-11-18,21
2022-11-18 22:00:00,52.1,71,43.1,0.0,1027.2,2.0,5.8,3,2022-11-18,22
2022-11-18 23:00:00,51.7,76,44.5,0.0,1027.6,1.4,2.5,3,2022-11-18,23
2022-11-19 00:00:00,51.4,69,41.5,0.0,1027.0,1.6,2.7,3,2022-11-19,0
2022-11-19 01:00:00,49.7,82,44.3,0.118,1026.3,5.0,7.8,63,2022-11-19,1
2022-11-19 02:00:00,48.8,84,44.2,0.055,1026.0,6.3,9.2,61,2022-11-19,2
2022-11-19 03:00:00,48.5,85,44.1,0.0,1025.6,8.1,13.9,3,2022-11-19,3
2022-11-19 04:00:00,48.7,82,43.3,0.0,1025.4,7.8,13.2,3,2022-11-19,4
2022-11-19 05:00:00,48.9,80,42.9,0.0,1026.2,4.7,12.8,3,2022-11-19,5
2022-11-19 06:00:00,48.4,83,43.4,0.114,1026.4,7.7,12.3,63,2022-11-19,6
2022-11-19 07:00:00,47.8,92,45.6,0.091,1025.5,7.0,13.4,61,2022-11-19,7
2022-11-19 08:00:00,48.0,90,45.2,0.016,1026.6,6.4,12.1,51,2022-11-19,8
2022-11-19 09:00:00,47.8,95,46.5,0.075,1028.2,5.8,11.2,61,2022-11-19,9
2022-11-19 10:00:00,47.8,96,46.7,0.157,1029.2,7.2,12.3,63,2022-11-19,10
2022-11-19 11:00:00,47.5,96,46.4,0.24,1028.9,9.4,16.6,63,2022-11-19,11
2022-11-19 12:00:00,47.4,95,46.1,0.142,1028.6,9.9,17.7,63,2022-11-19,12
2022-11-19 13:00:00,48.9,86,44.9,0.004,1028.6,10.8,19.9,51,2022-11-19,13
2022-11-19 14:00:00,47.8,90,45.0,0.012,1027.6,10.8,20.1,51,2022-11-19,14
2022-11-19 15:00:00,48.2,87,44.4,0.0,1027.1,11.4,21.0,3,2022-11-19,15
2022-11-19 16:00:00,46.9,89,44.0,0.012,1027.5,10.1,21.0,51,2022-11-19,16
2022-11-19 17:00:00,46.2,96,45.1,0.031,1027.8,10.3,18.6,53,2022-11-19,17
2022-11-19 18:00:00,45.5,94,43.8,0.016,1027.8,10.5,18.8,51,2022-11-19,18
2022-11-19 19:00:00,43.8,97,43.0,0.004,1028.1,9.5,18.3,51,2022-11-19,19
2022-11-19 20:00:00,43.9,97,43.2,0.012,1029.4,8.3,16.6,51,2022-11-19,20
2022-11-19 21:00:00,43.8,97,43.1,0.047,1030.0,8.5,14.8,55,2022-11-19,21
2022-11-19 22:00:00,43.3,95,41.9,0.02,1030.2,8.9,15.4,53,2022-11-19,22
2022-11-19 23:00:00,43.2,93,41.5,0.0,1030.4,9.0,15.7,3,2022-11-19,23
2022-11-20 00:00:00,43.1,93,41.1,0.0,1030.7,9.2,16.1,3,2022-11-20,0
2022-11-20 01:00:00,42.7,90,40.1,0.0,1030.4,9.3,16.1,3,2022-11-20,1
2022-11-20 02:00:00,42.4,87,38.9,0.0,1029.9,10.0,17.4,3,2022-11-20,2
2022-11-20 03:00:00,42.2,84,37.6,0.0,1029.6,10.5,18.8,3,2022-11-20,3
2022-11-20 04:00:00,42.0,80,36.3,0.0,1029.6,9.9,18.3,3,2022-11-20,4
2022-11-20 05:00:00,41.1,79,35.0,0.0,1029.5,9.8,17.2,3,2022-11-20,5
2022-11-20 06:00:00,41.3,72,33.1,0.0,1029.7,9.6,17.0,3,2022-11-20,6
2022-11-20 07:00:00,40.4,70,31.3,0.0,1030.4,7.6,16.6,2,2022-11-20,7
2022-11-20 08:00:00,39.8,68,30.1,0.0,1030.8,6.8,12.8,2,2022-11-20,8
2022-11-20 09:00:00,41.8,66,31.3,0.0,1031.3,6.8,13.2,1,2022-11-20,9
2022-11-20 10:00:00,44.9,58,31.1,0.0,1031.5,7.8,15.7,1,2022-11-20,10
2022-11-20 11:00:00,48.4,51,31.2,0.0,1031.9,7.8,17.0,0,2022-11-20,11
2022-11-20 12:00:00,51.3,46,31.2,0.0,1031.7,6.9,16.8,0,2022-11-20,12
2022-11-20 13:00:00,53.5,43,31.4,0.0,1030.8,6.0,15.7,3,2022-11-20,13
2022-11-20 14:00:00,54.0,42,31.5,0.0,1029.4,6.6,14.5,3,2022-11-20,14
2022-11-20 15:00:00,53.9,42,31.4,0.0,1028.1,8.1,16.1,3,2022-11-20,15
2022-11-20 16:00:00,53.6,44,32.0,0.0,1027.3,8.4,16.8,3,2022-11-20,16
2022-11-20 17:00:00,53.0,45,32.2,0.0,1027.2,7.9,16.1,3,2022-11-20,17
2022-11-20 18:00:00,51.6,47,32.2,0.0,1027.3,6.8,14.3,2,2022-11-20,18
2022-11-20 19:00:00,48.7,50,31.0,0.0,1028.2,5.6,11.6,2,2022-11-20,19
2022-11-20 20:00:00,48.9,48,30.2,0.0,1028.7,5.0,9.6,3,2022-11-20,20
2022-11-20 21:00:00,49.3,47,30.1,0.0,1028.6,6.5,11.0,3,2022-11-20,21
2022-11-20 22:00:00,48.5,49,30.2,0.0,1028.5,5.6,11.0,3,2022-11-20,22
2022-11-20 23:00:00,48.5,50,30.7,0.0,1029.2,5.8,9.6,3,2022-11-20,23
2022-11-21 00:00:00,47.0,61,34.4,0.016,1028.8,6.9,11.4,51,2022-11-21,0
2022-11-21 01:00:00,47.1,63,35.1,0.0,1028.4,7.7,12.8,3,2022-11-21,1
2022-11-21 02:00:00,46.9,65,35.9,0.004,1028.5,7.1,12.5,51,2022-11-21,2
2022-11-21 03:00:00,46.5,65,35.4,0.008,1028.4,5.6,11.6,51,2022-11-21,3
2022-11-21 04:00:00,46.8,67,36.2,0.004,1028.2,5.5,9.8,51,2022-11-21,4
2022-11-21 05:00:00,46.3,69,36.9,0.0,1028.0,5.7,9.4,3,2022-11-21,5
2022-11-21 06:00:00,46.0,70,36.7,0.0,1028.1,5.7,9.6,3,2022-11-21,6
2022-11-21 07:00:00,45.0,85,40.7,0.0,1028.7,3.5,10.1,3,2022-11-21,7
2022-11-21 08:00:00,45.4,85,41.3,0.051,1029.4,4.5,8.7,61,2022-11-21,8
2022-11-21 09:00:00,45.0,94,43.2,0.087,1029.7,5.9,10.5,61,2022-11-21,9
2022-11-21 10:00:00,44.8,93,42.9,0.039,1030.1,5.7,10.3,55,2022-11-21,10
2022-11-21 11:00:00,45.0,87,41.5,0.028,1030.5,5.2,11.4,53,2022-11-21,11
2022-11-21 12:00:00,45.4,92,43.2,0.016,1030.6,6.0,12.5,51,2022-11-21,12
2022-11-21 13:00:00,45.2,93,43.3,0.051,1029.5,7.0,12.8,61,2022-11-21,13
2022-11-21 14:00:00,45.2,95,43.9,0.024,1028.2,5.9,15.4,53,2022-11-21,14
2022-11-21 15:00:00,47.2,83,42.3,0.004,1027.8,6.3,13.0,51,2022-11-21,15
2022-11-21 16:00:00,47.2,84,42.7,0.004,1027.9,6.3,13.4,51,2022-11-21,16
2022-11-21 17:00:00,46.8,86,42.7,0.0,1027.8,6.3,12.5,3,2022-11-21,17
2022-11-21 18:00:00,46.5,89,43.4,0.0,1027.8,6.7,13.2,3,2022-11-21,18
2022-11-21 19:00:00,45.4,96,44.3,0.0,1028.2,5.7,11.9,3,2022-11-21,19
2022-11-21 20:00:00,45.9,95,44.4,0.0,1028.7,5.7,10.5,3,2022-11-21,20
2022-11-21 21:00:00,46.0,96,44.8,0.0,1029.0,3.8,10.1,3,2022-11-21,21
2022-11-21 22:00:00,46.0,98,45.4,0.008,1029.0,4.2,9.8,51,2022-11-21,22
2022-11-21 23:00:00,45.9,98,45.4,0.008,1028.8,6.1,10.7,51,2022-11-21,23
2022-11-22 00:00:00,45.8,98,45.2,0.004,1028.8,5.4,10.3,51,2022-11-22,0
2022-11-22 01:00:00,45.7,95,44.3,0.0,1028.5,5.9,10.1,3,2022-11-22,1
2022-11-22 02:00:00,45.6,94,44.0,0.004,1027.4,6.5,11.6,51,2022-11-22,2
2022-11-22 03:00:00,45.5,94,43.9,0.004,1027.4,5.1,11.2,51,2022-11-22,3
2022-11-22 04:00:00,45.3,94,43.6,0.0,1026.7,6.3,10.3,3,2022-11-22,4
2022-11-22 05:00:00,45.4,92,43.2,0.0,1027.0,4.8,11.2,3,2022-11-22,5
2022-11-22 06:00:00,45.4,93,43.5,0.0,1027.0,5.0,8.3,3,2022-11-22,6
2022-11-22 07:00:00,45.9,97,45.1,0.0,1027.9,3.9,8.7,3,2022-11-22,7
2022-11-22 08:00:00,46.2,97,45.3,0.02,1028.4,3.6,7.4,53,2022-11-22,8
2022-11-22 09:00:00,46.5,98,45.9,0.008,1028.4,5.6,10.7,51,2022-11-22,9
2022-11-22 10:00:00,47.8,91,45.4,0.004,1028.9,4.3,11.2,51,2022-11-22,10
2022-11-22 11:00:00,48.5,92,46.3,0.0,1028.4,5.9,11.4,3,2022-11-22,11
2022-11-22 12:00:00,50.9,87,47.3,0.0,1027.8,6.0,13.4,2,2022-11-22,12
2022-11-22 13:00:00,54.5,75,46.6,0.0,1027.0,3.5,13.4,3,2022-11-22,13
2022-11-22 14:00:00,53.9,72,45.2,0.0,1025.8,4.4,10.5,3,2022-11-22,14
2022-11-22 15:00:00,54.1,72,45.3,0.0,1024.7,4.6,9.8,3,2022-11-22,15
2022-11-22 16:00:00,55.0,70,45.5,0.008,1024.2,5.4,11.0,51,2022-11-22,16
2022-11-22 17:00:00,55.2,69,45.4,0.0,1024.0,3.7,10.7,1,2022-11-22,17
2022-11-22 18:00:00,53.6,77,46.6,0.0,1024.0,2.7,7.4,2,2022-11-22,18
2022-11-22 19:00:00,53.3,75,45.8,0.0,1023.6,4.9,6.7,1,2022-11-22,19
2022-11-22 20:00:00,53.7,70,44.2,0.0,1023.8,3.6,5.8,1,2022-11-22,20
2022-11-22 21:00:00,52.1,72,43.4,0.0,1024.0,3.6,6.0,2,2022-11-22,21
2022-11-22 22:00:00,52.8,68,42.4,0.0,1024.0,4.3,6.7,2,2022-11-22,22
2022-11-22 23:00:00,50.8,76,43.6,0.0,1024.3,5.0,6.5,1,2022-11-22,23
2022-11-23 00:00:00,49.3,71,40.4,0.0,1024.0,4.0,6.3,0,2022-11-23,0
2022-11-23 01:00:00,47.6,74,39.8,0.0,1023.3,4.9,6.3,0,2022-11-23,1
2022-11-23 02:00:00,47.4,72,38.7,0.0,1022.7,3.8,6.0,0,2022-11-23,2
2022-11-23 03:00:00,47.4,70,38.2,0.0,1022.2,3.7,5.8,0,2022-11-23,3
2022-11-23 04:00:00,46.1,73,38.1,0.0,1021.8,3.6,5.6,0,2022-11-23,4
2022-11-23 05:00:00,46.1,72,37.6,0.0,1021.6,3.8,6.0,0,2022-11-23,5
2022-11-23 06:00:00,45.8,72,37.3,0.0,1021.5,3.8,6.0,0,2022-11-23,6
2022-11-23 07:00:00,46.2,74,38.3,0.0,1021.7,4.3,6.5,0,2022-11-23,7
2022-11-23 08:00:00,47.1,72,38.5,0.0,1021.6,5.1,7.8,3,2022-11-23,8
2022-11-23 09:00:00,50.1,71,40.9,0.0,1021.9,5.5,9.4,3,2022-11-23,9
2022-11-23 10:00:00,52.5,71,43.3,0.0,1021.9,4.7,10.1,3,2022-11-23,10
2022-11-23 11:00:00,56.3,68,45.9,0.0,1021.8,4.3,10.1,3,2022-11-23,11
2022-11-23 12:00:00,61.8,64,49.6,0.0,1020.8,6.4,13.4,3,2022-11-23,12
2022-11-23 13:00:00,65.3,65,53.2,0.0,1019.7,7.4,15.2,1,2022-11-23,13
2022-11-23 14:00:00,68.4,63,55.3,0.0,1018.7,7.9,16.8,2,2022-11-23,14
2022-11-23 15:00:00,69.2,62,55.5,0.0,1017.4,8.5,17.0,3,2022-11-23,15
2022-11-23 16:00:00,68.8,63,55.7,0.0,1016.6,8.2,17.2,3,2022-11-23,16
2022-11-23 17:00:00,67.9,66,56.3,0.0,1016.6,7.1,15.9,3,2022-11-23,17
2022-11-23 18:00:00,64.7,75,56.6,0.0,1016.9,4.7,12.5,3,2022-11-23,18
2022-11-23 19:00:00,61.2,80,54.9,0.0,1016.9,5.5,8.7,3,2022-11-23,19
2022-11-23 20:00:00,60.2,81,54.4,0.0,1017.0,6.0,9.6,2,2022-11-23,20
2022-11-23 21:00:00,59.7,80,53.6,0.0,1016.8,8.1,13.2,3,2022-11-23,21
2022-11-23 22:00:00,58.9,83,53.8,0.0,1016.8,6.7,13.9,1,2022-11-23,22
2022-11-23 23:00:00,57.7,91,55.1,0.0,1016.8,4.4,11.2,1,2022-11-23,23
2022-11-24 00:00:00,58.9,94,57.2,0.0,1016.6,5.7,8.9,3,2022-11-24,0
2022-11-24 01:00:00,60.6,96,59.5,0.0,1015.9,4.8,9.6,3,2022-11-24,1
2022-11-24 02:00:00,63.0,96,61.7,0.0,1015.2,5.3,8.3,3,2022-11-24,2
2022-11-24 03:00:00,64.7,96,63.4,0.0,1014.3,7.6,12.5,3,2022-11-24,3
2022-11-24 04:00:00,65.8,96,64.5,0.0,1013.5,8.9,15.2,3,2022-11-24,4
2022-11-24 05:00:00,66.3,95,64.9,0.004,1012.9,9.0,15.4,51,2022-11-24,5
2022-11-24 06:00:00,65.8,97,65.0,0.012,1012.7,9.7,15.9,51,2022-11-24,6
2022-11-24 07:00:00,65.7,98,65.2,0.004,1014.3,7.3,20.6,51,2022-11-24,7
2022-11-24 08:00:00,65.4,99,65.0,0.0,1013.6,9.8,16.8,3,2022-11-24,8
2022-11-24 09:00:00,65.9,97,64.9,0.0,1013.4,12.0,19.9,3,2022-11-24,9
2022-11-24 10:00:00,68.7,92,66.4,0.0,1013.7,13.4,21.9,3,2022-11-24,10
2022-11-24 11:00:00,70.1,88,66.5,0.0,1013.7,11.5,23.9,3,2022-11-24,11
2022-11-24 12:00:00,72.6,83,67.1,0.0,1013.3,12.0,22.8,3,2022-11-24,12
2022-11-24 13:00:00,72.6,85,67.7,0.004,1012.5,12.4,23.0,51,2022-11-24,13
2022-11-24 14:00:00,72.2,85,67.6,0.0,1011.6,11.2,22.6,3,2022-11-24,14
2022-11-24 15:00:00,73.3,83,67.7,0.0,1011.0,11.3,21.3,3,2022-11-24,15
2022-11-24 16:00:00,71.6,88,67.8,0.051,1010.2,8.4,20.8,61,2022-11-24,16
2022-11-24 17:00:00,70.5,92,68.1,0.051,1010.2,8.1,14.1,61,2022-11-24,17
2022-11-24 18:00:00,69.1,95,67.6,0.024,1010.9,6.4,15.2,53,2022-11-24,18
2022-11-24 19:00:00,63.0,96,61.9,0.122,1013.2,11.0,13.6,63,2022-11-24,19
2022-11-24 20:00:00,63.0,97,62.2,0.142,1013.7,9.4,19.2,63,2022-11-24,20
2022-11-24 21:00:00,63.0,97,62.2,0.449,1014.6,9.1,16.1,65,2022-11-24,21
2022-11-24 22:00:00,62.2,96,61.1,0.213,1015.5,10.3,17.4,63,2022-11-24,22
2022-11-24 23:00:00,61.7,96,60.5,0.051,1016.3,10.2,19.0,61,2022-11-24,23
2022-11-25 00:00:00,61.2,96,60.0,0.016,1016.7,11.1,19.5,51,2022-11-25,0
2022-11-25 01:00:00,61.2,92,59.0,0.004,1016.4,10.0,19.2,51,2022-11-25,1
2022-11-25 02:00:00,61.1,91,58.5,0.0,1016.1,9.1,16.8,3,2022-11-25,2
2022-11-25 03:00:00,60.6,92,58.3,0.0,1015.5,8.2,15.2,0,2022-11-25,3
2022-11-25 04:00:00,58.5,95,57.1,0.0,1015.3,6.5,13.6,1,2022-11-25,4
2022-11-25 05:00:00,57.8,96,56.8,0.0,1015.4,9.1,15.4,1,2022-11-25,5
2022-11-25 06:00:00,57.3,96,56.1,0.0,1015.8,7.9,16.1,3,2022-11-25,6
2022-11-25 07:00:00,58.3,97,57.6,0.0,1017.3,9.2,13.0,3,2022-11-25,7
2022-11-25 08:00:00,58.2,97,57.2,0.0,1018.0,10.2,17.7,3,2022-11-25,8
2022-11-25 09:00:00,58.5,95,57.1,0.0,1019.2,9.9,17.7,3,2022-11-25,9
2022-11-25 10:00:00,58.4,94,56.8,0.0,1019.5,10.6,19.2,3,2022-11-25,10
2022-11-25 11:00:00,59.1,91,56.6,0.0,1019.1,13.5,23.5,3,2022-11-25,11
2022-11-25 12:00:00,60.3,88,56.7,0.0,1018.8,13.0,26.2,3,2022-11-25,12
2022-11-25 13:00:00,63.0,82,57.4,0.004,1018.9,11.1,23.9,51,2022-11-25,13
2022-11-25 14:00:00,62.8,82,57.3,0.0,1017.5,12.7,23.3,3,2022-11-25,14
2022-11-25 15:00:00,63.2,81,57.3,0.0,1016.5,13.7,27.1,3,2022-11-25,15
2022-11-25 16:00:00,62.7,83,57.4,0.0,1016.8,11.6,25.5,3,2022-11-25,16
2022-11-25 17:00:00,62.0,86,57.7,0.012,1016.8,10.7,21.9,51,2022-11-25,17
2022-11-25 18:00:00,61.1,89,57.9,0.0,1016.4,9.5,19.7,3,2022-11-25,18
2022-11-25 19:00:00,58.8,96,57.7,0.11,1017.5,7.9,17.7,63,2022-11-25,19
2022-11-25 20:00:00,58.2,97,57.4,0.031,1017.1,7.6,16.1,53,2022-11-25,20
2022-11-25 21:00:00,57.8,98,57.3,0.083,1017.4,7.9,13.2,61,2022-11-25,21
2022-11-25 22:00:00,57.7,98,57.2,0.287,1017.5,7.8,14.5,63,2022-11-25,22
2022-11-25 23:00:00,57.9,98,57.4,0.224,1017.3,9.3,16.3,63,2022-11-25,23
2022-11-26 00:00:00,58.3,98,57.7,0.016,1016.0,7.2,16.1,51,2022-11-26,0
2022-11-26 01:00:00,58.3,98,57.8,0.008,1015.6,7.7,12.8,51,2022-11-26,1
2022-11-26 02:00:00,58.4,99,58.0,0.016,1014.7,7.1,14.5,51,2022-11-26,2
2022-11-26 03:00:00,59.0,98,58.5,0.15,1013.2,11.2,18.8,63,2022-11-26,3
2022-11-26 04:00:00,59.6,98,59.2,0.394,1011.8,11.8,21.9,65,2022-11-26,4
2022-11-26 05:00:00,60.5,98,60.1,0.335,1011.1,9.9,21.9,65,2022-11-26,5
2022-11-26 06:00:00,61.9,98,61.4,0.051,1010.4,11.7,19.5,61,2022-11-26,6
2022-11-26 07:00:00,60.5,99,60.2,0.291,1011.7,3.5,23.5,63,2022-11-26,7
2022-11-26 08:00:00,59.7,98,59.2,0.681,1012.4,11.1,19.2,65,2022-11-26,8
2022-11-26 09:00:00,57.6,97,56.8,0.295,1012.6,10.8,19.5,63,2022-11-26,9
2022-11-26 10:00:00,57.7,94,55.9,0.031,1012.7,10.1,20.1,53,2022-11-26,10
2022-11-26 11:00:00,58.3,90,55.3,0.004,1012.2,8.1,17.7,51,2022-11-26,11
2022-11-26 12:00:00,60.6,81,54.8,0.0,1011.9,10.6,20.4,1,2022-11-26,12
2022-11-26 13:00:00,64.6,70,54.5,0.0,1010.8,11.2,22.6,0,2022-11-26,13
2022-11-26 14:00:00,66.2,62,52.9,0.0,1009.7,12.6,24.4,0,2022-11-26,14
2022-11-26 15:00:00,65.8,55,49.2,0.0,1009.2,14.5,26.8,0,2022-11-26,15
2022-11-26 16:00:00,64.3,55,47.8,0.0,1009.3,14.8,28.4,0,2022-11-26,16
2022-11-26 17:00:00,62.2,48,42.3,0.0,1009.5,15.5,29.3,0,2022-11-26,17
2022-11-26 18:00:00,59.2,55,42.8,0.0,1009.9,12.2,28.0,0,2022-11-26,18
2022-11-26 19:00:00,56.9,54,40.6,0.0,1010.6,8.3,21.3,0,2022-11-26,19
2022-11-26 20:00:00,54.6,59,40.7,0.0,1011.1,6.2,14.3,0,2022-11-26,20
2022-11-26 21:00:00,53.1,62,40.5,0.0,1011.5,6.1,11.4,0,2022-11-26,21
2022-11-26 22:00:00,51.4,66,40.5,0.0,1011.8,5.5,9.8,0,2022-11-26,22
2022-11-26 23:00:00,50.5,68,40.5,0.0,1011.8,6.2,9.8,0,2022-11-26,23
2022-11-27 00:00:00,50.5,67,39.9,0.0,1011.8,7.1,11.9,0,2022-11-27,0
2022-11-27 01:00:00,50.0,67,39.5,0.0,1011.5,7.0,11.6,0,2022-11-27,1
2022-11-27 02:00:00,50.1,66,39.2,0.0,1011.3,7.3,12.3,0,2022-11-27,2
2022-11-27 03:00:00,50.0,66,39.2,0.0,1011.2,7.1,11.9,0,2022-11-27,3
2022-11-27 04:00:00,50.4,65,39.1,0.0,1011.4,8.4,13.6,0,2022-11-27,4
2022-11-27 05:00:00,50.7,65,39.4,0.0,1011.7,8.7,14.5,0,2022-11-27,5
2022-11-27 06:00:00,50.9,66,40.0,0.0,1012.1,8.1,14.5,0,2022-11-27,6
2022-11-27 07:00:00,54.7,65,43.1,0.0,1012.1,11.0,14.3,0,2022-11-27,7
2022-11-27 08:00:00,53.8,68,43.5,0.0,1012.8,10.3,18.8,0,2022-11-27,8
2022-11-27 09:00:00,55.4,67,44.6,0.0,1013.5,10.5,17.7,0,2022-11-27,9
2022-11-27 10:00:00,58.9,66,47.5,0.0,1014.1,8.6,18.1,0,2022-11-27,10
2022-11-27 11:00:00,62.0,64,49.5,0.0,1014.5,9.5,18.3,0,2022-11-27,11
2022-11-27 12:00:00,64.8,62,51.4,0.0,1014.3,9.1,18.8,0,2022-11-27,12
2022-11-27 13:00:00,66.8,56,50.8,0.0,1013.6,8.5,18.6,0,2022-11-27,13
2022-11-27 14:00:00,68.0,54,50.6,0.0,1012.7,6.9,17.7,0,2022-11-27,14
2022-11-27 15:00:00,68.8,51,50.1,0.0,1012.1,6.1,15.0,0,2022-11-27,15
2022-11-27 16:00:00,68.8,52,50.6,0.0,1011.9,5.0,13.2,0,2022-11-27,16
2022-11-27 17:00:00,67.6,58,52.4,0.0,1011.8,4.7,10.5,0,2022-11-27,17
2022-11-27 18:00:00,61.3,77,54.0,0.0,1012.1,5.3,8.1,0,2022-11-27,18
2022-11-27 19:00:00,59.4,77,52.0,0.0,1012.5,6.3,7.8,0,2022-11-27,19
2022-11-27 20:00:00,58.5,79,51.8,0.0,1013.2,4.7,7.4,0,2022-11-27,20
2022-11-27 21:00:00,57.0,78,50.3,0.0,1014.0,6.0,9.8,0,2022-11-27,21
2022-11-27 22:00:00,55.1,78,48.6,0.0,1014.8,5.4,9.6,0,2022-11-27,22
2022-11-27 23:00:00,53.6,81,48.0,0.0,1015.4,5.6,9.2,0,2022-11-27,23
2022-11-28 00:00:00,52.3,85,47.8,0.0,1015.9,5.2,9.2,0,2022-11-28,0
2022-11-28 01:00:00,51.6,87,47.8,0.0,1016.1,5.1,8.3,0,2022-11-28,1
2022-11-28 02:00:00,51.1,88,47.8,0.0,1015.9,4.9,8.3,0,2022-11-28,2
2022-11-28 03:00:00,50.2,90,47.4,0.0,1015.8,4.6,8.1,0,2022-11-28,3
2022-11-28 04:00:00,49.0,92,46.8,0.0,1015.4,4.4,7.2,0,2022-11-28,4
2022-11-28 05:00:00,48.4,93,46.5,0.0,1015.4,4.3,6.9,0,2022-11-28,5
2022-11-28 06:00:00,47.8,94,46.1,0.0,1015.7,4.3,6.9,0,2022-11-28,6
2022-11-28 07:00:00,47.3,95,46.0,0.0,1016.0,4.2,6.7,0,2022-11-28,7
2022-11-28 08:00:00,45.0,97,44.1,0.0,1016.4,6.2,7.4,0,2022-11-28,8
2022-11-28 09:00:00,50.6,90,47.9,0.0,1016.8,5.0,8.3,0,2022-11-28,9
2022-11-28 10:00:00,56.2,83,51.0,0.0,1017.0,3.4,8.7,0,2022-11-28,10
2022-11-28 11:00:00,62.0,73,53.2,0.0,1017.1,3.4,9.4,0,2022-11-28,11
2022-11-28 12:00:00,66.3,62,52.7,0.0,1016.6,3.2,9.8,0,2022-11-28,12
2022-11-28 13:00:00,68.8,57,53.2,0.0,1015.8,3.1,9.6,0,2022-11-28,13
2022-11-28 14:00:00,70.4,57,54.4,0.0,1014.7,4.5,11.2,0,2022-11-28,14
2022-11-28 15:00:00,71.2,58,55.4,0.0,1013.8,5.3,12.1,0,2022-11-28,15
2022-11-28 16:00:00,70.7,60,55.9,0.0,1013.4,6.7,13.2,0,2022-11-28,16
2022-11-28 17:00:00,68.2,64,55.7,0.0,1012.9,9.1,16.3,0,2022-11-28,17
2022-11-28 18:00:00,63.5,72,54.3,0.0,1012.9,7.6,15.9,0,2022-11-28,18
2022-11-28 19:00:00,60.8,77,53.7,0.0,1012.5,7.8,13.0,0,2022-11-28,19
2022-11-28 20:00:00,59.4,84,54.4,0.0,1012.5,8.6,14.5,0,2022-11-28,20
2022-11-28 21:00:00,58.8,90,55.9,0.0,1012.7,8.6,15.0,0,2022-11-28,21
2022-11-28 22:00:00,59.5,93,57.3,0.0,1012.8,8.3,14.8,3,2022-11-28,22
2022-11-28 23:00:00,62.2,91,59.7,0.004,1012.4,8.6,14.8,51,2022-11-28,23
2022-11-29 00:00:00,64.5,94,62.6,0.0,1012.0,8.6,16.3,2,2022-11-29,0
2022-11-29 01:00:00,64.5,97,63.6,0.0,1011.3,7.0,14.5,3,2022-11-29,1
2022-11-29 02:00:00,66.9,96,65.8,0.0,1010.5,10.1,17.2,3,2022-11-29,2
2022-11-29 03:00:00,67.4,97,66.6,0.004,1009.8,9.0,17.2,51,2022-11-29,3
2022-11-29 04:00:00,67.9,98,67.4,0.004,1009.3,8.7,15.7,51,2022-11-29,4
2022-11-29 05:00:00,68.9,98,68.4,0.0,1009.2,8.7,15.0,3,2022-11-29,5
2022-11-29 06:00:00,70.2,97,69.3,0.004,1009.2,10.7,17.9,51,2022-11-29,6
2022-11-29 07:00:00,70.2,99,69.9,0.0,1009.3,8.2,18.6,3,2022-11-29,7
2022-11-29 08:00:00,70.1,99,69.7,0.016,1009.6,8.2,18.3,51,2022-11-29,8
2022-11-29 09:00:00,71.1,95,69.6,0.004,1009.9,9.0,17.9,51,2022-11-29,9
2022-11-29 10:00:00,70.6,96,69.4,0.02,1010.1,8.2,20.6,53,2022-11-29,10
2022-11-29 11:00:00,72.3,92,69.9,0.004,1010.1,11.1,19.5,51,2022-11-29,11
2022-11-29 12:00:00,75.0,85,70.2,0.0,1009.6,15.1,26.8,3,2022-11-29,12
2022-11-29 13:00:00,77.4,81,71.1,0.008,1008.6,14.5,28.9,51,2022-11-29,13
2022-11-29 14:00:00,76.6,85,71.7,0.016,1007.6,12.4,27.7,51,2022-11-29,14
2022-11-29 15:00:00,77.6,81,71.2,0.039,1006.8,15.9,30.0,55,2022-11-29,15
2022-11-29 16:00:00,77.6,81,71.5,0.004,1006.7,17.7,31.8,51,2022-11-29,16
2022-11-29 17:00:00,78.1,80,71.3,0.0,1006.6,14.6,31.8,1,2022-11-29,17
2022-11-29 18:00:00,76.3,84,71.2,0.0,1007.4,10.8,25.7,0,2022-11-29,18
2022-11-29 19:00:00,73.8,94,72.0,0.0,1008.0,7.6,18.8,1,2022-11-29,19
2022-11-29 20:00:00,74.1,94,72.3,0.008,1008.8,9.3,15.7,51,2022-11-29,20
2022-11-29 21:00:00,73.4,95,71.9,0.0,1009.8,9.8,17.2,0,2022-11-29,21
2022-11-29 22:00:00,72.4,96,71.3,0.0,1011.0,8.5,16.8,1,2022-11-29,22
2022-11-29 23:00:00,71.9,97,71.1,0.0,1011.9,7.9,14.5,0,2022-11-29,23
2022-11-30 00:00:00,71.0,98,70.2,0.0,1013.0,7.6,13.4,0,2022-11-30,0
2022-11-30 01:00:00,69.8,99,69.4,0.0,1013.5,6.6,12.8,0,2022-11-30,1
2022-11-30 02:00:00,69.3,99,68.9,0.0,1013.9,6.4,11.2,0,2022-11-30,2
2022-11-30 03:00:00,68.8,99,68.5,0.0,1015.0,11.2,17.4,3,2022-11-30,3
2022-11-30 04:00:00,59.7,86,55.7,0.0,1016.7,17.9,33.1,0,2022-11-30,4
2022-11-30 05:00:00,53.4,83,48.3,0.0,1018.4,16.1,30.9,0,2022-11-30,5
2022-11-30 06:00:00,50.6,73,42.3,0.0,1020.0,15.0,28.0,0,2022-11-30,6
2022-11-30 07:00:00,51.2,74,43.1,0.0,1020.7,14.5,26.4,0,2022-11-30,7
2022-11-30 08:00:00,49.9,65,38.5,0.0,1022.1,13.7,25.5,0,2022-11-30,8
2022-11-30 09:00:00,49.9,60,36.5,0.0,1023.7,12.8,24.4,0,2022-11-30,9
2022-11-30 10:00:00,50.8,55,35.4,0.0,1024.9,13.7,25.5,0,2022-11-30,10
2022-11-30 11:00:00,52.7,54,36.5,0.0,1025.8,13.1,25.7,0,2022-11-30,11
2022-11-30 12:00:00,55.3,50,37.1,0.0,1026.1,12.5,25.1,0,2022-11-30,12
2022-11-30 13:00:00,57.8,46,37.0,0.0,1025.6,12.8,25.3,0,2022-11-30,13
2022-11-30 14:00:00,59.7,43,37.2,0.0,1024.9,12.6,25.1,0,2022-11-30,14
2022-11-30 15:00:00,60.3,43,37.8,0.0,1024.9,12.6,25.1,0,2022-11-30,15
2022-11-30 16:00:00,59.9,43,37.5,0.0,1025.0,12.5,24.4,0,2022-11-30,16
2022-11-30 17:00:00,58.6,44,36.7,0.0,1025.3,11.7,23.5,0,2022-11-30,17
2022-11-30 18:00:00,55.9,47,35.9,0.0,1026.0,9.0,20.6,0,2022-11-30,18
2022-11-30 19:00:00,53.4,46,33.1,0.0,1026.9,8.6,15.7,0,2022-11-30,19
2022-11-30 20:00:00,52.2,47,32.5,0.0,1027.3,9.3,16.1,0,2022-11-30,20
2022-11-30 21:00:00,51.3,47,31.8,0.0,1028.0,9.3,16.3,0,2022-11-30,21
2022-11-30 22:00:00,50.4,48,31.5,0.0,1028.1,9.3,16.3,0,2022-11-30,22
2022-11-30 23:00:00,49.5,48,30.8,0.0,1028.0,9.2,16.3,0,2022-11-30,23
2022-12-01 00:00:00,48.7,46,28.9,0.0,1027.9,8.3,15.9,0,2022-12-01,0
2022-12-01 01:00:00,47.4,45,26.9,0.0,1027.9,7.0,14.1,1,2022-12-01,1
2022-12-01 02:00:00,46.3,43,25.2,0.0,1027.8,7.2,11.9,0,2022-12-01,2
2022-12-01 03:00:00,45.5,43,24.4,0.0,1027.5,7.6,12.8,0,2022-12-01,3
2022-12-01 04:00:00,44.7,44,24.1,0.0,1027.3,7.5,12.8,0,2022-12-01,4
2022-12-01 05:00:00,44.0,46,24.5,0.0,1027.3,7.9,13.4,0,2022-12-01,5
2022-12-01 06:00:00,43.3,48,25.1,0.0,1027.3,8.0,13.6,0,2022-12-01,6
2022-12-01 07:00:00,41.2,58,27.5,0.0,1028.4,8.0,13.6,0,2022-12-01,7
2022-12-01 08:00:00,40.5,61,28.3,0.0,1028.5,8.1,14.1,0,2022-12-01,8
2022-12-01 09:00:00,42.4,63,30.9,0.0,1029.0,6.8,14.8,0,2022-12-01,9
2022-12-01 10:00:00,45.8,58,31.9,0.0,1029.9,6.3,13.2,0,2022-12-01,10
2022-12-01 11:00:00,49.1,53,32.9,0.0,1030.1,5.9,13.9,0,2022-12-01,11
2022-12-01 12:00:00,52.4,50,34.3,0.0,1029.4,5.3,13.6,0,2022-12-01,12
2022-12-01 13:00:00,55.4,47,35.4,0.0,1028.4,5.4,13.9,0,2022-12-01,13
2022-12-01 14:00:00,57.5,46,36.8,0.0,1027.2,5.2,13.6,0,2022-12-01,14
2022-12-01 15:00:00,58.5,48,38.7,0.0,1026.4,5.3,13.2,0,2022-12-01,15
2022-12-01 16:00:00,58.8,50,40.2,0.0,1026.0,5.2,13.0,0,2022-12-01,16
2022-12-01 17:00:00,58.2,53,41.1,0.0,1025.7,5.7,12.1,0,2022-12-01,17
2022-12-01 18:00:00,55.5,61,42.3,0.0,1025.6,4.6,11.4,0,2022-12-01,18
2022-12-01 19:00:00,53.9,68,43.7,0.0,1024.8,4.9,7.8,0,2022-12-01,19
2022-12-01 20:00:00,53.6,67,43.1,0.0,1024.8,8.1,13.4,1,2022-12-01,20
2022-12-01 21:00:00,53.2,66,42.0,0.0,1024.6,9.5,16.6,3,2022-12-01,21
2022-12-01 22:00:00,53.5,67,42.8,0.004,1024.9,7.6,16.3,51,2022-12-01,22
2022-12-01 23:00:00,53.0,70,43.5,0.0,1024.6,6.3,13.4,3,2022-12-01,23
2022-12-02 00:00:00,52.8,71,43.6,0.0,1024.2,10.0,16.8,0,2022-12-02,0
2022-12-02 01:00:00,52.2,75,44.6,0.0,1023.6,8.1,16.8,1,2022-12-02,1
2022-12-02 02:00:00,52.6,81,46.8,0.0,1023.0,7.1,13.6,3,2022-12-02,2
2022-12-02 03:00:00,54.4,83,49.5,0.0,1022.3,7.4,12.8,1,2022-12-02,3
2022-12-02 04:00:00,55.0,89,51.7,0.0,1021.8,7.9,13.0,3,2022-12-02,4
2022-12-02 05:00:00,57.1,89,53.8,0.0,1021.3,8.4,14.1,3,2022-12-02,5
2022-12-02 06:00:00,59.3,88,55.8,0.0,1021.0,8.8,15.0,3,2022-12-02,6
2022-12-02 07:00:00,60.0,91,57.4,0.0,1021.4,9.6,16.8,3,2022-12-02,7
2022-12-02 08:00:00,60.7,94,59.1,0.0,1021.2,9.6,16.6,3,2022-12-02,8
2022-12-02 09:00:00,63.2,93,61.1,0.0,1021.3,10.1,17.2,3,2022-12-02,9
2022-12-02 10:00:00,65.9,91,63.1,0.0,1021.6,10.4,18.3,3,2022-12-02,10
2022-12-02 11:00:00,68.4,90,65.2,0.004,1021.7,11.2,19.7,51,2022-12-02,11
2022-12-02 12:00:00,70.7,88,67.1,0.0,1021.3,11.8,21.3,3,2022-12-02,12
2022-12-02 13:00:00,72.2,89,68.7,0.008,1020.5,9.5,20.6,51,2022-12-02,13
2022-12-02 14:00:00,73.3,89,69.7,0.012,1019.4,8.9,17.2,51,2022-12-02,14
2022-12-02 15:00:00,76.2,82,70.2,0.008,1018.5,9.9,19.5,51,2022-12-02,15
2022-12-02 16:00:00,77.5,80,70.7,0.012,1018.3,10.5,19.2,51,2022-12-02,16
2022-12-02 17:00:00,77.0,79,70.1,0.0,1018.4,9.7,19.2,2,2022-12-02,17
2022-12-02 18:00:00,75.0,84,69.7,0.004,1019.0,7.5,16.8,51,2022-12-02,18
2022-12-02 19:00:00,72.4,94,70.7,0.012,1019.7,8.3,12.5,51,2022-12-02,19
2022-12-02 20:00:00,71.4,96,70.3,0.004,1020.4,8.1,13.9,51,2022-12-02,20
2022-12-02 21:00:00,71.1,98,70.3,0.0,1021.0,8.3,13.9,3,2022-12-02,21
2022-12-02 22:00:00,70.9,98,70.4,0.0,1021.5,9.2,15.9,3,2022-12-02,22
2022-12-02 23:00:00,71.2,98,70.6,0.0,1021.8,10.5,18.1,3,2022-12-02,23
2022-12-03 00:00:00,71.7,97,70.7,0.0,1021.7,11.8,20.1,1,2022-12-03,0
2022-12-03 01:00:00,71.0,98,70.2,0.0,1021.7,9.3,20.6,0,2022-12-03,1
2022-12-03 02:00:00,69.8,98,69.3,0.0,1022.2,5.7,15.9,3,2022-12-03,2
2022-12-03 03:00:00,70.1,99,69.8,0.0,1022.5,4.9,9.8,3,2022-12-03,3
2022-12-03 04:00:00,69.8,99,69.4,0.0,1022.9,3.8,8.3,3,2022-12-03,4
2022-12-03 05:00:00,69.3,98,68.9,0.0,1023.6,2.9,6.0,3,2022-12-03,5
2022-12-03 06:00:00,69.1,98,68.6,0.0,1024.0,3.3,5.1,3,2022-12-03,6
2022-12-03 07:00:00,69.6,99,69.4,0.0,1024.1,3.3,5.4,3,2022-12-03,7
2022-12-03 08:00:00,69.5,99,69.3,0.0,1025.1,2.1,5.6,3,2022-12-03,8
2022-12-03 09:00:00,69.8,99,69.4,0.012,1026.1,4.3,7.2,51,2022-12-03,9
2022-12-03 10:00:00,69.8,98,69.2,0.039,1026.8,5.8,10.3,55,2022-12-03,10
2022-12-03 11:00:00,70.6,94,68.7,0.016,1027.2,5.5,10.7,51,2022-12-03,11
2022-12-03 12:00:00,71.1,92,68.5,0.004,1027.0,5.4,12.5,51,2022-12-03,12
2022-12-03 13:00:00,72.9,83,67.4,0.0,1026.3,5.7,12.3,3,2022-12-03,13
2022-12-03 14:00:00,73.9,78,66.7,0.0,1025.4,5.1,12.1,3,2022-12-03,14
2022-12-03 15:00:00,75.8,73,66.7,0.0,1024.8,5.7,12.3,3,2022-12-03,15
2022-12-03 16:00:00,75.8,72,66.2,0.0,1024.4,5.7,12.3,3,2022-12-03,16
2022-12-03 17:00:00,75.2,73,65.8,0.0,1024.4,5.2,12.1,3,2022-12-03,17
2022-12-03 18:00:00,73.3,78,65.9,0.0,1024.9,4.0,9.6,3,2022-12-03,18
2022-12-03 19:00:00,69.0,86,64.5,0.0,1025.5,7.4,7.4,3,2022-12-03,19
2022-12-03 20:00:00,67.2,86,62.9,0.0,1026.1,8.7,15.0,2,2022-12-03,20
2022-12-03 21:00:00,65.5,85,61.0,0.0,1026.8,8.1,15.2,1,2022-12-03,21
2022-12-03 22:00:00,64.0,85,59.5,0.0,1027.0,7.6,14.3,0,2022-12-03,22
2022-12-03 23:00:00,62.9,86,58.7,0.0,1027.2,6.4,13.0,1,2022-12-03,23
2022-12-04 00:00:00,61.9,88,58.4,0.0,1026.7,5.9,11.0,3,2022-12-04,0
2022-12-04 01:00:00,61.6,89,58.2,0.0,1026.1,5.6,10.1,3,2022-12-04,1
2022-12-04 02:00:00,61.4,87,57.6,0.0,1025.6,5.8,9.8,3,2022-12-04,2
2022-12-04 03:00:00,61.4,82,55.9,0.0,1025.2,6.5,11.2,3,2022-12-04,3
2022-12-04 04:00:00,61.3,79,54.8,0.0,1024.8,6.3,11.4,2,2022-12-04,4
2022-12-04 05:00:00,60.7,78,54.0,0.0,1024.6,5.9,11.2,3,2022-12-04,5
2022-12-04 06:00:00,60.8,79,54.1,0.0,1024.9,5.9,10.3,3,2022-12-04,6
2022-12-04 07:00:00,59.6,84,54.7,0.0,1024.7,8.0,10.3,3,2022-12-04,7
2022-12-04 08:00:00,60.1,85,55.7,0.016,1025.3,2.7,13.0,51,2022-12-04,8
2022-12-04 09:00:00,60.3,90,57.4,0.016,1025.6,4.3,7.8,51,2022-12-04,9
2022-12-04 10:00:00,60.9,89,57.5,0.0,1025.7,5.5,10.5,2,2022-12-04,10
2022-12-04 11:00:00,64.1,82,58.5,0.0,1025.4,4.9,13.0,3,2022-12-04,11
2022-12-04 12:00:00,66.1,78,59.1,0.0,1024.9,2.2,11.4,3,2022-12-04,12
2022-12-04 13:00:00,66.1,79,59.4,0.004,1023.9,2.2,7.8,51,2022-12-04,13
2022-12-04 14:00:00,66.4,80,60.1,0.012,1022.5,2.1,6.7,51,2022-12-04,14
2022-12-04 15:00:00,67.7,79,60.9,0.0,1021.5,1.5,6.7,3,2022-12-04,15
2022-12-04 16:00:00,68.5,79,61.7,0.0,1020.8,1.4,6.5,3,2022-12-04,16
2022-12-04 17:00:00,68.9,80,62.3,0.0,1020.5,2.9,6.5,3,2022-12-04,17
2022-12-04 18:00:00,68.1,83,62.8,0.0,1019.9,4.9,8.7,0,2022-12-04,18
2022-12-04 19:00:00,64.6,94,62.7,0.0,1020.0,5.0,8.5,0,2022-12-04,19
2022-12-04 20:00:00,63.2,97,62.2,0.0,1020.0,3.6,8.3,2,2022-12-04,20
2022-12-04 21:00:00,63.3,97,62.4,0.0,1019.9,4.5,7.4,1,2022-12-04,21
2022-12-04 22:00:00,62.7,98,62.2,0.0,1020.0,5.3,8.5,3,2022-12-04,22
2022-12-04 23:00:00,63.0,98,62.5,0.0,1019.5,5.9,10.7,3,2022-12-04,23
2022-12-05 00:00:00,64.0,96,62.9,0.0,1018.9,6.1,10.5,3,2022-12-05,0
2022-12-05 01:00:00,64.7,96,63.5,0.0,1018.1,6.3,10.7,3,2022-12-05,1
2022-12-05 02:00:00,64.9,97,64.0,0.0,1017.7,6.0,10.5,3,2022-12-05,2
2022-12-05 03:00:00,65.2,97,64.3,0.0,1017.3,6.1,11.0,3,2022-12-05,3
2022-12-05 04:00:00,65.7,96,64.4,0.0,1016.9,5.6,10.5,3,2022-12-05,4
2022-12-05 05:00:00,66.1,94,64.4,0.0,1016.3,4.5,9.2,3,2022-12-05,5
2022-12-05 06:00:00,66.6,93,64.4,0.0,1016.0,5.8,9.6,3,2022-12-05,6
2022-12-05 07:00:00,67.6,99,67.5,0.0,1015.2,8.8,12.1,3,2022-12-05,7
2022-12-05 08:00:00,68.1,99,67.7,0.004,1015.4,9.0,18.1,51,2022-12-05,8
2022-12-05 09:00:00,68.6,98,68.0,0.008,1016.0,6.9,15.4,51,2022-12-05,9
2022-12-05 10:00:00,69.3,99,69.2,0.008,1016.3,5.8,11.6,51,2022-12-05,10
2022-12-05 11:00:00,70.5,96,69.4,0.012,1016.4,6.8,15.0,51,2022-12-05,11
2022-12-05 12:00:00,72.2,92,69.6,0.0,1016.1,9.7,19.0,3,2022-12-05,12
2022-12-05 13:00:00,74.2,82,68.4,0.004,1014.9,11.8,23.0,51,2022-12-05,13
2022-12-05 14:00:00,77.8,71,67.5,0.0,1013.6,14.7,27.5,2,2022-12-05,14
2022-12-05 15:00:00,78.2,69,67.1,0.004,1012.7,14.8,28.2,51,2022-12-05,15
2022-12-05 16:00:00,78.4,67,66.6,0.0,1012.0,13.9,27.7,1,2022-12-05,16
2022-12-05 17:00:00,77.7,68,66.2,0.0,1011.9,11.9,26.2,0,2022-12-05,17
2022-12-05 18:00:00,75.3,72,65.8,0.0,1012.3,9.0,21.3,0,2022-12-05,18
2022-12-05 19:00:00,73.8,79,67.0,0.0,1012.3,8.3,15.4,0,2022-12-05,19
2022-12-05 20:00:00,72.1,85,67.2,0.0,1012.7,7.4,14.1,0,2022-12-05,20
2022-12-05 21:00:00,70.9,91,68.1,0.0,1013.1,8.6,15.0,2,2022-12-05,21
2022-12-05 22:00:00,70.8,95,69.3,0.0,1013.3,9.0,15.7,3,2022-12-05,22
2022-12-05 23:00:00,72.1,93,69.9,0.0,1013.5,10.3,18.1,3,2022-12-05,23
2022-12-06 00:00:00,72.1,92,69.7,0.0,1013.6,10.9,19.0,3,2022-12-06,0
2022-12-06 01:00:00,71.9,92,69.3,0.0,1013.5,11.2,19.7,3,2022-12-06,1
2022-12-06 02:00:00,71.6,90,68.6,0.0,1013.5,11.0,19.7,3,2022-12-06,2
2022-12-06 03:00:00,71.4,88,67.8,0.0,1013.4,10.6,19.7,3,2022-12-06,3
2022-12-06 04:00:00,70.5,92,68.1,0.0,1013.2,10.0,18.8,1,2022-12-06,4
2022-12-06 05:00:00,68.9,96,67.6,0.0,1013.5,7.8,17.4,1,2022-12-06,5
2022-12-06 06:00:00,68.1,97,67.1,0.0,1013.9,6.5,13.4,3,2022-12-06,6
2022-12-06 07:00:00,69.4,96,68.3,0.0,1014.0,7.5,11.4,3,2022-12-06,7
2022-12-06 08:00:00,68.7,97,67.7,0.0,1014.6,6.6,13.0,1,2022-12-06,8
2022-12-06 09:00:00,70.2,93,68.3,0.0,1015.4,7.9,12.8,2,2022-12-06,9
2022-12-06 10:00:00,73.3,87,69.1,0.008,1016.2,12.0,20.6,51,2022-12-06,10
2022-12-06 11:00:00,75.1,81,68.9,0.004,1016.8,14.1,25.1,51,2022-12-06,11
2022-12-06 12:00:00,77.1,75,68.6,0.012,1016.8,14.8,26.6,51,2022-12-06,12
2022-12-06 13:00:00,78.1,71,68.0,0.004,1016.0,13.9,27.3,51,2022-12-06,13
2022-12-06 14:00:00,79.2,69,68.2,0.004,1015.2,13.6,26.2,51,2022-12-06,14
2022-12-06 15:00:00,80.2,66,67.9,0.0,1014.8,13.7,26.4,1,2022-12-06,15
2022-12-06 16:00:00,79.9,68,68.4,0.004,1014.9,13.2,25.7,51,2022-12-06,16
2022-12-06 17:00:00,79.0,70,68.3,0.0,1015.1,10.2,23.9,2,2022-12-06,17
2022-12-06 18:00:00,76.9,75,68.4,0.0,1015.6,8.5,18.3,1,2022-12-06,18
2022-12-06 19:00:00,74.7,83,69.3,0.0,1015.8,9.2,15.9,1,2022-12-06,19
2022-12-06 20:00:00,73.8,87,69.6,0.0,1016.5,9.4,17.2,3,2022-12-06,20
2022-12-06 21:00:00,72.7,89,69.3,0.0,1017.3,8.1,16.6,3,2022-12-06,21
2022-12-06 22:00:00,70.2,95,68.6,0.0,1018.0,7.2,14.1,1,2022-12-06,22
2022-12-06 23:00:00,69.2,96,67.9,0.0,1018.4,7.2,12.5,1,2022-12-06,23
2022-12-07 00:00:00,68.5,96,67.4,0.0,1018.8,6.8,12.5,0,2022-12-07,0
2022-12-07 01:00:00,67.6,97,66.7,0.0,1019.3,6.1,11.2,1,2022-12-07,1
2022-12-07 02:00:00,67.4,97,66.6,0.0,1019.4,6.1,10.3,0,2022-12-07,2
2022-12-07 03:00:00,67.0,98,66.3,0.0,1019.5,5.2,10.1,1,2022-12-07,3
2022-12-07 04:00:00,66.7,98,66.1,0.0,1020.0,4.3,8.5,1,2022-12-07,4
2022-12-07 05:00:00,65.4,99,65.1,0.0,1020.2,4.3,6.7,2,2022-12-07,5
2022-12-07 06:00:00,66.6,98,66.1,0.0,1020.5,3.2,5.6,3,2022-12-07,6
2022-12-07 07:00:00,69.8,100,69.7,0.0,1021.2,2.8,6.3,3,2022-12-07,7
2022-12-07 08:00:00,70.0,98,69.5,0.055,1021.6,3.2,9.8,61,2022-12-07,8
2022-12-07 09:00:00,70.8,98,70.1,0.063,1022.3,3.8,7.8,61,2022-12-07,9
2022-12-07 10:00:00,71.2,96,69.8,0.106,1023.1,4.0,8.3,63,2022-12-07,10
2022-12-07 11:00:00,73.7,86,69.3,0.043,1023.6,4.9,11.0,55,2022-12-07,11
2022-12-07 12:00:00,77.0,74,68.0,0.051,1023.2,7.3,14.3,61,2022-12-07,12
2022-12-07 13:00:00,78.1,74,69.1,0.035,1022.4,8.6,16.1,53,2022-12-07,13
2022-12-07 14:00:00,80.0,64,66.8,0.008,1021.4,10.0,19.5,51,2022-12-07,14
2022-12-07 15:00:00,79.9,63,66.0,0.0,1020.7,10.0,19.7,2,2022-12-07,15
2022-12-07 16:00:00,79.2,65,66.4,0.0,1020.7,9.7,19.9,1,2022-12-07,16
2022-12-07 17:00:00,79.0,64,65.8,0.0,1020.7,7.4,17.9,1,2022-12-07,17
2022-12-07 18:00:00,76.1,72,66.4,0.0,1021.0,8.1,14.3,1,2022-12-07,18
2022-12-07 19:00:00,73.6,87,69.5,0.0,1021.5,8.4,14.5,1,2022-12-07,19
2022-12-07 20:00:00,72.1,94,70.2,0.0,1022.1,8.5,14.5,0,2022-12-07,20
2022-12-07 21:00:00,71.4,95,69.9,0.0,1022.6,7.9,14.8,1,2022-12-07,21
2022-12-07 22:00:00,70.7,96,69.3,0.0,1022.9,5.2,13.6,1,2022-12-07,22
2022-12-07 23:00:00,70.8,98,70.2,0.004,1023.0,7.1,11.9,51,2022-12-07,23
2022-12-08 00:00:00,71.1,98,70.5,0.0,1022.9,8.2,14.1,3,2022-12-08,0
2022-12-08 01:00:00,70.5,99,70.2,0.0,1022.8,8.2,14.8,3,2022-12-08,1
2022-12-08 02:00:00,70.7,97,69.9,0.0,1022.4,7.9,14.3,0,2022-12-08,2
2022-12-08 03:00:00,69.7,97,68.9,0.0,1022.2,6.8,13.6,0,2022-12-08,3
2022-12-08 04:00:00,68.5,98,67.9,0.0,1022.3,5.1,11.2,0,2022-12-08,4
2022-12-08 05:00:00,67.9,98,67.4,0.0,1022.3,4.8,8.3,0,2022-12-08,5
2022-12-08 06:00:00,67.1,98,66.7,0.0,1022.4,4.0,7.8,0,2022-12-08,6
2022-12-08 07:00:00,69.9,100,69.9,0.0,1022.2,4.7,8.3,0,2022-12-08,7
2022-12-08 08:00:00,69.8,100,69.7,0.02,1022.6,4.1,9.8,53,2022-12-08,8
2022-12-08 09:00:00,69.9,100,69.8,0.008,1022.7,3.8,9.4,51,2022-12-08,9
2022-12-08 10:00:00,71.0,97,70.2,0.004,1022.9,3.2,10.5,51,2022-12-08,10
2022-12-08 11:00:00,72.7,93,70.5,0.0,1023.0,4.1,10.1,3,2022-12-08,11
2022-12-08 12:00:00,75.6,80,69.1,0.004,1022.8,6.4,13.6,51,2022-12-08,12
2022-12-08 13:00:00,78.4,70,67.6,0.0,1021.9,6.9,15.2,0,2022-12-08,13
2022-12-08 14:00:00,79.2,66,66.9,0.004,1020.9,7.3,15.7,51,2022-12-08,14
2022-12-08 15:00:00,79.4,66,67.1,0.008,1020.1,7.3,15.7,51,2022-12-08,15
2022-12-08 16:00:00,79.0,65,66.2,0.0,1019.8,7.8,15.4,1,2022-12-08,16
2022-12-08 17:00:00,78.2,67,66.4,0.0,1019.6,7.4,15.7,1,2022-12-08,17
2022-12-08 18:00:00,75.6,73,66.5,0.0,1019.9,4.1,13.4,1,2022-12-08,18
2022-12-08 19:00:00,72.3,94,70.4,0.004,1020.2,6.4,6.7,51,2022-12-08,19
2022-12-08 20:00:00,71.4,95,69.8,0.0,1020.6,6.9,11.6,0,2022-12-08,20
2022-12-08 21:00:00,70.1,96,68.9,0.0,1020.7,8.1,13.9,0,2022-12-08,21
2022-12-08 22:00:00,69.0,97,68.1,0.0,1020.9,7.2,13.9,0,2022-12-08,22
2022-12-08 23:00:00,68.0,98,67.3,0.0,1021.1,6.0,12.1,0,2022-12-08,23
2022-12-09 00:00:00,67.1,98,66.7,0.0,1020.6,4.8,10.1,0,2022-12-09,0
2022-12-09 01:00:00,65.3,100,65.2,0.0,1020.7,3.8,7.8,0,2022-12-09,1
2022-12-09 02:00:00,65.6,100,65.6,0.0,1020.2,3.6,5.8,3,2022-12-09,2
2022-12-09 03:00:00,66.5,100,66.4,0.0,1019.9,4.0,7.6,3,2022-12-09,3
2022-12-09 04:00:00,67.2,100,67.1,0.0,1020.0,3.6,7.6,3,2022-12-09,4
2022-12-09 05:00:00,67.6,100,67.5,0.0,1020.0,2.9,6.5,3,2022-12-09,5
2022-12-09 06:00:00,67.9,100,67.9,0.0,1019.7,2.9,5.6,3,2022-12-09,6
2022-12-09 07:00:00,69.5,97,68.7,0.0,1019.9,3.5,6.9,3,2022-12-09,7
2022-12-09 08:00:00,69.8,100,69.8,0.039,1020.1,3.4,7.8,55,2022-12-09,8
2022-12-09 09:00:00,70.2,96,69.0,0.118,1020.9,2.6,7.6,63,2022-12-09,9
2022-12-09 10:00:00,71.8,93,69.5,0.004,1021.4,1.8,6.7,51,2022-12-09,10
2022-12-09 11:00:00,73.5,89,70.1,0.0,1021.9,3.6,10.7,1,2022-12-09,11
2022-12-09 12:00:00,75.2,82,69.2,0.004,1021.4,4.6,12.5,51,2022-12-09,12
2022-12-09 13:00:00,76.0,76,68.0,0.004,1020.3,7.2,15.2,51,2022-12-09,13
2022-12-09 14:00:00,77.3,70,66.8,0.0,1019.2,7.2,15.7,0,2022-12-09,14
2022-12-09 15:00:00,78.3,67,66.3,0.0,1018.3,6.5,15.2,0,2022-12-09,15
2022-12-09 16:00:00,78.0,67,66.1,0.0,1017.8,6.9,14.1,1,2022-12-09,16
2022-12-09 17:00:00,76.6,70,66.1,0.0,1017.7,7.8,14.5,1,2022-12-09,17
2022-12-09 18:00:00,74.0,79,67.0,0.0,1017.9,5.7,14.5,1,2022-12-09,18
2022-12-09 19:00:00,72.9,85,68.0,0.004,1018.0,7.0,10.1,51,2022-12-09,19
2022-12-09 20:00:00,72.1,84,67.2,0.0,1018.2,7.2,12.8,3,2022-12-09,20
2022-12-09 21:00:00,70.3,90,67.4,0.0,1018.8,6.3,12.3,1,2022-12-09,21
2022-12-09 22:00:00,69.1,95,67.7,0.0,1019.1,5.5,10.5,0,2022-12-09,22
2022-12-09 23:00:00,68.4,97,67.6,0.0,1019.1,6.0,9.8,1,2022-12-09,23
2022-12-10 00:00:00,68.1,98,67.5,0.0,1018.8,6.9,11.6,3,2022-12-10,0
2022-12-10 01:00:00,67.7,98,67.2,0.0,1018.5,6.4,11.6,3,2022-12-10,1
2022-12-10 02:00:00,67.3,98,66.7,0.0,1018.4,5.4,11.0,3,2022-12-10,2
2022-12-10 03:00:00,66.7,98,66.1,0.0,1018.4,4.5,8.9,2,2022-12-10,3
2022-12-10 04:00:00,66.2,98,65.7,0.0,1018.0,5.0,8.3,3,2022-12-10,4
2022-12-10 05:00:00,66.1,98,65.5,0.0,1018.2,5.2,8.7,1,2022-12-10,5
2022-12-10 06:00:00,65.8,98,65.2,0.0,1018.1,5.4,8.9,2,2022-12-10,6
2022-12-10 07:00:00,65.5,99,65.3,0.0,1018.5,3.9,8.9,0,2022-12-10,7
2022-12-10 08:00:00,64.8,99,64.6,0.0,1018.8,3.8,6.0,3,2022-12-10,8
2022-12-10 09:00:00,66.7,98,65.9,0.0,1019.2,4.9,7.4,3,2022-12-10,9
2022-12-10 10:00:00,70.0,92,67.5,0.0,1019.6,5.0,10.1,2,2022-12-10,10
2022-12-10 11:00:00,73.1,85,68.4,0.004,1019.7,7.0,14.1,51,2022-12-10,11
2022-12-10 12:00:00,76.0,75,67.6,0.008,1019.3,7.8,15.7,51,2022-12-10,12
2022-12-10 13:00:00,76.1,73,66.9,0.028,1018.4,8.7,18.8,53,2022-12-10,13
2022-12-10 14:00:00,76.9,76,68.9,0.008,1017.3,7.1,17.7,51,2022-12-10,14
2022-12-10 15:00:00,78.8,68,67.2,0.0,1016.4,6.8,17.4,3,2022-12-10,15
2022-12-10 16:00:00,75.8,73,66.7,0.012,1016.2,9.7,17.9,51,2022-12-10,16
2022-12-10 17:00:00,73.9,82,68.2,0.008,1016.3,6.6,17.7,51,2022-12-10,17
2022-12-10 18:00:00,71.0,88,67.4,0.024,1016.6,7.7,14.3,53,2022-12-10,18
2022-12-10 19:00:00,69.3,96,68.1,0.031,1016.7,3.8,13.9,53,2022-12-10,19
2022-12-10 20:00:00,69.3,96,68.0,0.004,1016.5,6.1,10.5,51,2022-12-10,20
2022-12-10 21:00:00,68.9,96,67.8,0.02,1017.0,5.0,10.3,53,2022-12-10,21
2022-12-10 22:00:00,67.3,97,66.3,0.224,1017.7,2.1,10.1,63,2022-12-10,22
2022-12-10 23:00:00,66.7,99,66.4,0.055,1016.8,7.0,12.5,61,2022-12-10,23
2022-12-11 00:00:00,66.6,99,66.2,0.083,1017.3,1.1,11.9,61,2022-12-11,0
2022-12-11 01:00:00,66.2,100,66.1,0.831,1017.8,6.1,14.5,65,2022-12-11,1
2022-12-11 02:00:00,66.0,99,65.8,0.217,1017.6,5.9,13.2,63,2022-12-11,2
2022-12-11 03:00:00,65.2,99,64.8,0.055,1016.8,4.2,13.4,61,2022-12-11,3
2022-12-11 04:00:00,64.8,99,64.7,0.004,1016.9,3.5,6.5,51,2022-12-11,4
2022-12-11 05:00:00,64.6,99,64.3,0.0,1016.4,3.2,5.8,3,2022-12-11,5
2022-12-11 06:00:00,64.5,99,64.3,0.0,1016.5,2.7,6.3,3,2022-12-11,6
2022-12-11 07:00:00,65.8,98,65.1,0.256,1018.2,9.6,7.8,63,2022-12-11,7
2022-12-11 08:00:00,64.5,98,63.8,0.343,1018.2,7.3,18.3,65,2022-12-11,8
2022-12-11 09:00:00,64.1,97,63.3,0.276,1018.2,7.2,12.5,63,2022-12-11,9
2022-12-11 10:00:00,64.4,95,62.9,0.055,1018.1,5.5,13.9,61,2022-12-11,10
2022-12-11 11:00:00,68.8,89,65.3,0.0,1018.9,4.1,13.0,1,2022-12-11,11
2022-12-11 12:00:00,70.9,81,64.8,0.004,1018.7,3.8,10.1,51,2022-12-11,12
2022-12-11 13:00:00,71.2,79,64.3,0.0,1017.7,6.5,13.4,3,2022-12-11,13
2022-12-11 14:00:00,72.0,73,63.0,0.0,1016.9,7.3,14.8,3,2022-12-11,14
2022-12-11 15:00:00,71.7,70,61.2,0.0,1016.3,8.7,16.6,3,2022-12-11,15
2022-12-11 16:00:00,70.5,70,60.3,0.0,1016.1,10.2,19.5,3,2022-12-11,16
2022-12-11 17:00:00,69.5,71,59.6,0.0,1016.1,9.0,19.7,2,2022-12-11,17
2022-12-11 18:00:00,68.4,73,59.6,0.0,1016.1,5.9,16.1,2,2022-12-11,18
2022-12-11 19:00:00,67.0,79,60.2,0.0,1016.6,5.5,10.3,1,2022-12-11,19
2022-12-11 20:00:00,64.9,83,59.7,0.0,1017.3,5.1,9.6,3,2022-12-11,20
2022-12-11 21:00:00,65.1,82,59.5,0.0,1017.7,5.9,10.3,3,2022-12-11,21
2022-12-11 22:00:00,64.8,83,59.5,0.0,1017.8,5.1,10.5,3,2022-12-11,22
2022-12-11 23:00:00,64.4,85,59.7,0.0,1018.0,4.3,8.9,3,2022-12-11,23
2022-12-12 00:00:00,64.1,86,59.9,0.0,1017.8,4.1,7.6,3,2022-12-12,0
2022-12-12 01:00:00,64.1,87,60.2,0.0,1017.7,4.2,7.4,3,2022-12-12,1
2022-12-12 02:00:00,64.1,88,60.5,0.012,1017.4,4.4,7.6,51,2022-12-12,2
2022-12-12 03:00:00,63.8,92,61.2,0.016,1017.2,5.2,8.5,51,2022-12-12,3
2022-12-12 04:00:00,63.5,94,61.6,0.0,1016.8,6.2,10.5,3,2022-12-12,4
2022-12-12 05:00:00,63.3,94,61.6,0.0,1016.5,6.0,10.7,3,2022-12-12,5
2022-12-12 06:00:00,63.2,95,61.7,0.004,1016.4,5.3,9.8,51,2022-12-12,6
2022-12-12 07:00:00,61.2,97,60.3,0.012,1016.9,5.4,8.9,51,2022-12-12,7
2022-12-12 08:00:00,61.6,97,60.7,0.004,1016.5,7.2,12.8,51,2022-12-12,8
2022-12-12 09:00:00,62.2,96,60.9,0.0,1016.8,9.4,15.7,3,2022-12-12,9
2022-12-12 10:00:00,63.5,92,61.2,0.0,1017.2,9.9,18.1,3,2022-12-12,10
2022-12-12 11:00:00,64.1,92,61.9,0.004,1017.4,8.4,18.6,51,2022-12-12,11
2022-12-12 12:00:00,66.7,87,62.7,0.004,1016.6,10.7,19.7,51,2022-12-12,12
2022-12-12 13:00:00,68.1,84,63.1,0.0,1015.6,12.1,22.4,3,2022-12-12,13
2022-12-12 14:00:00,69.6,81,63.6,0.004,1014.4,12.7,24.2,51,2022-12-12,14
2022-12-12 15:00:00,69.3,82,63.6,0.0,1013.8,12.8,23.9,3,2022-12-12,15
2022-12-12 16:00:00,69.0,83,63.7,0.0,1013.3,12.6,23.3,3,2022-12-12,16
2022-12-12 17:00:00,68.4,84,63.4,0.0,1013.0,11.4,23.0,3,2022-12-12,17
2022-12-12 18:00:00,67.9,85,63.3,0.0,1013.1,11.2,21.7,3,2022-12-12,18
2022-12-12 19:00:00,65.6,99,65.2,0.004,1012.3,11.5,21.5,51,2022-12-12,19
2022-12-12 20:00:00,65.7,97,64.8,0.012,1011.9,13.1,22.8,51,2022-12-12,20
2022-12-12 21:00:00,65.8,97,64.8,0.004,1011.8,11.5,23.0,51,2022-12-12,21
2022-12-12 22:00:00,66.0,98,65.5,0.004,1012.2,10.5,19.9,51,2022-12-12,22
2022-12-12 23:00:00,66.9,95,65.6,0.008,1012.0,12.1,20.6,51,2022-12-12,23
2022-12-13 00:00:00,67.1,95,65.7,0.004,1011.9,12.0,20.8,51,2022-12-13,0
2022-12-13 01:00:00,67.4,95,65.9,0.004,1011.3,12.2,21.0,51,2022-12-13,1
2022-12-13 02:00:00,67.1,95,65.5,0.004,1010.7,11.2,21.0,51,2022-12-13,2
2022-12-13 03:00:00,67.3,95,65.8,0.028,1010.3,10.7,19.2,53,2022-12-13,3
2022-12-13 04:00:00,67.2,96,66.0,0.004,1009.8,9.3,18.1,51,2022-12-13,4
2022-12-13 05:00:00,66.9,96,65.8,0.008,1009.2,9.2,16.1,51,2022-12-13,5
2022-12-13 06:00:00,66.6,97,65.8,0.0,1008.8,9.0,15.7,1,2022-12-13,6
2022-12-13 07:00:00,67.4,98,66.7,0.004,1008.7,9.6,16.6,51,2022-12-13,7
2022-12-13 08:00:00,67.9,97,66.9,0.004,1008.9,9.3,18.8,51,2022-12-13,8
2022-12-13 09:00:00,68.8,94,66.9,0.004,1008.6,10.1,16.6,51,2022-12-13,9
2022-12-13 10:00:00,71.0,91,68.1,0.008,1009.0,11.7,20.8,51,2022-12-13,10
2022-12-13 11:00:00,72.6,88,69.0,0.008,1009.0,14.2,26.4,51,2022-12-13,11
2022-12-13 12:00:00,74.2,87,70.2,0.008,1008.3,13.5,29.5,51,2022-12-13,12
2022-12-13 13:00:00,79.1,66,66.7,0.004,1006.7,19.0,33.8,51,2022-12-13,13
2022-12-13 14:00:00,80.1,62,65.9,0.004,1005.5,20.8,38.3,51,2022-12-13,14
2022-12-13 15:00:00,79.2,67,67.3,0.008,1004.7,20.8,42.5,51,2022-12-13,15
2022-12-13 16:00:00,76.6,71,66.7,0.012,1004.6,18.6,41.4,51,2022-12-13,16
2022-12-13 17:00:00,74.3,80,67.6,0.024,1004.9,20.1,38.5,53,2022-12-13,17
2022-12-13 18:00:00,73.4,86,68.9,0.016,1005.3,15.2,37.4,51,2022-12-13,18
2022-12-13 19:00:00,70.5,93,68.5,0.008,1005.8,8.1,26.8,51,2022-12-13,19
2022-12-13 20:00:00,69.3,97,68.3,0.028,1006.2,7.2,17.2,53,2022-12-13,20
2022-12-13 21:00:00,69.1,95,67.6,0.008,1006.8,8.7,13.6,51,2022-12-13,21
2022-12-13 22:00:00,67.5,95,65.8,0.012,1006.8,9.5,18.3,51,2022-12-13,22
2022-12-13 23:00:00,66.4,99,66.0,0.028,1007.2,2.4,15.7,53,2022-12-13,23
2022-12-14 00:00:00,66.7,98,66.0,0.067,1007.2,1.3,9.2,61,2022-12-14,0
2022-12-14 01:00:00,66.3,98,65.8,0.031,1006.7,3.1,5.8,53,2022-12-14,1
2022-12-14 02:00:00,66.4,98,65.9,0.008,1006.3,4.6,6.9,51,2022-12-14,2
2022-12-14 03:00:00,65.8,98,65.4,0.0,1006.0,6.6,11.2,3,2022-12-14,3
2022-12-14 04:00:00,65.7,98,65.1,0.0,1005.3,6.6,12.5,3,2022-12-14,4
2022-12-14 05:00:00,66.0,98,65.4,0.012,1005.0,5.9,11.4,51,2022-12-14,5
2022-12-14 06:00:00,65.6,99,65.3,0.004,1004.5,6.7,11.2,51,2022-12-14,6
2022-12-14 07:00:00,63.7,86,59.3,0.079,1006.1,8.9,16.3,61,2022-12-14,7
2022-12-14 08:00:00,62.3,78,55.2,0.004,1006.7,12.2,22.6,51,2022-12-14,8
2022-12-14 09:00:00,60.6,53,43.4,0.0,1008.1,14.8,25.9,3,2022-12-14,9
2022-12-14 10:00:00,62.2,42,38.5,0.0,1009.6,14.8,25.3,3,2022-12-14,10
2022-12-14 11:00:00,61.1,45,39.3,0.0,1009.9,15.2,28.2,3,2022-12-14,11
2022-12-14 12:00:00,61.4,45,39.7,0.0,1010.3,11.9,26.8,1,2022-12-14,12
2022-12-14 13:00:00,65.0,42,41.2,0.0,1009.7,8.2,21.3,3,2022-12-14,13
2022-12-14 14:00:00,63.8,43,40.9,0.0,1009.2,8.1,16.8,0,2022-12-14,14
2022-12-14 15:00:00,65.7,40,40.7,0.0,1008.5,7.0,17.4,0,2022-12-14,15
2022-12-14 16:00:00,65.7,40,40.4,0.0,1008.4,6.4,14.3,0,2022-12-14,16
2022-12-14 17:00:00,64.4,42,41.1,0.0,1009.2,9.4,17.0,0,2022-12-14,17
2022-12-14 18:00:00,61.5,45,40.0,0.0,1009.9,9.4,16.3,0,2022-12-14,18
2022-12-14 19:00:00,57.3,54,40.6,0.0,1010.5,6.5,18.1,0,2022-12-14,19
2022-12-14 20:00:00,57.5,36,31.0,0.0,1011.5,9.2,17.2,0,2022-12-14,20
2022-12-14 21:00:00,55.4,39,30.6,0.0,1012.7,7.9,15.4,0,2022-12-14,21
2022-12-14 22:00:00,53.8,42,31.2,0.0,1013.8,7.1,13.4,0,2022-12-14,22
2022-12-14 23:00:00,52.6,47,32.8,0.0,1014.9,8.5,15.4,0,2022-12-14,23
2022-12-15 00:00:00,50.6,51,33.3,0.0,1015.8,7.4,14.5,0,2022-12-15,0
2022-12-15 01:00:00,48.3,56,33.3,0.0,1016.3,4.9,12.3,0,2022-12-15,1
2022-12-15 02:00:00,46.4,60,33.4,0.0,1016.1,4.3,7.8,0,2022-12-15,2
2022-12-15 03:00:00,44.9,64,33.5,0.0,1016.0,4.1,6.7,0,2022-12-15,3
2022-12-15 04:00:00,43.8,66,33.2,0.0,1016.1,4.0,5.8,0,2022-12-15,4
2022-12-15 05:00:00,43.2,66,32.5,0.0,1016.3,4.3,6.5,0,2022-12-15,5
2022-12-15 06:00:00,41.5,72,33.1,0.0,1016.6,5.6,6.3,0,2022-12-15,6
2022-12-15 07:00:00,41.3,73,33.3,0.0,1017.0,6.0,6.7,0,2022-12-15,7
2022-12-15 08:00:00,44.5,61,32.1,0.0,1018.1,2.9,6.7,0,2022-12-15,8
2022-12-15 09:00:00,44.2,67,34.2,0.0,1019.0,1.7,3.4,0,2022-12-15,9
2022-12-15 10:00:00,48.7,64,37.2,0.0,1019.7,3.4,8.3,0,2022-12-15,10
2022-12-15 11:00:00,52.5,56,37.3,0.0,1020.3,2.5,8.7,0,2022-12-15,11
2022-12-15 12:00:00,55.4,49,36.6,0.0,1019.8,2.1,8.7,0,2022-12-15,12
2022-12-15 13:00:00,57.5,45,36.2,0.0,1018.6,2.3,8.9,0,2022-12-15,13
2022-12-15 14:00:00,58.9,41,35.2,0.0,1017.6,2.1,9.2,0,2022-12-15,14
2022-12-15 15:00:00,59.7,38,34.1,0.0,1016.7,1.4,8.5,0,2022-12-15,15
2022-12-15 16:00:00,59.9,38,34.1,0.0,1016.6,1.2,7.2,0,2022-12-15,16
2022-12-15 17:00:00,59.2,40,34.6,0.0,1016.6,0.7,6.0,0,2022-12-15,17
2022-12-15 18:00:00,57.6,50,39.2,0.0,1016.6,1.1,3.6,0,2022-12-15,18
2022-12-15 19:00:00,54.5,60,41.0,0.0,1016.2,3.4,4.0,0,2022-12-15,19
2022-12-15 20:00:00,52.2,63,39.9,0.0,1016.6,6.5,8.9,0,2022-12-15,20
2022-12-15 21:00:00,50.7,55,35.2,0.0,1017.2,6.1,12.5,0,2022-12-15,21
2022-12-15 22:00:00,48.7,61,36.0,0.0,1017.7,4.4,9.8,0,2022-12-15,22
2022-12-15 23:00:00,47.2,69,37.6,0.0,1018.1,5.8,7.6,0,2022-12-15,23
2022-12-16 00:00:00,50.5,59,36.5,0.0,1018.3,3.7,6.5,0,2022-12-16,0
2022-12-16 01:00:00,46.1,72,37.8,0.0,1017.9,3.0,4.0,0,2022-12-16,1
2022-12-16 02:00:00,44.0,84,39.6,0.0,1017.8,4.3,4.9,0,2022-12-16,2
2022-12-16 03:00:00,44.7,88,41.4,0.0,1017.6,3.3,5.6,0,2022-12-16,3
2022-12-16 04:00:00,44.7,89,41.6,0.0,1017.7,4.1,6.5,0,2022-12-16,4
2022-12-16 05:00:00,44.2,89,41.3,0.0,1017.9,4.0,6.5,0,2022-12-16,5
2022-12-16 06:00:00,44.6,86,40.7,0.0,1017.8,5.0,7.8,0,2022-12-16,6
2022-12-16 07:00:00,44.2,77,37.6,0.0,1017.7,5.5,8.5,0,2022-12-16,7
2022-12-16 08:00:00,44.2,77,37.4,0.0,1018.0,6.1,10.1,0,2022-12-16,8
2022-12-16 09:00:00,46.3,73,38.3,0.0,1018.2,7.2,11.6,0,2022-12-16,9
2022-12-16 10:00:00,51.1,69,41.1,0.0,1018.8,5.1,11.9,3,2022-12-16,10
2022-12-16 11:00:00,54.3,65,42.8,0.0,1019.1,5.3,11.4,0,2022-12-16,11
2022-12-16 12:00:00,59.3,57,44.2,0.0,1018.7,6.7,14.5,1,2022-12-16,12
2022-12-16 13:00:00,62.4,58,47.6,0.0,1017.7,7.6,16.1,1,2022-12-16,13
2022-12-16 14:00:00,64.6,64,52.1,0.0,1016.3,11.2,21.3,2,2022-12-16,14
2022-12-16 15:00:00,67.2,60,52.8,0.0,1015.2,12.3,25.1,3,2022-12-16,15
2022-12-16 16:00:00,66.8,59,52.2,0.0,1015.0,8.5,22.8,3,2022-12-16,16
2022-12-16 17:00:00,61.1,90,58.1,0.11,1015.7,7.7,15.0,63,2022-12-16,17
2022-12-16 18:00:00,54.8,92,52.4,0.008,1016.8,14.5,25.1,51,2022-12-16,18
2022-12-16 19:00:00,48.1,93,46.1,0.004,1017.9,12.1,25.5,51,2022-12-16,19
2022-12-16 20:00:00,45.9,90,43.1,0.012,1018.9,13.7,26.4,51,2022-12-16,20
2022-12-16 21:00:00,44.6,92,42.4,0.043,1019.8,12.2,24.4,55,2022-12-16,21
2022-12-16 22:00:00,44.3,96,43.2,0.043,1020.6,10.7,21.5,55,2022-12-16,22
2022-12-16 23:00:00,44.1,92,42.0,0.02,1021.1,10.4,19.9,53,2022-12-16,23
2022-12-17 00:00:00,44.2,91,41.8,0.0,1021.2,10.6,18.8,3,2022-12-17,0
2022-12-17 01:00:00,44.2,90,41.4,0.0,1020.8,8.5,18.6,3,2022-12-17,1
2022-12-17 02:00:00,44.2,84,39.8,0.0,1020.6,8.2,14.1,3,2022-12-17,2
2022-12-17 03:00:00,44.1,80,38.2,0.0,1020.2,8.1,14.1,3,2022-12-17,3
2022-12-17 04:00:00,43.5,73,35.3,0.0,1020.5,8.3,14.1,3,2022-12-17,4
2022-12-17 05:00:00,41.7,73,33.7,0.0,1020.9,8.3,14.8,3,2022-12-17,5
2022-12-17 06:00:00,40.6,72,32.5,0.0,1021.3,7.4,14.1,3,2022-12-17,6
2022-12-17 07:00:00,41.9,61,29.6,0.0,1021.4,8.3,13.4,3,2022-12-17,7
2022-12-17 08:00:00,41.5,58,27.8,0.0,1022.0,7.2,14.3,3,2022-12-17,8
2022-12-17 09:00:00,42.5,58,28.7,0.0,1022.4,7.2,11.9,3,2022-12-17,9
2022-12-17 10:00:00,46.0,56,31.0,0.0,1023.1,6.0,12.1,3,2022-12-17,10
2022-12-17 11:00:00,49.4,49,31.0,0.0,1024.2,5.8,12.1,3,2022-12-17,11
2022-12-17 12:00:00,52.1,42,29.8,0.0,1024.1,7.0,14.5,3,2022-12-17,12
2022-12-17 13:00:00,53.2,35,26.4,0.0,1023.3,7.9,16.3,3,2022-12-17,13
2022-12-17 14:00:00,54.9,29,23.4,0.0,1022.3,8.8,18.1,1,2022-12-17,14
2022-12-17 15:00:00,55.6,29,23.7,0.0,1021.3,8.3,18.1,0,2022-12-17,15
2022-12-17 16:00:00,55.3,33,26.8,0.0,1021.1,7.9,17.0,0,2022-12-17,16
2022-12-17 17:00:00,54.4,36,28.3,0.0,1021.5,7.5,15.9,0,2022-12-17,17
2022-12-17 18:00:00,50.9,47,31.4,0.0,1022.1,4.6,13.4,0,2022-12-17,18
2022-12-17 19:00:00,47.7,50,30.0,0.0,1022.4,5.2,9.6,0,2022-12-17,19
2022-12-17 20:00:00,46.5,53,30.2,0.0,1023.2,4.9,9.2,0,2022-12-17,20
2022-12-17 21:00:00,44.2,60,31.3,0.0,1023.7,4.7,7.8,0,2022-12-17,21
2022-12-17 22:00:00,42.7,65,31.8,0.0,1024.3,4.5,7.4,0,2022-12-17,22
2022-12-17 23:00:00,42.2,65,31.1,0.0,1024.6,6.5,10.5,0,2022-12-17,23
2022-12-18 00:00:00,40.6,68,30.9,0.0,1025.0,4.8,10.5,0,2022-12-18,0
2022-12-18 01:00:00,39.5,73,31.6,0.0,1025.0,4.9,7.8,2,2022-12-18,1
2022-12-18 02:00:00,38.5,74,31.0,0.0,1024.9,4.8,7.8,1,2022-12-18,2
2022-12-18 03:00:00,38.0,71,29.5,0.0,1024.7,5.2,8.3,2,2022-12-18,3
2022-12-18 04:00:00,37.4,67,27.3,0.0,1024.7,5.3,8.5,2,2022-12-18,4
2022-12-18 05:00:00,36.5,65,25.9,0.0,1025.1,4.8,8.3,0,2022-12-18,5
2022-12-18 06:00:00,35.6,66,25.2,0.0,1025.5,4.4,7.4,1,2022-12-18,6
2022-12-18 07:00:00,34.6,73,26.9,0.0,1026.0,4.3,8.3,0,2022-12-18,7
2022-12-18 08:00:00,34.7,71,26.1,0.0,1026.6,5.2,8.1,1,2022-12-18,8
2022-12-18 09:00:00,37.7,62,26.0,0.0,1026.9,7.1,11.2,2,2022-12-18,9
2022-12-18 10:00:00,43.0,59,29.5,0.0,1027.2,6.8,12.8,1,2022-12-18,10
2022-12-18 11:00:00,47.2,51,30.2,0.0,1027.3,9.0,17.9,3,2022-12-18,11
2022-12-18 12:00:00,50.1,45,29.8,0.0,1026.7,9.7,19.9,3,2022-12-18,12
2022-12-18 13:00:00,52.2,42,29.7,0.0,1025.8,8.5,19.7,3,2022-12-18,13
2022-12-18 14:00:00,53.4,41,30.6,0.0,1024.7,7.9,17.7,3,2022-12-18,14
2022-12-18 15:00:00,54.3,41,31.0,0.0,1024.1,7.4,17.4,3,2022-12-18,15
2022-12-18 16:00:00,53.7,42,31.0,0.0,1024.0,7.1,15.9,3,2022-12-18,16
2022-12-18 17:00:00,52.8,43,31.0,0.0,1023.8,7.2,14.1,3,2022-12-18,17
2022-12-18 18:00:00,51.9,47,32.5,0.0,1023.8,6.0,13.2,3,2022-12-18,18
2022-12-18 19:00:00,51.4,49,32.9,0.0,1023.7,3.0,10.7,3,2022-12-18,19
2022-12-18 20:00:00,52.1,48,33.2,0.0,1024.1,3.7,6.3,3,2022-12-18,20
2022-12-18 21:00:00,51.6,54,35.5,0.008,1024.2,4.7,7.6,51,2022-12-18,21
2022-12-18 22:00:00,51.3,56,36.0,0.0,1024.2,5.8,9.4,3,2022-12-18,22
2022-12-18 23:00:00,50.7,56,35.5,0.0,1024.4,6.9,11.4,3,2022-12-18,23
2022-12-19 00:00:00,50.4,55,34.9,0.0,1024.2,7.2,13.4,3,2022-12-19,0
2022-12-19 01:00:00,50.1,55,34.6,0.0,1024.4,6.2,12.3,3,2022-12-19,1
2022-12-19 02:00:00,49.5,55,34.1,0.0,1023.9,7.1,12.8,3,2022-12-19,2
2022-12-19 03:00:00,48.8,57,34.1,0.0,1023.5,7.0,12.5,3,2022-12-19,3
2022-12-19 04:00:00,47.9,63,35.9,0.012,1023.7,7.2,12.1,51,2022-12-19,4
2022-12-19 05:00:00,46.4,73,38.4,0.012,1023.4,8.9,15.0,51,2022-12-19,5
2022-12-19 06:00:00,44.9,84,40.3,0.035,1023.3,10.1,15.9,53,2022-12-19,6
2022-12-19 07:00:00,45.4,78,38.8,0.008,1022.2,12.4,18.8,51,2022-12-19,7
2022-12-19 08:00:00,45.1,77,38.2,0.004,1021.8,12.7,22.6,51,2022-12-19,8
2022-12-19 09:00:00,45.4,78,38.8,0.0,1021.6,11.4,22.6,3,2022-12-19,9
2022-12-19 10:00:00,46.3,76,39.2,0.0,1021.3,12.9,22.6,3,2022-12-19,10
2022-12-19 11:00:00,47.4,77,40.5,0.0,1021.6,10.6,22.8,3,2022-12-19,11
2022-12-19 12:00:00,48.1,80,42.1,0.0,1021.3,11.1,20.6,3,2022-12-19,12
2022-12-19 13:00:00,49.5,81,44.0,0.0,1020.3,11.3,21.0,3,2022-12-19,13
2022-12-19 14:00:00,49.5,81,44.0,0.0,1018.7,13.0,24.4,3,2022-12-19,14
2022-12-19 15:00:00,49.7,84,45.1,0.004,1017.5,11.8,23.0,51,2022-12-19,15
2022-12-19 16:00:00,50.5,87,46.7,0.11,1017.4,9.6,21.5,63,2022-12-19,16
2022-12-19 17:00:00,48.7,98,48.1,0.126,1018.7,10.3,19.7,63,2022-12-19,17
2022-12-19 18:00:00,47.8,99,47.6,0.039,1018.7,10.1,18.6,55,2022-12-19,18
2022-12-19 19:00:00,46.8,97,46.0,0.008,1019.3,9.9,17.4,51,2022-12-19,19
2022-12-19 20:00:00,47.1,97,46.3,0.016,1019.8,9.1,17.0,51,2022-12-19,20
2022-12-19 21:00:00,47.7,97,46.8,0.016,1020.4,8.3,15.4,51,2022-12-19,21
2022-12-19 22:00:00,48.7,96,47.7,0.012,1020.6,8.1,14.1,51,2022-12-19,22
2022-12-19 23:00:00,49.5,97,48.6,0.012,1020.9,6.5,13.9,51,2022-12-19,23
2022-12-20 00:00:00,49.8,98,49.3,0.008,1021.4,6.1,11.2,51,2022-12-20,0
2022-12-20 01:00:00,50.1,98,49.5,0.004,1021.2,5.9,10.5,51,2022-12-20,1
2022-12-20 02:00:00,50.2,98,49.7,0.004,1021.2,7.2,12.3,51,2022-12-20,2
2022-12-20 03:00:00,50.0,99,49.6,0.008,1021.2,7.9,13.4,51,2022-12-20,3
2022-12-20 04:00:00,49.7,98,49.2,0.004,1021.2,8.7,15.0,51,2022-12-20,4
2022-12-20 05:00:00,49.6,97,48.9,0.0,1021.7,9.4,15.9,3,2022-12-20,5
2022-12-20 06:00:00,49.0,98,48.6,0.004,1022.5,10.8,18.8,51,2022-12-20,6
2022-12-20 07:00:00,47.8,98,47.2,0.004,1023.2,7.9,19.2,51,2022-12-20,7
2022-12-20 08:00:00,47.5,96,46.4,0.0,1024.1,9.4,16.8,3,2022-12-20,8
2022-12-20 09:00:00,47.6,94,46.0,0.0,1025.0,9.0,17.2,3,2022-12-20,9
2022-12-20 10:00:00,48.0,92,46.0,0.0,1026.3,10.6,19.7,3,2022-12-20,10
2022-12-20 11:00:00,49.1,89,46.0,0.0,1027.4,11.7,21.3,3,2022-12-20,11
2022-12-20 12:00:00,50.5,84,46.0,0.0,1027.5,12.4,23.0,3,2022-12-20,12
2022-12-20 13:00:00,53.5,76,46.2,0.0,1026.5,12.3,23.9,3,2022-12-20,13
2022-12-20 14:00:00,57.7,67,46.7,0.0,1025.4,13.0,25.1,2,2022-12-20,14
2022-12-20 15:00:00,58.7,63,46.1,0.0,1025.1,12.8,24.6,1,2022-12-20,15
2022-12-20 16:00:00,59.0,63,46.4,0.0,1025.1,13.0,25.3,1,2022-12-20,16
2022-12-20 17:00:00,57.3,67,46.5,0.0,1025.6,11.9,24.4,0,2022-12-20,17
2022-12-20 18:00:00,55.0,70,45.4,0.0,1025.4,8.1,21.5,0,2022-12-20,18
2022-12-20 19:00:00,50.5,83,45.6,0.0,1026.5,5.8,14.3,0,2022-12-20,19
2022-12-20 20:00:00,48.5,88,45.1,0.0,1026.8,6.5,11.0,0,2022-12-20,20
2022-12-20 21:00:00,46.9,91,44.5,0.0,1027.5,7.2,11.9,0,2022-12-20,21
2022-12-20 22:00:00,45.8,92,43.6,0.0,1028.1,7.6,13.0,1,2022-12-20,22
2022-12-20 23:00:00,46.1,88,42.7,0.0,1028.7,7.4,13.4,3,2022-12-20,23
2022-12-21 00:00:00,46.9,82,41.6,0.0,1028.4,7.9,13.6,3,2022-12-21,0
2022-12-21 01:00:00,46.5,80,40.5,0.0,1027.9,7.9,14.1,3,2022-12-21,1
2022-12-21 02:00:00,45.9,80,40.0,0.0,1027.4,7.1,13.9,3,2022-12-21,2
2022-12-21 03:00:00,43.4,87,39.7,0.0,1026.3,3.1,12.3,3,2022-12-21,3
2022-12-21 04:00:00,40.1,93,38.3,0.0,1026.0,4.9,6.3,3,2022-12-21,4
2022-12-21 05:00:00,40.3,94,38.6,0.0,1025.8,4.0,6.5,3,2022-12-21,5
2022-12-21 06:00:00,39.8,95,38.4,0.0,1025.5,4.9,8.1,3,2022-12-21,6
2022-12-21 07:00:00,40.3,95,38.9,0.0,1025.2,4.9,8.7,3,2022-12-21,7
2022-12-21 08:00:00,39.1,97,38.2,0.0,1025.3,4.0,8.1,3,2022-12-21,8
2022-12-21 09:00:00,40.1,95,38.8,0.0,1025.5,4.5,7.8,3,2022-12-21,9
2022-12-21 10:00:00,43.8,86,39.7,0.0,1025.8,2.1,7.8,3,2022-12-21,10
2022-12-21 11:00:00,47.6,74,39.8,0.0,1025.8,1.2,7.4,3,2022-12-21,11
2022-12-21 12:00:00,50.6,67,39.9,0.0,1025.0,0.5,6.9,3,2022-12-21,12
2022-12-21 13:00:00,52.3,64,40.6,0.0,1023.8,2.5,9.2,3,2022-12-21,13
2022-12-21 14:00:00,53.6,64,41.5,0.0,1022.2,3.2,10.3,3,2022-12-21,14
2022-12-21 15:00:00,54.3,64,42.3,0.0,1021.3,3.8,11.0,3,2022-12-21,15
2022-12-21 16:00:00,54.6,64,42.8,0.0,1020.3,3.2,10.5,3,2022-12-21,16
2022-12-21 17:00:00,54.6,65,43.0,0.0,1019.8,3.7,8.7,3,2022-12-21,17
2022-12-21 18:00:00,52.2,74,44.2,0.0,1019.7,2.9,8.1,3,2022-12-21,18
2022-12-21 19:00:00,47.8,85,43.4,0.0,1019.2,3.6,6.0,1,2022-12-21,19
2022-12-21 20:00:00,44.8,91,42.4,0.0,1019.2,4.3,5.8,0,2022-12-21,20
2022-12-21 21:00:00,43.3,93,41.5,0.0,1019.4,4.7,6.3,0,2022-12-21,21
2022-12-21 22:00:00,45.4,90,42.7,0.0,1019.4,2.2,5.1,0,2022-12-21,22
2022-12-21 23:00:00,41.5,97,40.6,0.0,1019.1,4.1,4.7,3,2022-12-21,23
2022-12-22 00:00:00,40.7,99,40.4,0.0,1018.8,4.9,6.0,2,2022-12-22,0
2022-12-22 01:00:00,39.8,100,39.8,0.0,1018.7,4.8,5.8,3,2022-12-22,1
2022-12-22 02:00:00,40.1,100,40.1,0.0,1018.2,3.5,5.6,3,2022-12-22,2
2022-12-22 03:00:00,39.9,100,39.9,0.0,1018.0,3.5,5.1,3,2022-12-22,3
2022-12-22 04:00:00,44.8,91,42.3,0.0,1017.2,5.6,9.4,3,2022-12-22,4
2022-12-22 05:00:00,46.3,88,43.0,0.0,1016.5,6.3,10.3,3,2022-12-22,5
2022-12-22 06:00:00,47.7,87,43.9,0.0,1015.9,5.3,9.2,3,2022-12-22,6
2022-12-22 07:00:00,46.8,90,44.1,0.0,1015.5,2.0,8.3,3,2022-12-22,7
2022-12-22 08:00:00,47.6,91,45.1,0.004,1014.9,4.9,8.3,51,2022-12-22,8
2022-12-22 09:00:00,48.6,92,46.2,0.0,1015.6,1.3,8.1,2,2022-12-22,9
2022-12-22 10:00:00,51.3,88,48.0,0.0,1016.1,1.6,5.4,3,2022-12-22,10
2022-12-22 11:00:00,54.3,84,49.6,0.0,1016.4,3.1,8.3,3,2022-12-22,11
2022-12-22 12:00:00,55.6,85,51.0,0.004,1016.3,3.8,8.9,51,2022-12-22,12
2022-12-22 13:00:00,58.7,81,52.9,0.0,1015.8,6.5,12.1,3,2022-12-22,13
2022-12-22 14:00:00,60.5,76,53.0,0.0,1015.5,13.5,24.2,3,2022-12-22,14
2022-12-22 15:00:00,59.4,76,51.7,0.0,1015.0,12.4,24.6,3,2022-12-22,15
2022-12-22 16:00:00,55.1,72,46.3,0.004,1016.4,20.2,36.7,51,2022-12-22,16
2022-12-22 17:00:00,46.7,61,34.1,0.0,1018.5,17.7,37.1,3,2022-12-22,17
2022-12-22 18:00:00,41.5,58,27.7,0.0,1020.4,18.0,32.7,0,2022-12-22,18
2022-12-22 19:00:00,33.2,63,22.0,0.0,1023.6,18.0,34.7,0,2022-12-22,19
2022-12-22 20:00:00,29.4,60,17.1,0.0,1025.4,18.5,32.4,0,2022-12-22,20
2022-12-22 21:00:00,25.8,57,12.5,0.0,1027.2,18.4,34.0,0,2022-12-22,21
2022-12-22 22:00:00,24.1,52,9.0,0.0,1028.9,18.7,34.0,0,2022-12-22,22
2022-12-22 23:00:00,21.6,46,4.2,0.0,1030.7,19.5,35.1,0,2022-12-22,23
2022-12-23 00:00:00,20.9,46,3.2,0.0,1032.3,16.8,35.3,0,2022-12-23,0
2022-12-23 01:00:00,19.4,42,-0.1,0.0,1033.4,17.4,32.0,0,2022-12-23,1
2022-12-23 02:00:00,17.9,37,-3.9,0.0,1033.8,16.8,31.5,0,2022-12-23,2
2022-12-23 03:00:00,16.5,34,-6.8,0.0,1034.3,15.1,31.5,0,2022-12-23,3
2022-12-23 04:00:00,16.0,35,-6.8,0.0,1035.1,14.7,27.1,0,2022-12-23,4
2022-12-23 05:00:00,16.1,36,-6.1,0.0,1035.8,11.8,26.2,0,2022-12-23,5
2022-12-23 06:00:00,16.3,37,-5.5,0.0,1036.3,14.1,25.1,0,2022-12-23,6
2022-12-23 07:00:00,17.1,41,-2.7,0.0,1037.8,12.0,26.4,0,2022-12-23,7
2022-12-23 08:00:00,16.6,42,-2.7,0.0,1038.4,13.0,23.0,0,2022-12-23,8
2022-12-23 09:00:00,16.7,43,-1.9,0.0,1039.7,14.2,25.7,0,2022-12-23,9
2022-12-23 10:00:00,18.3,42,-0.8,0.0,1040.3,15.4,28.2,0,2022-12-23,10
2022-12-23 11:00:00,20.7,40,0.0,0.0,1040.9,15.2,29.5,0,2022-12-23,11
2022-12-23 12:00:00,23.6,41,3.3,0.0,1040.5,13.4,29.3,0,2022-12-23,12
2022-12-23 13:00:00,26.6,39,4.7,0.0,1039.3,13.3,26.4,0,2022-12-23,13
2022-12-23 14:00:00,28.6,37,5.5,0.0,1037.9,13.6,27.1,0,2022-12-23,14
2022-12-23 15:00:00,29.9,34,4.9,0.0,1036.3,13.6,27.3,0,2022-12-23,15
2022-12-23 16:00:00,30.5,33,4.5,0.0,1035.6,12.9,26.8,0,2022-12-23,16
2022-12-23 17:00:00,30.1,32,3.7,0.0,1035.6,12.5,25.1,0,2022-12-23,17
2022-12-23 18:00:00,28.4,33,2.8,0.0,1035.7,10.8,23.7,0,2022-12-23,18
2022-12-23 19:00:00,27.5,35,3.1,0.0,1036.1,8.7,18.8,1,2022-12-23,19
2022-12-23 20:00:00,26.4,36,2.8,0.0,1036.9,9.0,15.9,1,2022-12-23,20
2022-12-23 21:00:00,25.7,35,1.9,0.0,1037.3,9.7,17.0,3,2022-12-23,21
2022-12-23 22:00:00,25.1,34,0.6,0.0,1037.8,10.1,17.7,2,2022-12-23,22
2022-12-23 23:00:00,24.5,33,-0.2,0.0,1038.1,10.2,18.1,2,2022-12-23,23
2022-12-24 00:00:00,24.4,32,-0.9,0.0,1038.2,9.7,18.1,3,2022-12-24,0
2022-12-24 01:00:00,24.3,32,-1.6,0.0,1038.1,9.9,17.2,3,2022-12-24,1
2022-12-24 02:00:00,24.7,31,-1.8,0.0,1037.9,10.0,17.4,3,2022-12-24,2
2022-12-24 03:00:00,24.0,31,-2.1,0.0,1038.0,10.4,18.6,3,2022-12-24,3
2022-12-24 04:00:00,23.7,32,-1.8,0.0,1037.2,9.6,18.1,3,2022-12-24,4
2022-12-24 05:00:00,23.2,34,-1.0,0.0,1037.0,8.5,16.8,0,2022-12-24,5
2022-12-24 06:00:00,22.5,37,-0.1,0.0,1037.0,8.4,15.0,0,2022-12-24,6
2022-12-24 07:00:00,22.1,43,2.9,0.0,1037.4,4.5,14.8,0,2022-12-24,7
2022-12-24 08:00:00,21.6,47,4.2,0.0,1037.3,4.3,7.4,0,2022-12-24,8
2022-12-24 09:00:00,22.9,50,7.1,0.0,1037.8,5.2,9.2,0,2022-12-24,9
2022-12-24 10:00:00,26.1,45,7.5,0.0,1038.4,5.8,12.8,0,2022-12-24,10
2022-12-24 11:00:00,28.9,43,9.3,0.0,1038.6,5.4,13.2,0,2022-12-24,11
2022-12-24 12:00:00,31.8,42,11.2,0.0,1038.2,5.4,13.6,0,2022-12-24,12
2022-12-24 13:00:00,34.3,39,12.0,0.0,1036.8,5.5,14.3,0,2022-12-24,13
2022-12-24 14:00:00,36.7,37,12.9,0.0,1035.1,5.0,14.1,0,2022-12-24,14
2022-12-24 15:00:00,38.3,36,13.4,0.0,1033.8,5.1,13.6,0,2022-12-24,15
2022-12-24 16:00:00,39.0,35,13.7,0.0,1033.5,5.5,13.2,0,2022-12-24,16
2022-12-24 17:00:00,38.7,34,12.9,0.0,1033.3,6.0,13.2,0,2022-12-24,17
2022-12-24 18:00:00,36.3,43,15.7,0.0,1033.2,3.5,12.3,0,2022-12-24,18
2022-12-24 19:00:00,33.3,46,14.8,0.0,1032.7,5.0,6.0,0,2022-12-24,19
2022-12-24 20:00:00,33.9,41,12.8,0.0,1033.1,4.3,6.5,0,2022-12-24,20
2022-12-24 21:00:00,32.5,44,13.1,0.0,1033.5,5.6,8.9,0,2022-12-24,21
2022-12-24 22:00:00,30.8,47,12.9,0.0,1033.6,4.5,8.9,0,2022-12-24,22
2022-12-24 23:00:00,29.4,51,13.5,0.0,1034.1,4.0,7.2,0,2022-12-24,23
2022-12-25 00:00:00,28.7,55,14.5,0.0,1034.1,4.2,6.5,0,2022-12-25,0
2022-12-25 01:00:00,28.3,60,16.1,0.0,1033.6,5.1,7.8,0,2022-12-25,1
2022-12-25 02:00:00,27.6,64,17.0,0.0,1032.9,4.9,8.3,0,2022-12-25,2
2022-12-25 03:00:00,27.0,66,17.2,0.0,1032.5,5.3,8.7,0,2022-12-25,3
2022-12-25 04:00:00,26.5,66,16.6,0.0,1032.3,5.4,8.7,0,2022-12-25,4
2022-12-25 05:00:00,26.0,62,14.6,0.0,1032.3,5.6,9.2,0,2022-12-25,5
2022-12-25 06:00:00,25.7,56,12.0,0.0,1032.3,5.8,10.1,0,2022-12-25,6
2022-12-25 07:00:00,25.6,53,10.9,0.0,1032.8,4.7,9.6,0,2022-12-25,7
2022-12-25 08:00:00,24.5,56,10.9,0.0,1033.1,4.0,7.4,0,2022-12-25,8
2022-12-25 09:00:00,26.6,56,12.9,0.0,1033.8,5.8,8.7,0,2022-12-25,9
2022-12-25 10:00:00,31.6,54,17.0,0.0,1034.0,2.6,9.2,0,2022-12-25,10
2022-12-25 11:00:00,36.9,48,19.1,0.0,1034.4,3.7,10.1,0,2022-12-25,11
2022-12-25 12:00:00,40.6,38,17.1,0.0,1033.9,4.4,12.1,0,2022-12-25,12
2022-12-25 13:00:00,43.1,37,18.6,0.0,1032.3,1.8,11.9,0,2022-12-25,13
2022-12-25 14:00:00,44.9,38,20.5,0.0,1031.0,0.7,8.7,0,2022-12-25,14
2022-12-25 15:00:00,45.8,38,21.5,0.0,1029.5,1.8,8.1,0,2022-12-25,15
2022-12-25 16:00:00,46.0,39,22.6,0.0,1028.6,3.0,9.2,0,2022-12-25,16
2022-12-25 17:00:00,45.4,41,23.1,0.0,1028.3,3.8,9.4,0,2022-12-25,17
2022-12-25 18:00:00,41.3,68,31.4,0.0,1028.3,4.0,8.5,0,2022-12-25,18
2022-12-25 19:00:00,38.4,54,23.4,0.0,1027.4,5.9,6.3,0,2022-12-25,19
2022-12-25 20:00:00,37.6,53,22.1,0.0,1027.5,5.1,6.9,0,2022-12-25,20
2022-12-25 21:00:00,36.3,54,21.1,0.0,1027.3,4.5,6.7,0,2022-12-25,21
2022-12-25 22:00:00,35.5,55,20.8,0.0,1027.0,5.6,8.7,0,2022-12-25,22
2022-12-25 23:00:00,34.3,58,21.2,0.0,1027.8,5.1,8.9,0,2022-12-25,23
2022-12-26 00:00:00,33.9,60,21.6,0.0,1027.9,5.9,9.6,0,2022-12-26,0
2022-12-26 01:00:00,33.0,64,22.3,0.0,1027.4,5.3,9.6,0,2022-12-26,1
2022-12-26 02:00:00,32.1,68,22.7,0.0,1026.8,4.7,8.5,0,2022-12-26,2
2022-12-26 03:00:00,30.5,74,23.2,0.0,1026.1,5.1,7.2,0,2022-12-26,3
2022-12-26 04:00:00,30.8,73,23.1,0.0,1025.6,5.1,7.4,1,2022-12-26,4
2022-12-26 05:00:00,32.8,66,22.7,0.0,1025.3,3.6,5.6,2,2022-12-26,5
2022-12-26 06:00:00,30.7,73,23.0,0.0,1025.2,3.6,4.3,0,2022-12-26,6
2022-12-26 07:00:00,29.8,75,22.8,0.0,1023.9,5.4,5.8,0,2022-12-26,7
2022-12-26 08:00:00,32.5,64,21.6,0.0,1023.9,4.5,8.1,0,2022-12-26,8
2022-12-26 09:00:00,33.8,66,23.6,0.0,1024.5,2.2,5.1,0,2022-12-26,9
2022-12-26 10:00:00,40.5,64,29.2,0.0,1025.0,3.7,8.1,0,2022-12-26,10
2022-12-26 11:00:00,47.1,55,31.7,0.0,1025.5,3.0,8.1,0,2022-12-26,11
2022-12-26 12:00:00,50.9,51,33.3,0.0,1025.6,3.6,10.7,0,2022-12-26,12
2022-12-26 13:00:00,53.5,46,33.3,0.0,1025.1,4.0,11.0,0,2022-12-26,13
2022-12-26 14:00:00,55.2,41,31.6,0.0,1023.9,4.8,12.1,0,2022-12-26,14
2022-12-26 15:00:00,55.9,35,28.4,0.0,1023.4,5.2,12.3,0,2022-12-26,15
2022-12-26 16:00:00,55.9,35,28.4,0.0,1023.2,5.4,12.3,0,2022-12-26,16
2022-12-26 17:00:00,54.8,39,30.5,0.0,1023.4,5.4,11.9,0,2022-12-26,17
2022-12-26 18:00:00,49.3,60,35.8,0.0,1023.6,4.3,9.2,0,2022-12-26,18
2022-12-26 19:00:00,48.6,50,30.6,0.0,1023.7,5.8,8.3,0,2022-12-26,19
2022-12-26 20:00:00,47.6,54,31.5,0.0,1024.6,5.7,10.5,0,2022-12-26,20
2022-12-26 21:00:00,45.0,60,32.1,0.0,1025.3,5.0,8.9,0,2022-12-26,21
2022-12-26 22:00:00,44.2,61,31.4,0.0,1026.1,7.0,11.2,0,2022-12-26,22
2022-12-26 23:00:00,43.2,62,30.8,0.0,1026.7,6.4,11.6,0,2022-12-26,23
2022-12-27 00:00:00,41.9,64,30.6,0.0,1027.0,6.4,10.5,0,2022-12-27,0
2022-12-27 01:00:00,40.5,67,30.3,0.0,1027.1,6.1,10.3,0,2022-12-27,1
2022-12-27 02:00:00,39.4,70,30.3,0.0,1027.1,5.4,9.6,0,2022-12-27,2
2022-12-27 03:00:00,38.0,75,30.6,0.0,1027.2,5.8,8.7,0,2022-12-27,3
2022-12-27 04:00:00,37.9,76,31.0,0.0,1027.6,7.7,12.3,0,2022-12-27,4
2022-12-27 05:00:00,37.4,79,31.4,0.0,1027.5,8.1,13.9,0,2022-12-27,5
2022-12-27 06:00:00,35.7,85,31.7,0.0,1027.5,5.6,13.6,0,2022-12-27,6
2022-12-27 07:00:00,33.8,86,29.9,0.0,1028.0,7.7,9.6,0,2022-12-27,7
2022-12-27 08:00:00,33.1,88,29.8,0.0,1028.4,7.6,14.8,0,2022-12-27,8
2022-12-27 09:00:00,33.6,86,29.8,0.0,1028.7,6.3,12.8,0,2022-12-27,9
2022-12-27 10:00:00,37.0,75,29.8,0.0,1029.2,5.8,12.5,0,2022-12-27,10
2022-12-27 11:00:00,40.5,67,30.5,0.0,1029.2,4.3,12.5,0,2022-12-27,11
2022-12-27 12:00:00,44.4,58,30.7,0.0,1028.7,3.1,11.6,0,2022-12-27,12
2022-12-27 13:00:00,47.7,52,31.0,0.0,1027.5,2.9,10.3,0,2022-12-27,13
2022-12-27 14:00:00,50.1,50,32.0,0.0,1026.0,1.0,10.3,0,2022-12-27,14
2022-12-27 15:00:00,51.8,49,33.3,0.0,1024.5,1.4,8.5,0,2022-12-27,15
2022-12-27 16:00:00,52.4,50,34.2,0.0,1023.7,4.2,11.0,2,2022-12-27,16
2022-12-27 17:00:00,51.7,51,34.3,0.0,1022.8,3.0,11.0,0,2022-12-27,17
2022-12-27 18:00:00,47.4,76,40.3,0.0,1022.5,4.0,7.6,3,2022-12-27,18
2022-12-27 19:00:00,43.5,71,34.9,0.0,1021.7,6.0,6.7,3,2022-12-27,19
2022-12-27 20:00:00,43.7,70,34.6,0.0,1021.9,5.1,7.8,3,2022-12-27,20
2022-12-27 21:00:00,43.0,70,34.0,0.0,1021.8,6.7,11.2,3,2022-12-27,21
2022-12-27 22:00:00,41.7,76,34.6,0.0,1021.8,6.7,11.2,3,2022-12-27,22
2022-12-27 23:00:00,41.4,76,34.3,0.0,1021.1,6.9,11.2,3,2022-12-27,23
2022-12-28 00:00:00,41.0,80,35.3,0.0,1020.5,6.4,11.4,3,2022-12-28,0
2022-12-28 01:00:00,40.2,89,37.2,0.0,1019.7,5.9,10.5,0,2022-12-28,1
2022-12-28 02:00:00,40.5,91,38.0,0.0,1018.8,5.8,9.6,1,2022-12-28,2
2022-12-28 03:00:00,39.5,93,37.7,0.0,1018.9,5.4,9.2,1,2022-12-28,3
2022-12-28 04:00:00,38.9,94,37.4,0.0,1018.6,6.5,8.3,0,2022-12-28,4
2022-12-28 05:00:00,38.5,96,37.3,0.0,1018.1,7.1,7.6,0,2022-12-28,5
2022-12-28 06:00:00,40.9,95,39.6,0.0,1017.7,5.0,8.1,1,2022-12-28,6
2022-12-28 07:00:00,42.6,96,41.6,0.0,1017.2,6.3,7.6,0,2022-12-28,7
2022-12-28 08:00:00,44.7,97,43.8,0.0,1016.7,5.7,8.5,0,2022-12-28,8
2022-12-28 09:00:00,48.9,95,47.5,0.0,1016.7,7.1,10.7,0,2022-12-28,9
2022-12-28 10:00:00,55.8,86,51.7,0.0,1016.8,8.4,13.6,0,2022-12-28,10
2022-12-28 11:00:00,62.2,79,55.7,0.0,1016.8,6.7,13.9,0,2022-12-28,11
2022-12-28 12:00:00,67.7,73,58.9,0.0,1016.3,7.7,15.4,0,2022-12-28,12
2022-12-28 13:00:00,71.8,66,60.0,0.0,1015.6,10.2,19.7,0,2022-12-28,13
2022-12-28 14:00:00,74.2,59,58.8,0.0,1014.5,16.5,30.9,2,2022-12-28,14
2022-12-28 15:00:00,75.4,53,57.3,0.0,1013.6,18.0,34.0,2,2022-12-28,15
2022-12-28 16:00:00,74.7,59,59.2,0.0,1013.3,15.6,34.0,2,2022-12-28,16
2022-12-28 17:00:00,73.4,62,59.5,0.0,1013.3,12.6,28.0,1,2022-12-28,17
2022-12-28 18:00:00,70.7,71,60.9,0.0,1013.5,11.2,22.4,3,2022-12-28,18
2022-12-28 19:00:00,68.0,87,64.0,0.0,1013.0,10.4,19.5,1,2022-12-28,19
2022-12-28 20:00:00,66.4,94,64.5,0.0,1013.3,10.4,18.3,1,2022-12-28,20
2022-12-28 21:00:00,65.0,95,63.7,0.0,1013.8,10.0,17.9,3,2022-12-28,21
2022-12-28 22:00:00,64.8,95,63.5,0.0,1014.1,10.3,17.9,3,2022-12-28,22
2022-12-28 23:00:00,64.9,95,63.6,0.0,1014.3,10.1,17.7,2,2022-12-28,23
2022-12-29 00:00:00,65.1,94,63.5,0.0,1014.6,10.4,17.7,1,2022-12-29,0
2022-12-29 01:00:00,65.6,94,63.7,0.0,1014.6,11.0,18.8,1,2022-12-29,1
2022-12-29 02:00:00,65.8,94,63.9,0.0,1014.5,10.3,19.0,1,2022-12-29,2
2022-12-29 03:00:00,65.4,94,63.6,0.0,1014.6,9.4,17.7,1,2022-12-29,3
2022-12-29 04:00:00,64.8,94,63.1,0.0,1014.5,8.1,15.7,0,2022-12-29,4
2022-12-29 05:00:00,64.1,94,62.5,0.0,1014.2,7.4,13.2,1,2022-12-29,5
2022-12-29 06:00:00,64.2,94,62.5,0.0,1014.3,7.6,12.1,0,2022-12-29,6
2022-12-29 07:00:00,65.6,96,64.5,0.0,1014.6,7.6,11.9,0,2022-12-29,7
2022-12-29 08:00:00,64.0,97,63.1,0.047,1015.3,8.1,19.5,55,2022-12-29,8
2022-12-29 09:00:00,64.3,97,63.4,0.012,1015.8,6.0,14.8,51,2022-12-29,9
2022-12-29 10:00:00,66.3,93,64.3,0.016,1016.1,8.8,14.8,51,2022-12-29,10
2022-12-29 11:00:00,70.2,84,65.0,0.0,1016.4,11.1,19.2,1,2022-12-29,11
2022-12-29 12:00:00,74.8,74,66.0,0.0,1016.0,8.3,22.4,3,2022-12-29,12
2022-12-29 13:00:00,77.4,61,62.9,0.004,1014.8,15.2,26.8,51,2022-12-29,13
2022-12-29 14:00:00,78.7,53,60.1,0.0,1013.3,17.7,32.0,3,2022-12-29,14
2022-12-29 15:00:00,76.4,62,62.2,0.012,1012.4,16.6,34.0,51,2022-12-29,15
2022-12-29 16:00:00,71.2,78,63.9,0.075,1012.5,9.0,29.5,61,2022-12-29,16
2022-12-29 17:00:00,66.7,95,65.2,0.13,1012.8,9.5,21.7,63,2022-12-29,17
2022-12-29 18:00:00,64.8,98,64.2,0.055,1012.5,11.1,22.1,61,2022-12-29,18
2022-12-29 19:00:00,66.4,98,65.7,0.008,1013.0,5.4,20.1,51,2022-12-29,19
2022-12-29 20:00:00,65.8,100,65.8,0.622,1013.0,9.7,20.8,65,2022-12-29,20
2022-12-29 21:00:00,63.9,99,63.5,0.268,1013.4,13.0,26.4,63,2022-12-29,21
2022-12-29 22:00:00,63.7,97,62.7,0.492,1013.4,15.7,32.4,65,2022-12-29,22
2022-12-29 23:00:00,62.7,95,61.3,0.024,1013.5,13.6,30.4,53,2022-12-29,23
2022-12-30 00:00:00,62.8,98,62.2,0.173,1014.5,10.5,25.1,63,2022-12-30,0
2022-12-30 01:00:00,62.8,99,62.4,0.083,1014.0,5.1,18.8,61,2022-12-30,1
2022-12-30 02:00:00,61.5,99,61.3,0.087,1013.7,2.7,12.3,61,2022-12-30,2
2022-12-30 03:00:00,61.0,100,60.9,0.004,1012.8,2.9,4.3,51,2022-12-30,3
2022-12-30 04:00:00,60.4,100,60.3,0.0,1012.4,1.6,4.9,3,2022-12-30,4
2022-12-30 05:00:00,56.9,100,56.9,0.0,1013.2,3.5,4.0,3,2022-12-30,5
2022-12-30 06:00:00,58.6,99,58.5,0.0,1013.5,3.6,6.3,3,2022-12-30,6
2022-12-30 07:00:00,59.2,99,58.9,0.0,1013.5,6.3,7.4,3,2022-12-30,7
2022-12-30 08:00:00,58.7,100,58.6,0.0,1013.8,8.1,14.5,3,2022-12-30,8
2022-12-30 09:00:00,58.8,100,58.7,0.0,1014.2,8.4,15.2,3,2022-12-30,9
2022-12-30 10:00:00,59.8,98,59.2,0.0,1014.9,8.8,16.1,3,2022-12-30,10
2022-12-30 11:00:00,61.2,94,59.5,0.0,1015.4,8.6,16.8,3,2022-12-30,11
2022-12-30 12:00:00,63.5,87,59.5,0.0,1015.2,8.1,16.8,3,2022-12-30,12
2022-12-30 13:00:00,66.6,79,59.8,0.0,1014.3,6.0,15.9,2,2022-12-30,13
2022-12-30 14:00:00,69.4,71,59.5,0.0,1013.1,4.1,14.3,3,2022-12-30,14
2022-12-30 15:00:00,70.4,68,59.3,0.0,1012.6,1.9,11.0,3,2022-12-30,15
2022-12-30 16:00:00,69.3,70,59.1,0.0,1012.1,4.6,8.7,1,2022-12-30,16
2022-12-30 17:00:00,69.6,69,59.2,0.0,1012.0,6.4,12.1,0,2022-12-30,17
2022-12-30 18:00:00,66.5,80,60.2,0.0,1012.3,6.0,12.1,1,2022-12-30,18
2022-12-30 19:00:00,60.0,93,58.1,0.0,1013.0,5.1,10.3,3,2022-12-30,19
2022-12-30 20:00:00,58.5,94,56.8,0.0,1013.9,4.9,6.3,3,2022-12-30,20
2022-12-30 21:00:00,59.0,93,57.1,0.0,1014.8,4.7,5.8,3,2022-12-30,21
2022-12-30 22:00:00,61.3,89,58.2,0.0,1015.3,3.8,6.0,3,2022-12-30,22
2022-12-30 23:00:00,61.2,90,58.4,0.0,1015.3,3.6,6.9,3,2022-12-30,23
2022-12-31 00:00:00,60.4,92,58.2,0.0,1015.3,3.4,6.3,3,2022-12-31,0
2022-12-31 01:00:00,59.2,96,57.9,0.0,1015.0,1.8,5.6,3,2022-12-31,1
2022-12-31 02:00:00,59.2,95,57.7,0.0,1015.1,2.3,4.3,3,2022-12-31,2
2022-12-31 03:00:00,58.3,97,57.5,0.0,1014.7,2.2,3.8,3,2022-12-31,3
2022-12-31 04:00:00,57.1,98,56.7,0.0,1014.7,2.6,3.8,3,2022-12-31,4
2022-12-31 05:00:00,57.4,99,57.0,0.0,1015.0,1.3,3.8,2,2022-12-31,5
2022-12-31 06:00:00,55.8,100,55.8,0.0,1014.9,1.4,1.8,3,2022-12-31,6
2022-12-31 07:00:00,57.2,98,56.8,0.0,1014.8,4.3,4.0,3,2022-12-31,7
2022-12-31 08:00:00,57.3,99,57.1,0.0,1015.0,4.6,7.2,3,2022-12-31,8
2022-12-31 09:00:00,56.7,100,56.6,0.0,1015.7,6.3,10.1,3,2022-12-31,9
2022-12-31 10:00:00,58.6,95,57.2,0.0,1016.5,7.5,14.1,2,2022-12-31,10
2022-12-31 11:00:00,61.8,84,56.9,0.0,1017.0,6.3,15.0,0,2022-12-31,11
2022-12-31 12:00:00,64.8,73,55.8,0.0,1016.7,6.6,14.5,0,2022-12-31,12
2022-12-31 13:00:00,67.7,62,54.3,0.0,1015.8,6.5,15.2,0,2022-12-31,13
2022-12-31 14:00:00,70.3,57,54.4,0.0,1014.5,6.0,14.8,0,2022-12-31,14
2022-12-31 15:00:00,71.7,54,54.1,0.0,1013.9,6.7,14.3,0,2022-12-31,15
2022-12-31 16:00:00,72.2,53,54.0,0.0,1013.6,6.8,13.9,0,2022-12-31,16
2022-12-31 17:00:00,71.3,56,54.9,0.0,1013.5,6.1,13.4,0,2022-12-31,17
2022-12-31 18:00:00,67.6,66,55.7,0.0,1013.6,5.2,10.7,0,2022-12-31,18
2022-12-31 19:00:00,62.7,73,54.0,0.0,1012.9,5.2,10.1,0,2022-12-31,19
2022-12-31 20:00:00,62.2,78,55.2,0.0,1013.4,5.4,8.1,0,2022-12-31,20
2022-12-31 21:00:00,62.1,76,54.5,0.0,1013.7,7.8,12.8,0,2022-12-31,21
2022-12-31 22:00:00,60.4,82,55.0,0.0,1013.8,8.3,13.9,3,2022-12-31,22
2022-12-31 23:00:00,59.4,91,56.8,0.0,1014.2,8.1,13.9,2,2022-12-31,23
2023-01-01 00:00:00,59.5,94,57.9,0.0,1014.5,8.8,14.5,0,2023-01-01,0
2023-01-01 01:00:00,59.1,95,57.7,0.0,1014.7,9.0,15.4,1,2023-01-01,1
2023-01-01 02:00:00,58.6,96,57.6,0.0,1014.4,9.0,15.4,0,2023-01-01,2
2023-01-01 03:00:00,58.7,96,57.7,0.0,1014.5,8.3,15.4,0,2023-01-01,3
2023-01-01 04:00:00,59.1,97,58.1,0.0,1014.6,6.9,14.1,0,2023-01-01,4
2023-01-01 05:00:00,59.0,97,58.3,0.0,1014.5,4.9,11.4,1,2023-01-01,5
2023-01-01 06:00:00,58.1,99,57.7,0.0,1014.4,5.1,7.6,0,2023-01-01,6
2023-01-01 07:00:00,64.7,98,64.0,0.0,1014.5,5.1,7.6,3,2023-01-01,7
2023-01-01 08:00:00,64.9,98,64.4,0.0,1014.8,5.5,8.5,3,2023-01-01,8
2023-01-01 09:00:00,64.9,99,64.6,0.004,1015.3,4.8,8.7,51,2023-01-01,9
2023-01-01 10:00:00,66.2,99,65.8,0.008,1015.7,4.1,8.1,51,2023-01-01,10
2023-01-01 11:00:00,68.9,95,67.5,0.0,1016.3,5.7,9.4,2,2023-01-01,11
2023-01-01 12:00:00,71.7,90,68.4,0.004,1016.1,8.6,15.2,51,2023-01-01,12
2023-01-01 13:00:00,74.6,80,68.0,0.008,1015.1,11.0,20.1,51,2023-01-01,13
2023-01-01 14:00:00,77.2,72,67.6,0.004,1014.0,12.2,22.1,51,2023-01-01,14
2023-01-01 15:00:00,78.3,69,67.2,0.0,1013.3,12.5,23.3,1,2023-01-01,15
2023-01-01 16:00:00,78.6,65,66.0,0.0,1013.0,11.4,23.0,0,2023-01-01,16
2023-01-01 17:00:00,77.9,67,65.9,0.0,1013.0,9.7,21.9,2,2023-01-01,17
2023-01-01 18:00:00,75.1,73,65.8,0.0,1013.0,6.9,17.4,3,2023-01-01,18
2023-01-01 19:00:00,71.0,88,67.1,0.0,1012.9,5.6,12.3,3,2023-01-01,19
2023-01-01 20:00:00,71.4,88,67.7,0.0,1013.2,7.9,13.2,0,2023-01-01,20
2023-01-01 21:00:00,69.5,95,68.0,0.0,1013.5,8.7,14.5,3,2023-01-01,21
2023-01-01 22:00:00,70.1,97,69.2,0.0,1013.7,10.5,18.1,3,2023-01-01,22
2023-01-01 23:00:00,69.2,98,68.6,0.0,1013.6,10.2,18.6,3,2023-01-01,23
2023-01-02 00:00:00,69.3,98,68.6,0.004,1013.6,9.8,19.7,51,2023-01-02,0
2023-01-02 01:00:00,69.1,98,68.6,0.008,1013.3,10.1,17.2,51,2023-01-02,1
2023-01-02 02:00:00,70.2,98,69.5,0.0,1012.8,10.3,18.8,3,2023-01-02,2
2023-01-02 03:00:00,70.6,97,69.6,0.0,1012.4,10.3,18.1,3,2023-01-02,3
2023-01-02 04:00:00,70.9,96,69.8,0.0,1012.3,10.5,18.3,3,2023-01-02,4
2023-01-02 05:00:00,70.7,98,70.1,0.0,1012.2,9.3,18.3,3,2023-01-02,5
2023-01-02 06:00:00,70.6,98,70.1,0.008,1011.9,8.1,15.9,51,2023-01-02,6
2023-01-02 07:00:00,71.4,97,70.4,0.004,1011.9,10.7,14.3,51,2023-01-02,7
2023-01-02 08:00:00,72.3,96,71.2,0.008,1012.1,12.8,27.7,51,2023-01-02,8
2023-01-02 09:00:00,71.3,98,70.6,0.087,1012.5,12.3,26.4,61,2023-01-02,9
2023-01-02 10:00:00,71.9,95,70.2,0.031,1012.9,14.6,26.6,53,2023-01-02,10
2023-01-02 11:00:00,72.5,92,70.0,0.0,1012.8,15.2,26.8,3,2023-01-02,11
2023-01-02 12:00:00,71.2,88,67.4,0.071,1012.7,17.3,33.3,61,2023-01-02,12
2023-01-02 13:00:00,70.3,94,68.5,0.012,1010.7,15.5,30.9,51,2023-01-02,13
2023-01-02 14:00:00,69.4,97,68.4,0.512,1009.2,7.3,30.9,65,2023-01-02,14
2023-01-02 15:00:00,70.0,97,69.2,0.276,1008.3,15.3,31.5,63,2023-01-02,15
2023-01-02 16:00:00,70.2,93,68.2,0.004,1006.8,14.4,32.0,51,2023-01-02,16
2023-01-02 17:00:00,73.4,90,70.2,0.0,1006.6,16.1,29.3,3,2023-01-02,17
2023-01-02 18:00:00,74.1,87,70.2,0.004,1007.2,15.3,28.4,51,2023-01-02,18
2023-01-02 19:00:00,71.2,97,70.3,0.004,1007.8,13.0,28.2,51,2023-01-02,19
2023-01-02 20:00:00,70.5,100,70.4,0.051,1008.5,12.3,29.5,61,2023-01-02,20
2023-01-02 21:00:00,67.9,96,66.7,0.39,1008.6,6.2,25.3,65,2023-01-02,21
2023-01-02 22:00:00,69.3,98,68.8,0.035,1008.9,10.6,22.4,53,2023-01-02,22
2023-01-02 23:00:00,69.0,97,68.2,0.28,1009.7,14.4,28.0,63,2023-01-02,23
2023-01-03 00:00:00,67.0,95,65.4,0.004,1009.5,14.0,29.3,51,2023-01-03,0
2023-01-03 01:00:00,67.5,95,65.9,0.0,1009.4,12.5,24.4,1,2023-01-03,1
2023-01-03 02:00:00,67.3,95,65.8,0.0,1009.1,11.5,21.9,3,2023-01-03,2
2023-01-03 03:00:00,68.2,95,66.7,0.0,1009.0,11.7,20.6,3,2023-01-03,3
2023-01-03 04:00:00,69.8,94,68.1,0.0,1008.9,11.7,21.0,3,2023-01-03,4
2023-01-03 05:00:00,70.2,95,68.5,0.039,1009.4,11.1,20.4,55,2023-01-03,5
2023-01-03 06:00:00,69.2,96,68.1,0.028,1009.8,9.2,19.5,53,2023-01-03,6
2023-01-03 07:00:00,64.5,99,64.2,0.122,1010.5,4.9,19.0,63,2023-01-03,7
2023-01-03 08:00:00,64.9,94,63.2,0.189,1010.1,7.6,18.6,63,2023-01-03,8
2023-01-03 09:00:00,65.8,97,64.8,0.0,1010.9,4.5,11.9,3,2023-01-03,9
2023-01-03 10:00:00,67.8,94,66.0,0.0,1011.4,5.6,10.7,3,2023-01-03,10
2023-01-03 11:00:00,68.8,92,66.3,0.0,1011.7,6.7,12.8,3,2023-01-03,11
2023-01-03 12:00:00,71.5,81,65.3,0.0,1011.9,6.9,15.7,3,2023-01-03,12
2023-01-03 13:00:00,72.1,67,60.7,0.0,1011.2,7.5,14.8,3,2023-01-03,13
2023-01-03 14:00:00,74.7,54,56.8,0.0,1010.2,6.2,16.8,1,2023-01-03,14
2023-01-03 15:00:00,75.7,53,57.1,0.0,1009.3,6.3,13.6,0,2023-01-03,15
2023-01-03 16:00:00,74.7,50,54.6,0.0,1009.2,7.9,16.3,3,2023-01-03,16
2023-01-03 17:00:00,72.9,50,53.1,0.0,1009.5,6.3,15.2,1,2023-01-03,17
2023-01-03 18:00:00,68.8,57,52.9,0.0,1010.1,4.7,11.2,0,2023-01-03,18
2023-01-03 19:00:00,65.5,55,49.1,0.0,1010.3,6.8,7.6,0,2023-01-03,19
2023-01-03 20:00:00,63.5,53,45.9,0.0,1011.2,5.1,12.3,3,2023-01-03,20
2023-01-03 21:00:00,60.3,60,46.2,0.0,1012.2,4.8,7.8,2,2023-01-03,21
2023-01-03 22:00:00,59.7,58,45.0,0.0,1013.2,6.0,9.6,3,2023-01-03,22
2023-01-03 23:00:00,56.8,64,44.7,0.0,1013.3,6.0,9.6,3,2023-01-03,23
2023-01-04 00:00:00,58.0,56,42.5,0.0,1013.9,5.6,8.9,3,2023-01-04,0
2023-01-04 01:00:00,56.9,55,41.0,0.0,1014.2,5.5,8.9,3,2023-01-04,1
2023-01-04 02:00:00,57.4,53,40.3,0.0,1014.5,6.0,9.4,3,2023-01-04,2
2023-01-04 03:00:00,56.4,51,38.5,0.0,1015.1,6.8,11.2,3,2023-01-04,3
2023-01-04 04:00:00,56.4,47,36.4,0.0,1015.2,8.1,13.2,3,2023-01-04,4
2023-01-04 05:00:00,54.9,49,36.2,0.0,1015.6,5.6,13.2,0,2023-01-04,5
2023-01-04 06:00:00,50.4,63,38.2,0.0,1015.6,6.2,8.9,0,2023-01-04,6
2023-01-04 07:00:00,53.2,47,33.6,0.0,1015.1,5.2,7.6,0,2023-01-04,7
2023-01-04 08:00:00,52.6,47,33.2,0.0,1016.3,6.8,10.7,0,2023-01-04,8
2023-01-04 09:00:00,53.8,50,35.3,0.0,1017.5,7.6,12.3,0,2023-01-04,9
2023-01-04 10:00:00,57.8,53,40.9,0.0,1018.6,8.7,13.9,0,2023-01-04,10
2023-01-04 11:00:00,61.1,50,42.3,0.0,1019.4,7.2,14.5,0,2023-01-04,11
2023-01-04 12:00:00,63.9,46,42.6,0.0,1020.0,8.3,16.8,1,2023-01-04,12
2023-01-04 13:00:00,65.7,44,43.1,0.0,1019.5,7.9,17.4,0,2023-01-04,13
2023-01-04 14:00:00,66.8,43,43.3,0.0,1018.5,7.2,16.3,0,2023-01-04,14
2023-01-04 15:00:00,67.4,41,43.2,0.0,1017.8,6.5,15.4,0,2023-01-04,15
2023-01-04 16:00:00,67.2,42,43.6,0.0,1017.6,6.3,14.1,0,2023-01-04,16
2023-01-04 17:00:00,66.2,46,44.8,0.0,1017.7,5.4,13.2,0,2023-01-04,17
2023-01-04 18:00:00,61.8,68,51.1,0.0,1018.2,4.0,9.6,0,2023-01-04,18
2023-01-04 19:00:00,57.7,67,46.8,0.0,1018.1,6.1,6.3,0,2023-01-04,19
2023-01-04 20:00:00,56.9,70,47.3,0.0,1018.8,4.5,7.2,0,2023-01-04,20
2023-01-04 21:00:00,55.0,73,46.5,0.0,1019.4,4.2,6.3,0,2023-01-04,21
2023-01-04 22:00:00,53.8,72,45.0,0.0,1020.0,4.7,6.5,0,2023-01-04,22
2023-01-04 23:00:00,51.5,77,44.4,0.0,1020.6,6.2,7.6,0,2023-01-04,23
2023-01-05 00:00:00,51.4,76,44.1,0.0,1021.3,4.3,7.2,0,2023-01-05,0
2023-01-05 01:00:00,50.4,78,43.8,0.0,1021.8,5.2,6.7,0,2023-01-05,1
2023-01-05 02:00:00,48.8,82,43.7,0.0,1021.9,6.3,7.4,0,2023-01-05,2
2023-01-05 03:00:00,47.8,87,44.0,0.0,1021.9,5.8,6.9,0,2023-01-05,3
2023-01-05 04:00:00,47.3,87,43.6,0.0,1022.3,5.6,6.9,0,2023-01-05,4
2023-01-05 05:00:00,46.9,89,43.8,0.0,1022.4,5.2,6.9,0,2023-01-05,5
2023-01-05 06:00:00,46.4,90,43.6,0.0,1022.6,5.3,6.9,0,2023-01-05,6
2023-01-05 07:00:00,49.9,78,43.3,0.0,1022.9,4.5,7.4,0,2023-01-05,7
2023-01-05 08:00:00,48.4,81,42.7,0.0,1023.5,5.1,5.6,0,2023-01-05,8
2023-01-05 09:00:00,48.7,84,44.1,0.0,1024.3,3.3,5.8,2,2023-01-05,9
2023-01-05 10:00:00,53.1,78,46.4,0.0,1025.7,6.7,11.9,3,2023-01-05,10
2023-01-05 11:00:00,57.7,67,46.9,0.0,1026.3,4.7,12.1,2,2023-01-05,11
2023-01-05 12:00:00,62.2,57,46.8,0.0,1026.1,4.2,11.0,0,2023-01-05,12
2023-01-05 13:00:00,65.1,51,46.3,0.0,1025.4,3.3,10.7,0,2023-01-05,13
2023-01-05 14:00:00,66.8,47,46.0,0.0,1024.2,3.2,9.8,0,2023-01-05,14
2023-01-05 15:00:00,67.7,46,46.0,0.0,1023.6,2.4,9.6,0,2023-01-05,15
2023-01-05 16:00:00,67.9,46,46.5,0.0,1023.3,2.0,8.3,0,2023-01-05,16
2023-01-05 17:00:00,67.2,48,47.0,0.0,1023.2,2.2,6.7,0,2023-01-05,17
2023-01-05 18:00:00,63.1,72,53.9,0.0,1023.6,3.1,4.9,0,2023-01-05,18
2023-01-05 19:00:00,58.2,83,53.0,0.0,1023.5,4.6,4.9,0,2023-01-05,19
2023-01-05 20:00:00,57.9,67,47.2,0.0,1023.9,6.8,11.2,0,2023-01-05,20
2023-01-05 21:00:00,55.3,61,42.0,0.0,1024.4,4.9,11.2,0,2023-01-05,21
2023-01-05 22:00:00,53.6,63,41.4,0.0,1024.5,5.2,8.1,0,2023-01-05,22
2023-01-05 23:00:00,52.9,67,42.2,0.0,1024.6,5.3,8.5,0,2023-01-05,23
2023-01-06 00:00:00,52.3,74,44.2,0.0,1024.7,5.5,8.7,0,2023-01-06,0
2023-01-06 01:00:00,51.8,78,45.2,0.0,1024.4,5.4,8.9,0,2023-01-06,1
2023-01-06 02:00:00,51.2,81,45.7,0.0,1023.9,5.1,8.7,0,2023-01-06,2
2023-01-06 03:00:00,50.7,83,45.9,0.0,1023.2,5.2,8.5,0,2023-01-06,3
2023-01-06 04:00:00,50.1,87,46.2,0.0,1023.1,4.6,8.5,0,2023-01-06,4
2023-01-06 05:00:00,49.6,89,46.6,0.0,1023.1,4.3,7.4,0,2023-01-06,5
2023-01-06 06:00:00,49.4,90,46.7,0.0,1023.0,4.3,6.7,0,2023-01-06,6
2023-01-06 07:00:00,49.9,94,48.1,0.0,1023.3,4.7,6.9,0,2023-01-06,7
2023-01-06 08:00:00,51.0,94,49.3,0.0,1023.4,4.6,7.4,0,2023-01-06,8
2023-01-06 09:00:00,53.0,94,51.3,0.0,1023.7,5.3,8.1,0,2023-01-06,9
2023-01-06 10:00:00,59.1,87,55.3,0.0,1024.1,5.2,10.1,0,2023-01-06,10
2023-01-06 11:00:00,64.8,82,59.3,0.0,1024.3,4.6,10.3,0,2023-01-06,11
2023-01-06 12:00:00,69.3,77,62.0,0.0,1024.0,6.2,13.6,0,2023-01-06,12
2023-01-06 13:00:00,72.3,72,63.0,0.0,1023.0,7.7,16.1,0,2023-01-06,13
2023-01-06 14:00:00,74.3,65,61.7,0.0,1021.8,9.7,20.6,0,2023-01-06,14
2023-01-06 15:00:00,75.7,60,61.0,0.0,1020.8,11.9,22.8,0,2023-01-06,15
2023-01-06 16:00:00,75.2,56,58.4,0.0,1020.4,12.5,24.6,0,2023-01-06,16
2023-01-06 17:00:00,73.9,59,58.8,0.0,1020.3,11.5,23.0,0,2023-01-06,17
2023-01-06 18:00:00,70.9,67,59.4,0.0,1020.3,10.1,20.6,0,2023-01-06,18
2023-01-06 19:00:00,68.4,75,60.3,0.0,1020.4,9.8,18.1,0,2023-01-06,19
2023-01-06 20:00:00,66.5,82,60.8,0.0,1020.6,8.2,17.0,0,2023-01-06,20
2023-01-06 21:00:00,64.4,88,60.9,0.0,1020.9,7.5,13.9,0,2023-01-06,21
2023-01-06 22:00:00,63.5,90,60.6,0.0,1021.0,8.4,14.1,0,2023-01-06,22
2023-01-06 23:00:00,63.3,91,60.5,0.0,1020.9,9.4,15.9,0,2023-01-06,23
2023-01-07 00:00:00,63.1,91,60.4,0.0,1020.8,8.9,15.9,0,2023-01-07,0
2023-01-07 01:00:00,62.9,91,60.3,0.0,1020.5,9.3,15.7,1,2023-01-07,1
2023-01-07 02:00:00,63.0,92,60.6,0.0,1020.2,8.1,15.7,0,2023-01-07,2
2023-01-07 03:00:00,62.5,94,60.6,0.0,1020.1,6.0,13.6,1,2023-01-07,3
2023-01-07 04:00:00,61.8,95,60.3,0.0,1019.9,4.5,9.6,0,2023-01-07,4
2023-01-07 05:00:00,60.4,96,59.4,0.0,1019.9,4.5,6.9,0,2023-01-07,5
2023-01-07 06:00:00,59.1,97,58.3,0.0,1019.9,5.8,7.2,0,2023-01-07,6
2023-01-07 07:00:00,61.5,97,60.8,0.0,1020.3,5.8,8.1,3,2023-01-07,7
2023-01-07 08:00:00,62.3,97,61.6,0.0,1020.9,4.4,6.5,3,2023-01-07,8
2023-01-07 09:00:00,64.5,96,63.3,0.004,1021.7,1.9,5.1,51,2023-01-07,9
2023-01-07 10:00:00,65.8,92,63.5,0.012,1022.3,0.2,3.1,51,2023-01-07,10
2023-01-07 11:00:00,66.7,94,64.9,0.02,1022.7,1.5,2.7,53,2023-01-07,11
2023-01-07 12:00:00,70.9,88,67.2,0.0,1022.5,3.5,8.9,1,2023-01-07,12
2023-01-07 13:00:00,73.8,82,68.0,0.0,1021.5,5.3,14.1,1,2023-01-07,13
2023-01-07 14:00:00,76.0,74,67.2,0.0,1020.4,7.1,17.0,3,2023-01-07,14
2023-01-07 15:00:00,70.2,87,66.3,0.071,1020.1,6.3,17.0,61,2023-01-07,15
2023-01-07 16:00:00,72.6,82,66.7,0.004,1019.5,6.6,12.8,51,2023-01-07,16
2023-01-07 17:00:00,71.9,84,66.7,0.008,1019.3,4.8,14.1,51,2023-01-07,17
2023-01-07 18:00:00,68.8,88,65.0,0.055,1020.0,2.1,9.8,61,2023-01-07,18
2023-01-07 19:00:00,69.2,90,66.2,0.071,1020.3,5.4,14.3,61,2023-01-07,19
2023-01-07 20:00:00,68.4,92,66.1,0.0,1020.6,6.7,12.8,1,2023-01-07,20
2023-01-07 21:00:00,66.4,97,65.5,0.016,1021.1,3.8,11.2,51,2023-01-07,21
2023-01-07 22:00:00,67.1,95,65.7,0.012,1021.3,6.7,8.9,51,2023-01-07,22
2023-01-07 23:00:00,65.7,98,65.2,0.008,1021.6,4.3,13.4,51,2023-01-07,23
2023-01-08 00:00:00,64.8,100,64.7,0.012,1022.1,2.7,7.8,51,2023-01-08,0
2023-01-08 01:00:00,64.8,98,64.1,0.008,1022.0,6.1,10.5,51,2023-01-08,1
2023-01-08 02:00:00,63.4,98,62.8,0.047,1021.8,6.8,12.1,55,2023-01-08,2
2023-01-08 03:00:00,63.1,98,62.6,0.079,1021.5,4.8,11.6,61,2023-01-08,3
2023-01-08 04:00:00,62.7,97,62.0,0.008,1021.2,7.1,11.0,51,2023-01-08,4
2023-01-08 05:00:00,59.7,96,58.5,0.0,1021.3,11.8,19.9,3,2023-01-08,5
2023-01-08 06:00:00,56.8,92,54.6,0.0,1021.7,12.0,21.5,3,2023-01-08,6
2023-01-08 07:00:00,55.0,93,53.0,0.0,1022.5,9.2,21.3,2,2023-01-08,7
2023-01-08 08:00:00,54.5,91,52.0,0.118,1022.2,9.9,18.1,63,2023-01-08,8
2023-01-08 09:00:00,53.7,92,51.4,0.0,1023.2,6.3,17.2,3,2023-01-08,9
2023-01-08 10:00:00,54.7,86,50.6,0.0,1024.4,7.5,14.5,2,2023-01-08,10
2023-01-08 11:00:00,56.8,79,50.4,0.0,1024.2,7.1,15.0,1,2023-01-08,11
2023-01-08 12:00:00,60.4,73,51.6,0.0,1023.9,7.6,15.4,2,2023-01-08,12
2023-01-08 13:00:00,63.0,65,50.8,0.0,1023.4,11.3,22.1,0,2023-01-08,13
2023-01-08 14:00:00,65.6,59,50.7,0.0,1022.4,9.4,22.4,0,2023-01-08,14
2023-01-08 15:00:00,67.1,56,50.9,0.0,1021.6,8.5,19.5,0,2023-01-08,15
2023-01-08 16:00:00,67.6,54,50.5,0.0,1021.4,9.2,17.9,0,2023-01-08,16
2023-01-08 17:00:00,66.6,54,49.3,0.0,1021.3,9.3,18.6,0,2023-01-08,17
2023-01-08 18:00:00,63.5,60,49.3,0.0,1021.7,6.2,16.8,0,2023-01-08,18
2023-01-08 19:00:00,58.8,67,47.8,0.0,1022.7,4.7,10.7,0,2023-01-08,19
2023-01-08 20:00:00,56.9,71,47.7,0.0,1023.1,4.7,7.4,0,2023-01-08,20
2023-01-08 21:00:00,55.4,75,47.5,0.0,1023.6,5.4,8.7,0,2023-01-08,21
2023-01-08 22:00:00,53.8,77,46.8,0.0,1024.0,5.2,8.9,3,2023-01-08,22
2023-01-08 23:00:00,52.5,80,46.5,0.0,1024.2,4.5,8.3,0,2023-01-08,23
2023-01-09 00:00:00,51.4,82,46.0,0.0,1024.4,5.0,7.8,3,2023-01-09,0
2023-01-09 01:00:00,51.1,82,45.9,0.0,1024.1,4.9,8.3,3,2023-01-09,1
2023-01-09 02:00:00,50.2,84,45.6,0.0,1023.7,5.0,7.8,3,2023-01-09,2
2023-01-09 03:00:00,49.8,85,45.4,0.0,1023.3,5.9,9.4,3,2023-01-09,3
2023-01-09 04:00:00,49.5,84,44.9,0.0,1022.9,5.4,9.8,3,2023-01-09,4
2023-01-09 05:00:00,48.9,85,44.5,0.0,1022.8,4.5,8.9,3,2023-01-09,5
2023-01-09 06:00:00,48.8,84,44.3,0.0,1022.9,5.3,8.5,3,2023-01-09,6
2023-01-09 07:00:00,48.9,87,45.3,0.0,1023.4,5.6,9.2,3,2023-01-09,7
2023-01-09 08:00:00,48.7,89,45.7,0.0,1023.9,4.7,9.4,3,2023-01-09,8
2023-01-09 09:00:00,49.9,89,46.8,0.0,1024.4,6.1,9.8,3,2023-01-09,9
2023-01-09 10:00:00,53.3,86,49.3,0.0,1024.7,5.4,10.5,1,2023-01-09,10
2023-01-09 11:00:00,57.7,78,51.0,0.0,1025.2,5.8,13.2,3,2023-01-09,11
2023-01-09 12:00:00,60.6,71,51.3,0.0,1025.1,5.4,13.2,2,2023-01-09,12
2023-01-09 13:00:00,63.5,64,51.2,0.0,1024.1,5.8,13.9,3,2023-01-09,13
2023-01-09 14:00:00,64.7,63,52.0,0.0,1022.4,6.6,15.2,3,2023-01-09,14
2023-01-09 15:00:00,65.8,61,51.8,0.0,1021.8,5.2,14.8,3,2023-01-09,15
2023-01-09 16:00:00,65.0,62,51.8,0.0,1021.0,7.0,14.5,0,2023-01-09,16
2023-01-09 17:00:00,64.4,64,52.1,0.0,1020.9,6.3,14.8,0,2023-01-09,17
2023-01-09 18:00:00,62.0,70,52.2,0.0,1021.0,4.6,12.3,0,2023-01-09,18
2023-01-09 19:00:00,58.5,78,51.7,0.0,1021.2,5.0,8.7,0,2023-01-09,19
2023-01-09 20:00:00,57.3,78,50.6,0.0,1021.5,6.7,11.0,0,2023-01-09,20
2023-01-09 21:00:00,55.7,85,51.3,0.0,1021.7,6.1,11.0,0,2023-01-09,21
2023-01-09 22:00:00,55.2,91,52.5,0.0,1021.5,6.0,10.7,0,2023-01-09,22
2023-01-09 23:00:00,55.0,95,53.4,0.0,1021.5,4.3,10.1,0,2023-01-09,23
2023-01-10 00:00:00,54.4,96,53.3,0.0,1021.3,5.0,8.1,0,2023-01-10,0
2023-01-10 01:00:00,54.3,97,53.4,0.0,1021.0,4.7,8.1,0,2023-01-10,1
2023-01-10 02:00:00,54.7,97,53.9,0.0,1020.3,5.6,9.2,0,2023-01-10,2
2023-01-10 03:00:00,54.7,97,54.0,0.0,1020.0,4.4,8.9,0,2023-01-10,3
2023-01-10 04:00:00,54.4,98,53.9,0.0,1019.5,3.8,6.9,0,2023-01-10,4
2023-01-10 05:00:00,52.5,100,52.4,0.0,1019.3,6.2,6.9,0,2023-01-10,5
2023-01-10 06:00:00,52.3,100,52.3,0.0,1019.2,5.7,6.9,0,2023-01-10,6
2023-01-10 07:00:00,59.4,97,58.5,0.0,1019.2,2.6,6.5,3,2023-01-10,7
2023-01-10 08:00:00,60.3,96,59.2,0.0,1019.1,3.1,5.1,2,2023-01-10,8
2023-01-10 09:00:00,61.3,96,60.1,0.0,1019.0,4.6,6.7,1,2023-01-10,9
2023-01-10 10:00:00,64.7,91,62.0,0.0,1019.6,6.4,11.4,3,2023-01-10,10
2023-01-10 11:00:00,66.5,89,63.0,0.0,1020.1,7.3,14.1,3,2023-01-10,11
2023-01-10 12:00:00,66.6,90,63.4,0.004,1020.0,7.2,14.5,51,2023-01-10,12
2023-01-10 13:00:00,68.4,84,63.3,0.004,1019.2,8.7,17.0,51,2023-01-10,13
2023-01-10 14:00:00,70.4,77,62.8,0.0,1017.7,9.3,18.1,3,2023-01-10,14
2023-01-10 15:00:00,71.6,73,62.6,0.0,1016.8,10.4,20.1,1,2023-01-10,15
2023-01-10 16:00:00,71.7,72,62.1,0.0,1016.2,9.2,20.4,1,2023-01-10,16
2023-01-10 17:00:00,72.1,69,61.4,0.0,1015.8,7.5,17.7,0,2023-01-10,17
2023-01-10 18:00:00,70.0,74,61.4,0.0,1015.6,5.2,13.6,0,2023-01-10,18
2023-01-10 19:00:00,66.7,84,61.7,0.0,1015.1,5.8,8.9,0,2023-01-10,19
2023-01-10 20:00:00,66.7,84,61.6,0.0,1015.1,7.0,11.6,0,2023-01-10,20
2023-01-10 21:00:00,65.3,90,62.2,0.0,1015.5,9.2,15.4,0,2023-01-10,21
2023-01-10 22:00:00,64.0,94,62.2,0.0,1015.9,9.8,16.6,0,2023-01-10,22
2023-01-10 23:00:00,62.5,97,61.6,0.0,1016.1,9.8,16.8,0,2023-01-10,23
2023-01-11 00:00:00,62.0,99,61.6,0.0,1016.4,9.6,17.0,3,2023-01-11,0
2023-01-11 01:00:00,62.3,98,61.9,0.0,1015.9,9.3,16.6,3,2023-01-11,1
2023-01-11 02:00:00,62.8,98,62.2,0.0,1015.3,9.3,16.1,3,2023-01-11,2
2023-01-11 03:00:00,63.0,97,62.1,0.0,1015.0,8.9,16.1,0,2023-01-11,3
2023-01-11 04:00:00,62.6,97,61.6,0.0,1014.7,8.7,15.2,0,2023-01-11,4
2023-01-11 05:00:00,63.1,97,62.2,0.0,1014.6,8.8,15.0,0,2023-01-11,5
2023-01-11 06:00:00,63.6,97,62.8,0.0,1014.8,8.6,15.2,0,2023-01-11,6
2023-01-11 07:00:00,65.7,98,64.9,0.0,1015.4,7.9,14.5,1,2023-01-11,7
2023-01-11 08:00:00,66.2,98,65.5,0.0,1015.7,7.8,13.9,3,2023-01-11,8
2023-01-11 09:00:00,66.6,98,65.9,0.0,1016.1,7.6,13.4,3,2023-01-11,9
2023-01-11 10:00:00,67.7,96,66.5,0.004,1016.3,10.4,17.9,51,2023-01-11,10
2023-01-11 11:00:00,68.9,91,66.2,0.004,1016.6,11.7,20.4,51,2023-01-11,11
2023-01-11 12:00:00,72.7,77,65.2,0.004,1016.2,14.6,26.6,51,2023-01-11,12
2023-01-11 13:00:00,74.2,72,64.6,0.004,1015.3,14.9,27.5,51,2023-01-11,13
2023-01-11 14:00:00,76.6,64,63.5,0.0,1014.2,14.4,27.7,3,2023-01-11,14
2023-01-11 15:00:00,77.8,59,62.4,0.0,1013.3,14.9,28.4,3,2023-01-11,15
2023-01-11 16:00:00,78.2,58,62.0,0.0,1012.4,14.9,28.6,3,2023-01-11,16
2023-01-11 17:00:00,76.2,67,64.6,0.0,1011.7,13.1,27.1,0,2023-01-11,17
2023-01-11 18:00:00,74.0,73,64.7,0.0,1011.7,11.6,23.7,0,2023-01-11,18
2023-01-11 19:00:00,71.8,81,65.6,0.0,1011.8,10.3,20.4,0,2023-01-11,19
2023-01-11 20:00:00,70.2,87,66.2,0.0,1012.2,10.5,17.9,1,2023-01-11,20
2023-01-11 21:00:00,69.5,93,67.4,0.0,1012.4,11.7,20.4,3,2023-01-11,21
2023-01-11 22:00:00,70.2,91,67.4,0.0,1012.7,13.6,23.7,3,2023-01-11,22
2023-01-11 23:00:00,70.2,88,66.6,0.0,1012.4,14.7,26.4,0,2023-01-11,23
2023-01-12 00:00:00,68.2,92,65.8,0.0,1012.7,13.2,26.2,0,2023-01-12,0
2023-01-12 01:00:00,67.6,92,65.1,0.0,1012.5,13.7,23.9,0,2023-01-12,1
2023-01-12 02:00:00,67.4,91,64.8,0.0,1011.9,14.9,26.4,0,2023-01-12,2
2023-01-12 03:00:00,66.9,92,64.5,0.0,1012.5,13.6,26.2,2,2023-01-12,3
2023-01-12 04:00:00,66.1,92,63.7,0.012,1013.8,12.4,24.8,51,2023-01-12,4
2023-01-12 05:00:00,66.6,90,63.7,0.0,1014.7,11.5,22.1,1,2023-01-12,5
2023-01-12 06:00:00,64.5,93,62.4,0.0,1015.1,9.0,20.1,0,2023-01-12,6
2023-01-12 07:00:00,63.5,83,58.3,0.0,1016.2,10.6,15.2,0,2023-01-12,7
2023-01-12 08:00:00,60.3,58,45.4,0.0,1017.3,11.2,19.0,3,2023-01-12,8
2023-01-12 09:00:00,58.7,43,36.0,0.0,1019.1,12.7,21.0,3,2023-01-12,9
2023-01-12 10:00:00,58.1,45,36.9,0.0,1020.8,14.4,25.3,3,2023-01-12,10
2023-01-12 11:00:00,57.7,46,37.2,0.0,1022.1,15.4,28.4,3,2023-01-12,11
2023-01-12 12:00:00,57.7,48,38.3,0.0,1022.6,14.8,28.6,3,2023-01-12,12
2023-01-12 13:00:00,59.1,48,39.5,0.0,1022.3,14.4,28.0,3,2023-01-12,13
2023-01-12 14:00:00,60.0,48,40.0,0.0,1021.8,15.0,28.2,2,2023-01-12,14
2023-01-12 15:00:00,60.0,48,40.1,0.0,1021.5,15.8,30.2,0,2023-01-12,15
2023-01-12 16:00:00,59.6,49,40.2,0.0,1021.7,16.2,30.6,0,2023-01-12,16
2023-01-12 17:00:00,58.5,49,39.6,0.0,1022.4,16.3,30.2,0,2023-01-12,17
2023-01-12 18:00:00,57.5,50,39.1,0.0,1023.0,11.7,29.3,0,2023-01-12,18
2023-01-12 19:00:00,56.9,50,38.4,0.0,1023.8,9.2,23.7,0,2023-01-12,19
2023-01-12 20:00:00,55.8,49,37.2,0.0,1024.8,9.5,18.1,0,2023-01-12,20
2023-01-12 21:00:00,55.0,51,37.0,0.0,1025.5,10.6,18.8,0,2023-01-12,21
2023-01-12 22:00:00,54.1,52,36.8,0.0,1026.2,10.4,18.6,0,2023-01-12,22
2023-01-12 23:00:00,52.7,52,35.7,0.0,1026.8,11.4,19.7,0,2023-01-12,23
2023-01-13 00:00:00,51.0,52,34.2,0.0,1027.3,12.3,21.5,0,2023-01-13,0
2023-01-13 01:00:00,49.0,52,32.4,0.0,1028.0,11.9,21.7,0,2023-01-13,1
2023-01-13 02:00:00,47.3,51,30.0,0.0,1028.5,10.7,20.8,0,2023-01-13,2
2023-01-13 03:00:00,45.9,50,28.4,0.0,1028.5,10.2,18.8,0,2023-01-13,3
2023-01-13 04:00:00,44.9,50,27.2,0.0,1028.6,11.1,19.0,0,2023-01-13,4
2023-01-13 05:00:00,44.3,49,26.6,0.0,1028.9,11.3,19.7,0,2023-01-13,5
2023-01-13 06:00:00,44.0,51,26.8,0.0,1028.7,11.6,20.6,0,2023-01-13,6
2023-01-13 07:00:00,43.3,49,25.6,0.0,1028.7,9.2,20.1,0,2023-01-13,7
2023-01-13 08:00:00,42.3,52,26.1,0.0,1028.8,9.4,15.9,2,2023-01-13,8
2023-01-13 09:00:00,42.6,55,27.8,0.0,1029.1,9.4,16.3,0,2023-01-13,9
2023-01-13 10:00:00,45.9,55,30.5,0.0,1029.8,9.2,16.8,0,2023-01-13,10
2023-01-13 11:00:00,49.1,50,31.2,0.0,1030.4,8.6,18.3,0,2023-01-13,11
2023-01-13 12:00:00,52.4,46,32.5,0.0,1030.1,8.6,17.9,0,2023-01-13,12
2023-01-13 13:00:00,55.0,43,32.8,0.0,1029.1,8.8,18.8,0,2023-01-13,13
2023-01-13 14:00:00,57.0,38,31.6,0.0,1028.2,10.1,20.6,0,2023-01-13,14
2023-01-13 15:00:00,58.1,35,30.8,0.0,1027.3,11.4,22.4,0,2023-01-13,15
2023-01-13 16:00:00,58.3,34,30.1,0.0,1026.9,11.4,22.4,0,2023-01-13,16
2023-01-13 17:00:00,57.5,35,29.9,0.0,1026.9,11.1,22.1,0,2023-01-13,17
2023-01-13 18:00:00,55.1,41,31.7,0.0,1027.1,8.4,20.4,0,2023-01-13,18
2023-01-13 19:00:00,51.1,44,30.1,0.0,1026.9,4.7,14.3,0,2023-01-13,19
2023-01-13 20:00:00,50.1,47,30.7,0.0,1027.3,5.0,7.8,0,2023-01-13,20
2023-01-13 21:00:00,48.4,53,31.9,0.0,1027.7,4.9,8.3,0,2023-01-13,21
2023-01-13 22:00:00,47.1,57,32.7,0.0,1027.6,5.0,7.8,0,2023-01-13,22
2023-01-13 23:00:00,46.2,60,33.1,0.0,1027.9,5.5,8.7,0,2023-01-13,23
2023-01-14 00:00:00,45.0,63,33.0,0.0,1028.0,4.9,8.7,0,2023-01-14,0
2023-01-14 01:00:00,44.0,64,32.5,0.0,1027.5,5.3,8.3,0,2023-01-14,1
2023-01-14 02:00:00,42.9,65,31.8,0.0,1027.4,4.9,8.5,0,2023-01-14,2
2023-01-14 03:00:00,41.5,68,31.7,0.0,1027.2,4.2,7.8,0,2023-01-14,3
2023-01-14 04:00:00,41.1,71,32.4,0.0,1027.0,4.4,6.7,0,2023-01-14,4
2023-01-14 05:00:00,41.0,75,33.5,0.0,1027.0,4.7,7.4,0,2023-01-14,5
2023-01-14 06:00:00,39.6,82,34.6,0.0,1027.2,4.8,7.4,0,2023-01-14,6
2023-01-14 07:00:00,39.1,82,34.2,0.0,1027.5,5.1,7.2,0,2023-01-14,7
2023-01-14 08:00:00,36.7,87,33.3,0.0,1027.9,6.1,6.9,0,2023-01-14,8
2023-01-14 09:00:00,41.1,79,35.2,0.0,1027.9,5.4,8.3,0,2023-01-14,9
2023-01-14 10:00:00,46.2,71,37.3,0.0,1028.0,5.2,10.7,1,2023-01-14,10
2023-01-14 11:00:00,50.6,62,38.1,0.0,1028.5,5.5,12.8,0,2023-01-14,11
2023-01-14 12:00:00,54.6,56,39.1,0.0,1028.5,5.9,13.6,0,2023-01-14,12
2023-01-14 13:00:00,57.5,52,39.9,0.0,1027.2,6.5,15.2,0,2023-01-14,13
2023-01-14 14:00:00,59.3,53,41.9,0.0,1025.7,7.2,16.1,1,2023-01-14,14
2023-01-14 15:00:00,60.0,55,44.0,0.0,1024.5,8.1,17.2,0,2023-01-14,15
2023-01-14 16:00:00,59.7,56,43.9,0.0,1023.9,9.1,18.6,0,2023-01-14,16
2023-01-14 17:00:00,58.4,60,44.6,0.0,1023.9,9.9,19.2,0,2023-01-14,17
2023-01-14 18:00:00,55.8,67,44.9,0.0,1023.8,9.5,19.2,0,2023-01-14,18
2023-01-14 19:00:00,52.6,72,44.0,0.0,1023.6,9.7,16.8,0,2023-01-14,19
2023-01-14 20:00:00,51.3,77,44.3,0.0,1023.4,10.8,18.3,0,2023-01-14,20
2023-01-14 21:00:00,50.6,80,44.8,0.0,1023.0,10.0,18.3,0,2023-01-14,21
2023-01-14 22:00:00,50.5,82,45.0,0.0,1022.8,9.5,17.2,0,2023-01-14,22
2023-01-14 23:00:00,50.5,84,45.9,0.0,1022.3,9.2,15.9,0,2023-01-14,23
2023-01-15 00:00:00,50.8,85,46.4,0.0,1021.6,8.1,15.9,0,2023-01-15,0
2023-01-15 01:00:00,51.3,81,45.7,0.0,1020.9,7.8,13.4,0,2023-01-15,1
2023-01-15 02:00:00,51.2,81,45.5,0.0,1020.5,7.2,13.0,0,2023-01-15,2
2023-01-15 03:00:00,51.1,84,46.3,0.0,1020.1,6.9,11.6,0,2023-01-15,3
2023-01-15 04:00:00,51.3,87,47.5,0.0,1019.4,6.9,11.4,0,2023-01-15,4
2023-01-15 05:00:00,51.3,89,48.2,0.0,1018.7,5.6,11.2,1,2023-01-15,5
2023-01-15 06:00:00,51.1,90,48.3,0.0,1018.4,5.0,9.2,0,2023-01-15,6
2023-01-15 07:00:00,52.6,89,49.4,0.0,1018.1,6.1,8.3,0,2023-01-15,7
2023-01-15 08:00:00,53.3,89,50.1,0.0,1018.0,6.5,10.5,3,2023-01-15,8
2023-01-15 09:00:00,56.9,83,52.0,0.0,1018.0,7.3,11.4,3,2023-01-15,9
2023-01-15 10:00:00,62.0,77,54.8,0.0,1018.1,8.8,15.0,3,2023-01-15,10
2023-01-15 11:00:00,65.3,75,57.3,0.0,1018.2,6.5,13.4,3,2023-01-15,11
2023-01-15 12:00:00,69.4,63,56.5,0.0,1017.6,11.2,19.7,0,2023-01-15,12
2023-01-15 13:00:00,72.4,54,54.8,0.0,1016.1,17.7,32.4,2,2023-01-15,13
2023-01-15 14:00:00,72.3,54,54.9,0.0,1014.8,18.1,32.7,3,2023-01-15,14
2023-01-15 15:00:00,72.5,54,55.0,0.0,1013.8,16.6,33.1,3,2023-01-15,15
2023-01-15 16:00:00,71.9,57,56.0,0.0,1012.9,17.2,31.5,3,2023-01-15,16
2023-01-15 17:00:00,71.7,57,55.6,0.0,1012.3,15.1,30.6,3,2023-01-15,17
2023-01-15 18:00:00,69.6,66,57.6,0.0,1012.0,12.2,27.3,1,2023-01-15,18
2023-01-15 19:00:00,66.1,80,59.6,0.0,1011.5,11.8,21.7,3,2023-01-15,19
2023-01-15 20:00:00,65.9,80,59.6,0.0,1011.6,11.3,20.8,3,2023-01-15,20
2023-01-15 21:00:00,65.7,80,59.5,0.0,1011.9,12.2,21.5,3,2023-01-15,21
2023-01-15 22:00:00,65.8,80,59.5,0.0,1012.0,11.5,21.0,3,2023-01-15,22
2023-01-15 23:00:00,64.4,84,59.5,0.0,1012.2,8.4,19.9,3,2023-01-15,23
2023-01-16 00:00:00,65.8,81,59.9,0.0,1012.0,10.6,18.6,3,2023-01-16,0
2023-01-16 01:00:00,64.2,86,59.9,0.0,1011.7,8.1,18.3,3,2023-01-16,1
2023-01-16 02:00:00,64.6,85,59.8,0.0,1011.2,9.0,14.8,3,2023-01-16,2
2023-01-16 03:00:00,64.5,85,59.9,0.0,1010.9,9.9,17.0,3,2023-01-16,3
2023-01-16 04:00:00,64.2,86,60.1,0.0,1010.7,8.1,16.8,3,2023-01-16,4
2023-01-16 05:00:00,64.3,86,60.2,0.0,1010.5,8.5,14.5,3,2023-01-16,5
2023-01-16 06:00:00,63.5,88,60.0,0.0,1010.8,8.1,14.8,2,2023-01-16,6
2023-01-16 07:00:00,64.3,86,60.1,0.0,1010.3,9.2,13.4,1,2023-01-16,7
2023-01-16 08:00:00,64.8,88,61.1,0.0,1010.4,8.3,15.7,2,2023-01-16,8
2023-01-16 09:00:00,66.1,87,62.2,0.0,1010.6,8.8,14.8,1,2023-01-16,9
2023-01-16 10:00:00,70.1,80,63.6,0.0,1011.2,12.4,21.3,3,2023-01-16,10
2023-01-16 11:00:00,72.1,78,64.7,0.004,1012.2,10.7,22.6,51,2023-01-16,11
2023-01-16 12:00:00,73.4,74,64.6,0.008,1012.1,12.2,22.8,51,2023-01-16,12
2023-01-16 13:00:00,74.2,71,64.0,0.004,1011.0,14.4,26.4,51,2023-01-16,13
2023-01-16 14:00:00,74.5,68,63.3,0.008,1009.7,15.5,29.3,51,2023-01-16,14
2023-01-16 15:00:00,74.0,71,64.0,0.008,1008.8,15.4,29.1,51,2023-01-16,15
2023-01-16 16:00:00,73.7,72,64.2,0.004,1008.0,14.3,28.9,51,2023-01-16,16
2023-01-16 17:00:00,73.0,73,64.0,0.008,1007.7,12.6,27.3,51,2023-01-16,17
2023-01-16 18:00:00,71.9,79,64.8,0.004,1007.8,9.7,22.6,51,2023-01-16,18
2023-01-16 19:00:00,68.3,90,65.3,0.0,1007.8,6.7,16.8,2,2023-01-16,19
2023-01-16 20:00:00,67.4,93,65.4,0.0,1008.4,7.2,11.9,0,2023-01-16,20
2023-01-16 21:00:00,66.9,94,65.2,0.0,1008.5,6.3,11.9,1,2023-01-16,21
2023-01-16 22:00:00,66.1,95,64.7,0.0,1008.7,5.9,10.3,0,2023-01-16,22
2023-01-16 23:00:00,65.0,97,64.1,0.0,1009.2,5.3,9.8,1,2023-01-16,23
2023-01-17 00:00:00,64.0,98,63.6,0.0,1009.5,4.8,8.5,2,2023-01-17,0
2023-01-17 01:00:00,63.3,99,63.1,0.0,1009.6,4.7,7.4,0,2023-01-17,1
2023-01-17 02:00:00,63.1,100,63.0,0.0,1009.3,5.1,8.7,3,2023-01-17,2
2023-01-17 03:00:00,63.1,100,63.0,0.0,1009.1,5.2,8.7,3,2023-01-17,3
2023-01-17 04:00:00,62.7,100,62.6,0.0,1008.9,4.7,8.3,3,2023-01-17,4
2023-01-17 05:00:00,62.2,100,62.2,0.0,1009.0,4.2,7.8,3,2023-01-17,5
2023-01-17 06:00:00,61.2,100,61.2,0.0,1009.0,3.0,6.7,3,2023-01-17,6
2023-01-17 07:00:00,62.2,100,62.2,0.0,1009.5,3.4,3.8,3,2023-01-17,7
2023-01-17 08:00:00,62.7,100,62.6,0.0,1010.0,3.7,8.9,3,2023-01-17,8
2023-01-17 09:00:00,63.0,100,62.9,0.0,1010.8,3.2,7.8,3,2023-01-17,9
2023-01-17 10:00:00,63.3,100,63.2,0.0,1011.7,2.9,8.3,3,2023-01-17,10
2023-01-17 11:00:00,64.3,98,63.7,0.0,1012.3,3.1,8.7,3,2023-01-17,11
2023-01-17 12:00:00,66.2,93,64.2,0.0,1012.1,5.5,11.4,3,2023-01-17,12
2023-01-17 13:00:00,69.5,85,64.8,0.004,1011.1,6.8,14.3,51,2023-01-17,13
2023-01-17 14:00:00,71.5,79,64.6,0.004,1010.0,7.4,15.0,51,2023-01-17,14
2023-01-17 15:00:00,73.4,73,64.4,0.004,1009.1,7.1,15.2,51,2023-01-17,15
2023-01-17 16:00:00,74.2,71,64.3,0.0,1008.4,5.8,14.3,3,2023-01-17,16
2023-01-17 17:00:00,74.9,70,64.5,0.0,1007.8,7.5,14.3,2,2023-01-17,17
2023-01-17 18:00:00,73.4,76,65.2,0.0,1007.6,7.4,14.3,2,2023-01-17,18
2023-01-17 19:00:00,70.1,91,67.5,0.0,1007.7,9.8,15.9,3,2023-01-17,19
2023-01-17 20:00:00,67.9,98,67.3,0.0,1008.3,9.5,17.4,3,2023-01-17,20
2023-01-17 21:00:00,66.9,99,66.7,0.0,1008.5,8.2,16.6,3,2023-01-17,21
2023-01-17 22:00:00,67.6,98,66.8,0.016,1008.7,9.0,15.7,51,2023-01-17,22
2023-01-17 23:00:00,67.3,98,66.6,0.0,1008.4,9.7,17.4,3,2023-01-17,23
2023-01-18 00:00:00,67.3,97,66.5,0.0,1008.6,9.0,16.8,3,2023-01-18,0
2023-01-18 01:00:00,67.9,97,67.0,0.0,1008.3,9.2,16.8,3,2023-01-18,1
2023-01-18 02:00:00,68.3,97,67.4,0.0,1007.6,8.2,15.7,3,2023-01-18,2
2023-01-18 03:00:00,68.7,97,67.7,0.0,1007.3,7.9,13.9,3,2023-01-18,3
2023-01-18 04:00:00,69.2,97,68.2,0.0,1006.7,9.8,16.8,3,2023-01-18,4
2023-01-18 05:00:00,70.2,95,68.6,0.0,1006.3,11.9,20.4,3,2023-01-18,5
2023-01-18 06:00:00,70.3,95,68.8,0.0,1006.5,12.3,21.3,3,2023-01-18,6
2023-01-18 07:00:00,70.2,99,69.9,0.004,1007.1,10.4,21.9,51,2023-01-18,7
2023-01-18 08:00:00,70.2,98,69.4,0.012,1007.4,11.9,21.3,51,2023-01-18,8
2023-01-18 09:00:00,70.9,94,69.2,0.004,1007.8,14.3,25.1,51,2023-01-18,9
2023-01-18 10:00:00,70.7,96,69.6,0.051,1008.6,13.0,25.9,61,2023-01-18,10
2023-01-18 11:00:00,72.5,90,69.3,0.063,1009.5,15.3,26.6,61,2023-01-18,11
2023-01-18 12:00:00,73.8,86,69.3,0.024,1009.4,13.8,31.1,53,2023-01-18,12
2023-01-18 13:00:00,73.1,86,68.5,0.043,1008.7,12.3,31.1,55,2023-01-18,13
2023-01-18 14:00:00,71.7,88,67.9,0.055,1007.8,10.8,25.9,61,2023-01-18,14
2023-01-18 15:00:00,68.2,90,65.1,0.075,1007.5,11.3,23.3,61,2023-01-18,15
2023-01-18 16:00:00,68.3,78,61.0,0.0,1007.4,9.3,21.3,3,2023-01-18,16
2023-01-18 17:00:00,67.9,74,59.4,0.0,1008.0,5.1,17.2,3,2023-01-18,17
2023-01-18 18:00:00,67.7,73,58.8,0.0,1008.2,4.3,10.3,1,2023-01-18,18
2023-01-18 19:00:00,62.5,81,56.6,0.0,1008.8,4.6,8.1,0,2023-01-18,19
2023-01-18 20:00:00,60.3,83,55.0,0.0,1009.8,5.9,6.7,0,2023-01-18,20
2023-01-18 21:00:00,62.5,72,53.2,0.0,1010.4,3.5,6.5,1,2023-01-18,21
2023-01-18 22:00:00,56.2,84,51.4,0.0,1011.1,7.4,7.6,1,2023-01-18,22
2023-01-18 23:00:00,59.6,57,44.6,0.0,1011.9,7.0,10.3,0,2023-01-18,23
2023-01-19 00:00:00,59.2,57,43.8,0.0,1013.2,7.3,13.0,0,2023-01-19,0
2023-01-19 01:00:00,57.0,63,44.7,0.0,1013.6,6.5,11.9,0,2023-01-19,1
2023-01-19 02:00:00,53.4,71,44.3,0.0,1014.0,4.9,10.3,0,2023-01-19,2
2023-01-19 03:00:00,54.0,60,40.3,0.0,1014.3,5.9,9.2,0,2023-01-19,3
2023-01-19 04:00:00,53.7,46,33.4,0.0,1014.5,6.0,9.4,2,2023-01-19,4
2023-01-19 05:00:00,52.5,41,29.4,0.0,1014.9,6.0,9.6,1,2023-01-19,5
2023-01-19 06:00:00,51.7,39,27.3,0.0,1015.6,6.2,9.8,1,2023-01-19,6
2023-01-19 07:00:00,52.6,36,26.2,0.0,1016.5,7.8,11.2,1,2023-01-19,7
2023-01-19 08:00:00,51.6,37,25.9,0.0,1017.6,7.8,13.6,2,2023-01-19,8
2023-01-19 09:00:00,51.4,43,29.4,0.0,1018.7,7.9,12.8,3,2023-01-19,9
2023-01-19 10:00:00,55.6,48,36.4,0.0,1019.9,8.7,14.5,2,2023-01-19,10
2023-01-19 11:00:00,59.6,42,36.2,0.0,1020.4,7.8,15.4,1,2023-01-19,11
2023-01-19 12:00:00,63.0,36,36.0,0.0,1020.8,8.1,16.3,2,2023-01-19,12
2023-01-19 13:00:00,64.6,35,36.0,0.0,1020.0,9.8,19.7,3,2023-01-19,13
2023-01-19 14:00:00,65.8,34,36.7,0.0,1019.3,9.4,19.9,3,2023-01-19,14
2023-01-19 15:00:00,66.2,33,36.6,0.0,1018.6,8.9,19.2,2,2023-01-19,15
2023-01-19 16:00:00,65.9,35,37.3,0.0,1018.7,8.0,17.9,1,2023-01-19,16
2023-01-19 17:00:00,64.8,38,38.5,0.0,1019.0,7.0,16.1,1,2023-01-19,17
2023-01-19 18:00:00,62.0,49,42.6,0.0,1019.6,4.6,13.4,0,2023-01-19,18
2023-01-19 19:00:00,58.5,52,40.8,0.0,1019.3,5.2,9.4,0,2023-01-19,19
2023-01-19 20:00:00,56.7,56,41.2,0.0,1019.8,5.4,9.2,0,2023-01-19,20
2023-01-19 21:00:00,55.0,58,40.5,0.0,1020.4,6.7,10.7,0,2023-01-19,21
2023-01-19 22:00:00,53.8,57,39.0,0.0,1020.7,6.7,11.6,3,2023-01-19,22
2023-01-19 23:00:00,52.1,60,38.8,0.0,1021.4,5.0,11.2,3,2023-01-19,23
2023-01-20 00:00:00,50.5,65,39.4,0.0,1022.1,4.1,7.8,3,2023-01-20,0
2023-01-20 01:00:00,51.1,65,39.9,0.0,1022.2,4.2,7.2,3,2023-01-20,1
2023-01-20 02:00:00,51.1,68,40.8,0.0,1021.8,5.4,8.7,3,2023-01-20,2
2023-01-20 03:00:00,49.9,72,41.4,0.0,1021.6,5.6,9.2,3,2023-01-20,3
2023-01-20 04:00:00,49.9,70,40.5,0.0,1021.2,6.6,11.0,3,2023-01-20,4
2023-01-20 05:00:00,49.7,66,38.7,0.0,1021.3,7.1,12.1,2,2023-01-20,5
2023-01-20 06:00:00,49.1,63,37.0,0.0,1021.7,7.7,12.8,3,2023-01-20,6
2023-01-20 07:00:00,50.5,56,35.5,0.0,1022.3,8.2,14.3,3,2023-01-20,7
2023-01-20 08:00:00,51.3,55,35.9,0.0,1022.4,6.2,13.6,3,2023-01-20,8
2023-01-20 09:00:00,51.6,54,35.7,0.0,1023.1,8.9,15.7,3,2023-01-20,9
2023-01-20 10:00:00,52.3,57,37.4,0.0,1023.7,7.1,16.1,3,2023-01-20,10
2023-01-20 11:00:00,52.6,65,41.4,0.075,1025.6,4.0,12.8,61,2023-01-20,11
2023-01-20 12:00:00,50.9,78,44.2,0.118,1025.5,9.3,15.9,63,2023-01-20,12
2023-01-20 13:00:00,50.5,79,44.2,0.0,1024.4,9.6,17.7,3,2023-01-20,13
2023-01-20 14:00:00,51.4,75,43.8,0.0,1023.2,9.7,17.9,3,2023-01-20,14
2023-01-20 15:00:00,51.6,72,42.7,0.0,1022.1,8.7,18.3,3,2023-01-20,15
2023-01-20 16:00:00,52.5,70,43.0,0.0,1021.8,8.1,16.3,3,2023-01-20,16
2023-01-20 17:00:00,52.9,70,43.4,0.0,1021.9,7.7,15.2,3,2023-01-20,17
2023-01-20 18:00:00,52.2,71,43.0,0.0,1021.7,8.5,15.7,3,2023-01-20,18
2023-01-20 19:00:00,50.2,90,47.5,0.004,1021.6,6.8,15.4,51,2023-01-20,19
2023-01-20 20:00:00,49.8,89,46.8,0.004,1021.5,8.5,15.2,51,2023-01-20,20
2023-01-20 21:00:00,49.6,87,46.0,0.0,1021.2,9.5,16.1,3,2023-01-20,21
2023-01-20 22:00:00,47.9,90,45.0,0.0,1021.3,6.9,16.3,3,2023-01-20,22
2023-01-20 23:00:00,48.8,86,44.7,0.0,1021.3,7.6,13.0,3,2023-01-20,23
2023-01-21 00:00:00,49.8,80,44.0,0.0,1021.2,6.5,13.0,3,2023-01-21,0
2023-01-21 01:00:00,50.6,75,43.1,0.0,1021.1,7.3,11.9,3,2023-01-21,1
2023-01-21 02:00:00,51.0,70,41.5,0.0,1020.0,9.7,16.6,3,2023-01-21,2
2023-01-21 03:00:00,50.5,76,43.2,0.035,1019.5,9.5,16.3,53,2023-01-21,3
2023-01-21 04:00:00,49.1,86,45.2,0.055,1018.9,7.9,16.1,61,2023-01-21,4
2023-01-21 05:00:00,48.8,93,46.9,0.016,1018.4,7.9,13.2,51,2023-01-21,5
2023-01-21 06:00:00,49.4,89,46.3,0.004,1017.7,9.1,15.4,51,2023-01-21,6
2023-01-21 07:00:00,48.9,86,44.9,0.0,1017.2,8.6,15.4,3,2023-01-21,7
2023-01-21 08:00:00,48.7,85,44.5,0.004,1017.3,8.4,15.4,51,2023-01-21,8
2023-01-21 09:00:00,49.6,80,43.8,0.0,1017.4,8.8,15.7,3,2023-01-21,9
2023-01-21 10:00:00,51.7,74,43.5,0.0,1017.3,9.5,17.4,1,2023-01-21,10
2023-01-21 11:00:00,54.3,67,43.6,0.0,1017.3,10.0,19.5,2,2023-01-21,11
2023-01-21 12:00:00,55.8,67,45.0,0.004,1017.3,8.7,19.5,51,2023-01-21,12
2023-01-21 13:00:00,55.8,77,48.7,0.043,1016.4,5.8,17.7,55,2023-01-21,13
2023-01-21 14:00:00,55.9,80,50.0,0.008,1015.0,6.2,13.2,51,2023-01-21,14
2023-01-21 15:00:00,54.1,94,52.4,0.02,1013.9,6.0,13.0,53,2023-01-21,15
2023-01-21 16:00:00,54.0,95,52.6,0.012,1013.3,5.9,11.2,51,2023-01-21,16
2023-01-21 17:00:00,54.0,92,51.8,0.02,1013.1,6.2,11.4,53,2023-01-21,17
2023-01-21 18:00:00,53.9,93,51.9,0.004,1013.0,6.2,11.2,51,2023-01-21,18
2023-01-21 19:00:00,51.4,98,50.8,0.004,1013.2,5.4,10.7,51,2023-01-21,19
2023-01-21 20:00:00,51.4,97,50.7,0.004,1012.8,6.8,12.3,51,2023-01-21,20
2023-01-21 21:00:00,50.9,97,50.2,0.0,1013.4,1.9,11.6,2,2023-01-21,21
2023-01-21 22:00:00,50.2,98,49.7,0.0,1013.7,4.3,6.7,3,2023-01-21,22
2023-01-21 23:00:00,50.6,98,50.0,0.0,1013.9,3.3,8.9,0,2023-01-21,23
2023-01-22 00:00:00,46.5,100,46.5,0.0,1013.9,4.9,6.3,0,2023-01-22,0
2023-01-22 01:00:00,44.8,100,44.8,0.0,1013.5,5.1,7.2,3,2023-01-22,1
2023-01-22 02:00:00,45.8,100,45.8,0.0,1013.0,3.7,6.9,3,2023-01-22,2
2023-01-22 03:00:00,45.2,100,45.2,0.0,1012.9,4.3,6.7,0,2023-01-22,3
2023-01-22 04:00:00,44.7,99,44.5,0.0,1013.1,4.8,7.4,0,2023-01-22,4
2023-01-22 05:00:00,44.8,98,44.2,0.0,1013.7,5.9,9.4,0,2023-01-22,5
2023-01-22 06:00:00,45.3,93,43.5,0.0,1014.0,9.1,14.8,0,2023-01-22,6
2023-01-22 07:00:00,45.5,94,44.0,0.0,1015.0,8.1,16.8,0,2023-01-22,7
2023-01-22 08:00:00,44.1,92,42.0,0.0,1015.9,7.4,13.2,0,2023-01-22,8
2023-01-22 09:00:00,43.7,88,40.5,0.0,1016.3,8.1,13.2,0,2023-01-22,9
2023-01-22 10:00:00,46.4,81,40.9,0.0,1016.8,6.7,14.1,0,2023-01-22,10
2023-01-22 11:00:00,49.5,69,39.7,0.0,1017.2,8.5,17.0,0,2023-01-22,11
2023-01-22 12:00:00,52.6,58,38.4,0.0,1017.2,10.4,21.0,0,2023-01-22,12
2023-01-22 13:00:00,55.4,51,37.6,0.0,1016.6,10.4,21.7,0,2023-01-22,13
2023-01-22 14:00:00,57.3,46,36.7,0.0,1015.6,10.9,22.1,0,2023-01-22,14
2023-01-22 15:00:00,58.0,43,35.7,0.0,1015.2,11.6,23.0,0,2023-01-22,15
2023-01-22 16:00:00,57.9,42,34.9,0.0,1015.1,11.3,23.0,0,2023-01-22,16
2023-01-22 17:00:00,57.0,44,35.2,0.0,1015.5,9.8,21.9,0,2023-01-22,17
2023-01-22 18:00:00,55.0,49,36.3,0.0,1015.9,7.9,18.3,0,2023-01-22,18
2023-01-22 19:00:00,50.1,58,35.7,0.0,1016.7,4.3,13.9,0,2023-01-22,19
2023-01-22 20:00:00,47.2,67,36.7,0.0,1017.6,5.0,6.5,0,2023-01-22,20
2023-01-22 21:00:00,44.8,76,37.6,0.0,1018.5,5.8,7.2,0,2023-01-22,21
2023-01-22 22:00:00,43.2,81,37.7,0.0,1019.4,5.4,7.2,0,2023-01-22,22
2023-01-22 23:00:00,42.5,83,37.8,0.0,1020.4,4.7,6.9,0,2023-01-22,23
2023-01-23 00:00:00,42.0,83,37.2,0.0,1021.1,4.8,6.7,0,2023-01-23,0
2023-01-23 01:00:00,42.0,81,36.5,0.0,1021.5,4.6,7.2,0,2023-01-23,1
2023-01-23 02:00:00,42.1,78,35.9,0.0,1021.4,5.9,9.2,0,2023-01-23,2
2023-01-23 03:00:00,42.3,77,35.4,0.0,1021.0,7.1,11.9,0,2023-01-23,3
2023-01-23 04:00:00,41.7,75,34.2,0.0,1021.1,7.5,12.5,0,2023-01-23,4
2023-01-23 05:00:00,40.6,74,33.0,0.0,1021.7,7.7,13.2,0,2023-01-23,5
2023-01-23 06:00:00,39.6,72,31.3,0.0,1022.3,6.3,12.8,0,2023-01-23,6
2023-01-23 07:00:00,36.0,85,32.0,0.0,1023.4,6.2,10.3,0,2023-01-23,7
2023-01-23 08:00:00,39.3,75,31.9,0.0,1024.9,4.0,7.2,0,2023-01-23,8
2023-01-23 09:00:00,38.8,78,32.6,0.0,1025.8,2.5,4.5,0,2023-01-23,9
2023-01-23 10:00:00,43.6,68,33.7,0.0,1026.6,3.8,8.9,0,2023-01-23,10
2023-01-23 11:00:00,47.3,59,33.7,0.0,1027.0,6.0,13.4,0,2023-01-23,11
2023-01-23 12:00:00,50.5,54,34.2,0.0,1026.6,8.6,18.1,0,2023-01-23,12
2023-01-23 13:00:00,53.2,51,35.3,0.0,1024.7,10.8,22.1,0,2023-01-23,13
2023-01-23 14:00:00,55.2,50,36.8,0.0,1023.8,8.1,22.1,2,2023-01-23,14
2023-01-23 15:00:00,56.2,50,37.6,0.0,1022.7,7.5,17.9,0,2023-01-23,15
2023-01-23 16:00:00,56.6,49,37.8,0.0,1022.3,7.4,16.8,0,2023-01-23,16
2023-01-23 17:00:00,56.2,50,38.0,0.0,1022.5,7.3,16.1,3,2023-01-23,17
2023-01-23 18:00:00,54.7,54,38.3,0.0,1023.1,6.7,14.8,2,2023-01-23,18
2023-01-23 19:00:00,52.3,59,38.3,0.0,1022.5,4.0,11.9,2,2023-01-23,19
2023-01-23 20:00:00,50.2,65,38.9,0.0,1022.3,4.6,7.6,1,2023-01-23,20
2023-01-23 21:00:00,49.2,70,39.9,0.0,1022.2,5.1,8.3,1,2023-01-23,21
2023-01-23 22:00:00,47.6,74,39.7,0.0,1022.4,5.7,8.9,3,2023-01-23,22
2023-01-23 23:00:00,48.8,69,39.3,0.0,1022.4,7.6,12.5,3,2023-01-23,23
2023-01-24 00:00:00,49.9,67,39.5,0.0,1022.1,8.8,14.8,3,2023-01-24,0
2023-01-24 01:00:00,49.5,67,38.9,0.0,1021.4,8.5,16.1,1,2023-01-24,1
2023-01-24 02:00:00,47.3,72,38.8,0.0,1020.7,9.0,15.0,3,2023-01-24,2
2023-01-24 03:00:00,49.2,68,39.1,0.0,1020.0,9.9,17.0,3,2023-01-24,3
2023-01-24 04:00:00,49.5,70,39.9,0.0,1019.0,9.9,17.4,3,2023-01-24,4
2023-01-24 05:00:00,49.6,74,41.6,0.02,1018.2,10.9,20.6,53,2023-01-24,5
2023-01-24 06:00:00,48.9,77,42.1,0.071,1017.4,11.7,20.8,61,2023-01-24,6
2023-01-24 07:00:00,48.9,79,42.7,0.224,1014.7,15.3,27.3,63,2023-01-24,7
2023-01-24 08:00:00,49.1,86,45.2,0.043,1013.8,12.8,30.2,55,2023-01-24,8
2023-01-24 09:00:00,49.7,87,46.0,0.185,1013.7,13.5,26.6,63,2023-01-24,9
2023-01-24 10:00:00,51.1,90,48.3,0.091,1012.6,14.9,27.3,61,2023-01-24,10
2023-01-24 11:00:00,54.1,92,51.8,0.02,1009.8,18.6,32.4,53,2023-01-24,11
2023-01-24 12:00:00,57.3,96,56.1,0.173,1007.8,19.9,39.6,63,2023-01-24,12
2023-01-24 13:00:00,60.7,97,59.7,0.472,1005.5,17.9,38.7,65,2023-01-24,13
2023-01-24 14:00:00,64.0,96,63.0,0.094,1003.9,13.5,42.5,61,2023-01-24,14
2023-01-24 15:00:00,64.9,96,63.9,0.949,1001.9,6.8,31.5,65,2023-01-24,15
2023-01-24 16:00:00,60.7,97,59.9,0.5,1004.3,8.0,23.7,65,2023-01-24,16
2023-01-24 17:00:00,55.4,93,53.3,0.008,1005.7,16.3,31.5,51,2023-01-24,17
2023-01-24 18:00:00,54.0,89,50.8,0.0,1007.6,14.0,29.3,2,2023-01-24,18
2023-01-24 19:00:00,50.2,92,47.9,0.0,1010.1,12.0,24.4,0,2023-01-24,19
2023-01-24 20:00:00,48.7,93,46.8,0.0,1011.2,10.3,21.3,0,2023-01-24,20
2023-01-24 21:00:00,47.4,91,45.0,0.0,1011.8,10.9,19.0,0,2023-01-24,21
2023-01-24 22:00:00,46.8,88,43.4,0.0,1012.5,9.9,19.0,0,2023-01-24,22
2023-01-24 23:00:00,46.6,85,42.3,0.0,1012.6,11.6,19.7,0,2023-01-24,23
2023-01-25 00:00:00,46.9,80,41.0,0.0,1012.7,13.4,23.3,0,2023-01-25,0
2023-01-25 01:00:00,46.3,77,39.5,0.0,1013.0,12.0,23.9,0,2023-01-25,1
2023-01-25 02:00:00,45.6,72,37.1,0.0,1013.6,10.5,20.8,0,2023-01-25,2
2023-01-25 03:00:00,43.9,72,35.3,0.0,1014.6,12.5,21.3,0,2023-01-25,3
2023-01-25 04:00:00,41.7,73,33.7,0.0,1015.4,12.7,23.0,0,2023-01-25,4
2023-01-25 05:00:00,40.6,76,33.6,0.0,1015.8,11.4,22.1,0,2023-01-25,5
2023-01-25 06:00:00,40.0,78,33.7,0.0,1016.8,10.3,20.1,0,2023-01-25,6
2023-01-25 07:00:00,42.0,73,34.0,0.0,1017.7,6.3,17.9,0,2023-01-25,7
2023-01-25 08:00:00,43.1,70,34.0,0.0,1018.6,8.8,15.4,3,2023-01-25,8
2023-01-25 09:00:00,42.8,72,34.4,0.0,1020.1,10.2,18.6,3,2023-01-25,9
2023-01-25 10:00:00,43.7,70,34.6,0.0,1020.9,10.7,19.9,3,2023-01-25,10
2023-01-25 11:00:00,45.6,65,34.4,0.0,1021.7,11.9,22.4,2,2023-01-25,11
2023-01-25 12:00:00,48.2,58,34.0,0.0,1021.9,12.3,23.9,2,2023-01-25,12
2023-01-25 13:00:00,51.0,53,34.2,0.0,1020.8,12.2,25.3,0,2023-01-25,13
2023-01-25 14:00:00,52.8,50,34.5,0.0,1019.9,12.6,24.6,0,2023-01-25,14
2023-01-25 15:00:00,53.2,50,35.2,0.0,1019.6,13.2,25.5,0,2023-01-25,15
2023-01-25 16:00:00,53.3,50,35.2,0.0,1019.8,13.0,25.7,1,2023-01-25,16
2023-01-25 17:00:00,53.1,47,33.4,0.0,1020.3,12.4,25.1,1,2023-01-25,17
2023-01-25 18:00:00,53.2,47,33.3,0.0,1020.4,9.5,23.0,0,2023-01-25,18
2023-01-25 19:00:00,46.0,65,35.0,0.0,1022.1,5.6,16.6,0,2023-01-25,19
2023-01-25 20:00:00,43.9,71,35.2,0.0,1022.8,5.8,9.4,0,2023-01-25,20
2023-01-25 21:00:00,42.4,74,34.9,0.0,1023.8,5.8,9.6,0,2023-01-25,21
2023-01-25 22:00:00,39.5,84,35.2,0.0,1024.8,5.6,9.2,0,2023-01-25,22
2023-01-25 23:00:00,38.1,88,34.8,0.0,1025.5,5.4,6.7,0,2023-01-25,23
2023-01-26 00:00:00,38.5,87,34.9,0.0,1025.9,4.2,6.3,0,2023-01-26,0
2023-01-26 01:00:00,38.6,88,35.3,0.0,1026.1,5.0,8.3,0,2023-01-26,1
2023-01-26 02:00:00,38.2,88,34.9,0.0,1026.2,5.8,9.4,0,2023-01-26,2
2023-01-26 03:00:00,37.9,87,34.3,0.0,1026.5,6.9,11.4,0,2023-01-26,3
2023-01-26 04:00:00,37.4,86,33.6,0.0,1026.7,5.9,11.6,1,2023-01-26,4
2023-01-26 05:00:00,36.2,88,33.1,0.0,1027.0,4.5,9.8,0,2023-01-26,5
2023-01-26 06:00:00,35.5,89,32.6,0.0,1027.5,4.5,7.2,0,2023-01-26,6
2023-01-26 07:00:00,35.7,89,32.7,0.0,1028.2,4.5,6.9,0,2023-01-26,7
2023-01-26 08:00:00,34.8,90,32.3,0.0,1028.7,4.3,7.2,0,2023-01-26,8
2023-01-26 09:00:00,37.0,86,33.2,0.0,1029.5,5.4,7.6,0,2023-01-26,9
2023-01-26 10:00:00,42.4,76,35.4,0.0,1030.7,2.9,8.9,0,2023-01-26,10
2023-01-26 11:00:00,47.1,68,37.1,0.0,1031.5,2.6,8.7,0,2023-01-26,11
2023-01-26 12:00:00,50.7,62,38.2,0.0,1031.7,3.8,11.0,0,2023-01-26,12
2023-01-26 13:00:00,53.3,54,37.0,0.0,1030.5,5.2,13.4,0,2023-01-26,13
2023-01-26 14:00:00,55.0,47,35.3,0.0,1029.1,6.5,15.0,0,2023-01-26,14
2023-01-26 15:00:00,55.8,44,34.4,0.0,1028.2,6.8,15.9,0,2023-01-26,15
2023-01-26 16:00:00,55.8,43,33.7,0.0,1027.8,6.8,15.7,0,2023-01-26,16
2023-01-26 17:00:00,55.2,44,33.8,0.0,1027.6,6.4,15.0,0,2023-01-26,17
2023-01-26 18:00:00,53.4,52,36.1,0.0,1027.9,4.3,13.0,0,2023-01-26,18
2023-01-26 19:00:00,47.1,61,34.5,0.0,1028.0,5.4,7.4,0,2023-01-26,19
2023-01-26 20:00:00,45.3,65,34.4,0.0,1028.4,5.3,6.5,0,2023-01-26,20
2023-01-26 21:00:00,43.0,71,34.2,0.0,1028.7,4.9,6.3,0,2023-01-26,21
2023-01-26 22:00:00,41.5,75,34.3,0.0,1029.2,3.8,6.3,0,2023-01-26,22
2023-01-26 23:00:00,39.7,79,33.8,0.0,1029.3,5.5,6.5,0,2023-01-26,23
2023-01-27 00:00:00,38.7,80,33.2,0.0,1029.5,5.6,6.9,0,2023-01-27,0
2023-01-27 01:00:00,37.7,83,32.9,0.0,1029.0,5.9,6.9,0,2023-01-27,1
2023-01-27 02:00:00,37.1,83,32.5,0.0,1028.8,5.3,7.4,0,2023-01-27,2
2023-01-27 03:00:00,39.8,74,32.4,0.0,1028.6,3.1,5.8,0,2023-01-27,3
2023-01-27 04:00:00,39.3,75,32.2,0.0,1028.3,1.8,3.6,0,2023-01-27,4
2023-01-27 05:00:00,39.5,74,31.9,0.0,1028.2,1.8,2.0,1,2023-01-27,5
2023-01-27 06:00:00,37.6,78,31.4,0.0,1028.1,3.4,3.8,3,2023-01-27,6
2023-01-27 07:00:00,37.5,79,31.5,0.0,1028.0,2.7,5.8,3,2023-01-27,7
2023-01-27 08:00:00,37.0,79,31.2,0.0,1028.3,3.5,3.8,1,2023-01-27,8
2023-01-27 09:00:00,36.9,82,32.0,0.0,1028.6,3.4,5.6,1,2023-01-27,9
2023-01-27 10:00:00,44.5,72,35.9,0.0,1029.2,2.3,7.2,2,2023-01-27,10
2023-01-27 11:00:00,51.4,60,37.9,0.0,1029.7,2.0,7.4,3,2023-01-27,11
2023-01-27 12:00:00,55.2,48,36.0,0.0,1029.3,4.0,10.5,3,2023-01-27,12
2023-01-27 13:00:00,56.9,43,34.5,0.0,1028.4,5.7,13.2,3,2023-01-27,13
2023-01-27 14:00:00,55.7,47,35.9,0.0,1026.9,6.6,13.6,3,2023-01-27,14
2023-01-27 15:00:00,55.4,50,37.0,0.0,1026.0,6.9,13.6,3,2023-01-27,15
2023-01-27 16:00:00,54.9,54,38.5,0.0,1025.5,6.5,13.6,3,2023-01-27,16
2023-01-27 17:00:00,54.5,58,39.8,0.0,1025.7,6.2,12.3,3,2023-01-27,17
2023-01-27 18:00:00,53.9,61,40.6,0.0,1025.5,5.9,11.6,3,2023-01-27,18
2023-01-27 19:00:00,52.3,65,40.8,0.0,1024.8,4.9,10.3,3,2023-01-27,19
2023-01-27 20:00:00,52.5,63,40.2,0.0,1025.0,5.3,8.9,3,2023-01-27,20
2023-01-27 21:00:00,51.6,65,40.1,0.0,1025.1,5.0,8.7,3,2023-01-27,21
2023-01-27 22:00:00,52.1,65,40.6,0.0,1024.8,6.4,10.3,3,2023-01-27,22
2023-01-27 23:00:00,52.2,69,42.4,0.0,1024.3,7.9,13.2,3,2023-01-27,23
2023-01-28 00:00:00,53.2,71,44.2,0.0,1023.8,8.1,13.9,3,2023-01-28,0
2023-01-28 01:00:00,53.4,77,46.5,0.008,1023.4,7.1,13.6,51,2023-01-28,1
2023-01-28 02:00:00,53.6,83,48.7,0.008,1022.6,8.9,14.8,51,2023-01-28,2
2023-01-28 03:00:00,54.0,86,50.0,0.0,1022.0,9.4,15.9,3,2023-01-28,3
2023-01-28 04:00:00,55.8,85,51.3,0.0,1021.5,9.4,16.1,3,2023-01-28,4
2023-01-28 05:00:00,56.5,85,52.2,0.004,1021.0,9.8,16.6,51,2023-01-28,5
2023-01-28 06:00:00,56.4,90,53.6,0.016,1020.4,10.4,17.4,51,2023-01-28,6
2023-01-28 07:00:00,58.8,90,55.8,0.004,1020.0,9.7,20.4,51,2023-01-28,7
2023-01-28 08:00:00,58.0,96,56.8,0.02,1019.8,9.7,17.2,53,2023-01-28,8
2023-01-28 09:00:00,58.5,97,57.7,0.098,1019.8,6.4,17.9,63,2023-01-28,9
2023-01-28 10:00:00,60.5,96,59.5,0.13,1020.2,8.2,14.3,63,2023-01-28,10
2023-01-28 11:00:00,61.7,96,60.5,0.051,1020.7,10.5,17.2,61,2023-01-28,11
2023-01-28 12:00:00,64.0,92,61.7,0.028,1020.3,13.7,23.0,53,2023-01-28,12
2023-01-28 13:00:00,66.2,90,63.0,0.055,1019.2,13.3,24.8,61,2023-01-28,13
2023-01-28 14:00:00,66.8,87,63.0,0.185,1018.1,12.8,23.5,63,2023-01-28,14
2023-01-28 15:00:00,67.2,85,62.6,0.012,1017.1,12.5,22.6,51,2023-01-28,15
2023-01-28 16:00:00,67.8,82,62.2,0.0,1016.5,11.9,21.7,3,2023-01-28,16
2023-01-28 17:00:00,68.7,78,61.5,0.0,1016.2,12.3,21.5,3,2023-01-28,17
2023-01-28 18:00:00,68.5,76,60.7,0.0,1016.3,11.3,21.5,3,2023-01-28,18
2023-01-28 19:00:00,67.7,84,62.6,0.0,1016.7,12.5,23.0,3,2023-01-28,19
2023-01-28 20:00:00,67.2,86,63.0,0.004,1016.8,12.5,23.0,51,2023-01-28,20
2023-01-28 21:00:00,66.9,87,63.0,0.008,1017.1,13.1,22.6,51,2023-01-28,21
2023-01-28 22:00:00,66.1,91,63.5,0.012,1017.5,12.9,23.3,51,2023-01-28,22
2023-01-28 23:00:00,65.6,93,63.6,0.012,1017.9,11.4,22.1,51,2023-01-28,23
2023-01-29 00:00:00,65.1,95,63.7,0.008,1017.7,9.8,20.4,51,2023-01-29,0
2023-01-29 01:00:00,65.1,95,63.7,0.008,1017.5,8.3,16.8,51,2023-01-29,1
2023-01-29 02:00:00,64.4,95,63.0,0.051,1016.9,7.2,16.1,61,2023-01-29,2
2023-01-29 03:00:00,65.6,94,63.8,0.008,1016.5,8.6,15.2,51,2023-01-29,3
2023-01-29 04:00:00,65.1,95,63.6,0.0,1016.3,9.1,16.1,3,2023-01-29,4
2023-01-29 05:00:00,63.9,97,62.9,0.0,1016.0,9.0,15.9,3,2023-01-29,5
2023-01-29 06:00:00,63.2,98,62.5,0.0,1015.9,6.4,15.4,3,2023-01-29,6
2023-01-29 07:00:00,65.4,93,63.4,0.0,1015.6,6.3,11.0,3,2023-01-29,7
2023-01-29 08:00:00,63.7,98,63.0,0.244,1015.6,3.4,10.7,63,2023-01-29,8
2023-01-29 09:00:00,64.1,98,63.5,0.016,1016.3,4.6,10.7,51,2023-01-29,9
2023-01-29 10:00:00,65.0,97,64.0,0.004,1016.8,10.8,18.3,51,2023-01-29,10
2023-01-29 11:00:00,67.5,93,65.2,0.004,1016.6,6.7,18.3,51,2023-01-29,11
2023-01-29 12:00:00,68.4,89,65.2,0.008,1016.5,3.5,13.2,51,2023-01-29,12
2023-01-29 13:00:00,68.6,93,66.5,0.134,1016.1,2.7,14.1,63,2023-01-29,13
2023-01-29 14:00:00,67.9,96,66.7,0.398,1014.6,4.0,11.6,65,2023-01-29,14
2023-01-29 15:00:00,68.3,94,66.6,0.15,1013.8,4.9,14.1,63,2023-01-29,15
2023-01-29 16:00:00,69.2,88,65.4,0.008,1013.7,6.3,11.9,51,2023-01-29,16
2023-01-29 17:00:00,70.0,84,64.8,0.004,1013.9,4.3,12.8,51,2023-01-29,17
2023-01-29 18:00:00,69.1,88,65.3,0.0,1014.5,5.3,10.1,1,2023-01-29,18
2023-01-29 19:00:00,66.6,95,65.1,0.0,1015.3,6.9,9.6,1,2023-01-29,19
2023-01-29 20:00:00,65.6,96,64.4,0.0,1016.1,6.8,11.6,3,2023-01-29,20
2023-01-29 21:00:00,64.7,97,63.7,0.0,1016.7,6.9,12.1,1,2023-01-29,21
2023-01-29 22:00:00,60.9,99,60.5,0.0,1017.9,10.2,17.0,3,2023-01-29,22
2023-01-29 23:00:00,56.4,96,55.3,0.0,1018.8,10.9,20.8,3,2023-01-29,23
2023-01-30 00:00:00,54.4,95,53.2,0.0,1019.2,9.7,19.5,3,2023-01-30,0
2023-01-30 01:00:00,52.9,94,51.3,0.0,1019.2,8.4,17.4,3,2023-01-30,1
2023-01-30 02:00:00,51.7,93,49.7,0.0,1019.1,9.3,17.2,3,2023-01-30,2
2023-01-30 03:00:00,51.1,91,48.7,0.0,1019.0,9.5,17.9,3,2023-01-30,3
2023-01-30 04:00:00,50.6,91,48.1,0.0,1018.9,8.8,17.4,3,2023-01-30,4
2023-01-30 05:00:00,50.5,91,47.9,0.0,1019.1,8.2,16.3,3,2023-01-30,5
2023-01-30 06:00:00,50.3,90,47.6,0.0,1019.7,7.8,14.5,3,2023-01-30,6
2023-01-30 07:00:00,45.1,90,42.3,0.0,1020.2,8.7,14.5,3,2023-01-30,7
2023-01-30 08:00:00,44.2,90,41.5,0.0,1021.1,8.5,16.1,3,2023-01-30,8
2023-01-30 09:00:00,43.7,93,41.9,0.02,1021.4,7.9,16.3,53,2023-01-30,9
2023-01-30 10:00:00,43.8,93,42.0,0.008,1022.5,8.4,15.7,51,2023-01-30,10
2023-01-30 11:00:00,44.0,95,42.5,0.039,1023.2,10.5,19.2,55,2023-01-30,11
2023-01-30 12:00:00,44.7,96,43.7,0.024,1023.3,9.3,20.1,53,2023-01-30,12
2023-01-30 13:00:00,46.0,92,44.0,0.008,1022.5,9.6,17.9,51,2023-01-30,13
2023-01-30 14:00:00,47.6,91,45.0,0.004,1021.4,9.4,19.0,51,2023-01-30,14
2023-01-30 15:00:00,47.6,92,45.3,0.035,1020.7,9.2,24.6,53,2023-01-30,15
2023-01-30 16:00:00,48.5,90,45.6,0.0,1020.4,8.6,17.7,3,2023-01-30,16
2023-01-30 17:00:00,48.8,89,45.8,0.0,1020.3,8.5,17.0,3,2023-01-30,17
2023-01-30 18:00:00,49.3,88,46.0,0.0,1020.7,7.8,16.1,3,2023-01-30,18
2023-01-30 19:00:00,40.3,87,36.9,0.0,1022.0,9.6,15.7,3,2023-01-30,19
2023-01-30 20:00:00,39.9,92,37.7,0.024,1022.2,8.5,24.2,53,2023-01-30,20
2023-01-30 21:00:00,39.5,98,38.8,0.012,1023.0,9.3,16.6,51,2023-01-30,21
2023-01-30 22:00:00,39.5,94,37.9,0.004,1023.1,9.7,18.6,51,2023-01-30,22
2023-01-30 23:00:00,39.6,94,37.8,0.004,1023.3,9.9,18.6,51,2023-01-30,23
2023-01-31 00:00:00,39.6,93,37.6,0.0,1023.1,9.2,18.3,3,2023-01-31,0
2023-01-31 01:00:00,39.4,94,37.7,0.0,1023.2,9.4,17.7,3,2023-01-31,1
2023-01-31 02:00:00,39.2,94,37.7,0.0,1022.5,9.8,17.7,3,2023-01-31,2
2023-01-31 03:00:00,39.1,95,37.7,0.0,1022.3,9.2,18.1,3,2023-01-31,3
2023-01-31 04:00:00,39.2,94,37.7,0.004,1022.2,9.9,17.7,51,2023-01-31,4
2023-01-31 05:00:00,39.2,94,37.7,0.004,1022.2,10.4,19.0,51,2023-01-31,5
2023-01-31 06:00:00,39.5,93,37.7,0.004,1022.5,10.3,19.0,51,2023-01-31,6
2023-01-31 07:00:00,36.8,95,35.5,0.004,1022.8,9.9,18.6,51,2023-01-31,7
2023-01-31 08:00:00,37.0,94,35.5,0.0,1023.0,11.0,19.5,3,2023-01-31,8
2023-01-31 09:00:00,37.8,97,37.0,0.016,1023.8,8.8,20.4,51,2023-01-31,9
2023-01-31 10:00:00,39.3,94,37.7,0.024,1023.6,9.7,18.6,53,2023-01-31,10
2023-01-31 11:00:00,40.8,97,39.9,0.008,1025.0,9.5,18.6,51,2023-01-31,11
2023-01-31 12:00:00,41.3,93,39.5,0.02,1025.5,9.3,19.9,53,2023-01-31,12
2023-01-31 13:00:00,41.4,97,40.5,0.031,1024.8,10.5,19.9,53,2023-01-31,13
2023-01-31 14:00:00,42.1,93,40.1,0.016,1023.8,10.0,19.2,51,2023-01-31,14
2023-01-31 15:00:00,42.6,92,40.4,0.004,1023.1,11.8,22.1,51,2023-01-31,15
2023-01-31 16:00:00,43.6,89,40.5,0.0,1022.5,11.9,23.3,3,2023-01-31,16
2023-01-31 17:00:00,43.7,87,40.0,0.0,1022.7,10.3,22.1,3,2023-01-31,17
2023-01-31 18:00:00,43.2,87,39.6,0.0,1023.3,10.0,19.7,3,2023-01-31,18
2023-01-31 19:00:00,37.9,90,35.3,0.0,1024.8,9.9,18.8,3,2023-01-31,19
2023-01-31 20:00:00,37.8,89,34.9,0.0,1025.1,10.4,19.0,3,2023-01-31,20
2023-01-31 21:00:00,37.6,89,34.7,0.0,1025.3,10.6,19.2,3,2023-01-31,21
2023-01-31 22:00:00,38.3,88,35.0,0.0,1025.0,11.3,20.4,3,2023-01-31,22
2023-01-31 23:00:00,39.0,89,36.0,0.004,1025.8,9.8,20.1,51,2023-01-31,23
